source_id,x,y,flux,flux_err,snr,peak,fwhm,sharpness,roundness1,roundness2,local_background,local_rms,edge_distance,n_saturated_pixels,saturated,edge,centroid_method,saturated_core_axis_ratio,saturated_core_area,duplicate_of,accepted,rejection_reasons
1,569.0027778,83.78055556,66191.99418,643.5877409,102.8484385,244.0094604,15.47273866,0.3740070067,-0.3568708897,-0.3542698555,8.379292488,5.211035728,83.78055556,179,true,false,saturated_core,0.6974312451,360,None,true,
2,38.12135922,761.0072816,66124.96131,407.3155788,162.343315,245.6221619,15.41404883,0.3892648481,0.06488937885,-0.3097719425,7.813465595,3.314317942,38.12135922,205,true,false,saturated_core,0.7554880326,412,None,true,
3,1867.107034,842.8440367,65940.64425,504.2994996,130.7569099,244.2481537,15.43578561,0.4198839056,-0.2415255606,0.258144486,9.698608398,4.101324558,691.8929664,190,true,false,saturated_core,0.7965170704,327,None,true,
4,1394.656028,1547.276596,65685.352,488.5176955,134.4584907,244.6544952,15.39307749,0.3513303631,0.432754755,-0.1372604954,10.35701942,3.974744797,371.7234043,187,true,false,saturated_core,0.8611741109,282,None,true,
5,1508.299776,297.4407159,65684.93945,512.9752928,128.0469847,240.5221863,15.52469656,0.3863423141,-0.6012743711,-0.3505377704,10.26731682,4.174489498,297.4407159,197,true,false,saturated_core,0.803872612,447,None,true,
6,1997.862237,510.4619125,65637.96328,470.6244317,139.4699443,238.1012573,15.59784117,0.3997240302,0.08156907558,-0.03232853222,9.916789055,3.828472853,510.4619125,208,true,false,saturated_core,0.7779672833,617,None,true,
7,265.5588235,405.1199095,65588.54157,490.3107199,133.7693404,242.656189,15.4449352,0.3504738744,-0.1612547189,0.8045952644,10.31676197,3.990621328,265.5588235,181,true,false,saturated_core,0.7358020077,442,None,true,
8,223.1995413,754.6743119,65586.24974,489.1482817,134.0825516,244.6567993,15.38138859,0.4103390702,-0.04399755597,-0.2007081024,10.3095026,3.977662563,223.1995413,186,true,false,saturated_core,0.7605709861,436,None,true,
9,1598.73913,1038.186957,65501.40761,497.1601055,131.7511339,243.0388794,15.42251599,0.4217726352,0.3913760483,-0.2667621137,9.614984512,4.045071602,880.8130435,186,true,false,saturated_core,0.7899235742,230,None,true,
10,651.2165775,197.0668449,64603.63118,1756.008893,36.79003645,242.1772766,15.34368093,,,,13.4511137,14.50069618,197.0668449,256,true,false,saturated_core,0.8249868885,1122,None,true,
11,2125.911243,1210.106509,64571.97822,485.6634916,132.9562121,244.2100372,15.27594481,0.3653873537,0.3786082864,-0.3925204337,9.79176712,3.949856997,433.0887574,165,true,false,saturated_core,0.7930663814,169,None,true,
12,2231.534884,793.9116279,64140.28478,401.1285119,159.8995905,239.1355743,15.38548312,0.4307621456,-0.04349155352,0.9071445658,10.41220379,3.225661993,327.4651163,165,true,false,saturated_core,0.8204003587,215,None,true,
13,2115.140271,164.9819005,63655.32437,473.1951403,134.5223544,244.7777405,15.1495313,0.3654344942,-0.4121706486,-0.5080337269,9.105234146,3.849963188,164.9819005,164,true,false,saturated_core,0.7211445584,221,None,true,
14,1909.711268,1478.978873,63565.3265,452.8821012,140.3573388,242.6138611,15.20617997,0.4033556459,0.1776737869,-0.340124067,9.359550476,3.683037519,440.0211268,143,true,false,saturated_core,0.8563958937,142,None,true,
15,2124.961326,799.281768,63043.02541,1442.510308,43.70369144,241.2439423,15.18651435,0.377291439,-0.291903913,0.9109295546,10.84942055,11.85089397,434.038674,162,true,false,saturated_core,0.8547494345,181,None,true,
16,1014.022727,1240.454545,63028.95744,484.3323084,130.1357691,241.8661499,15.16527555,0.3776204073,-0.8822945356,-0.1933453725,10.06176567,3.939319134,678.5454545,163,true,false,saturated_core,0.6940544524,176,None,true,
17,509.6258503,246.5238095,62946.80473,504.9415872,124.6615575,242.1660767,15.14600102,0.3542212268,-0.7940338254,-0.08178226692,9.768023491,4.113122463,246.5238095,147,true,false,saturated_core,0.9058171189,147,None,true,
18,569.4301676,1188.541899,62722.73992,463.6375809,135.2839858,242.9375,15.09499667,0.4071899275,-0.3910720646,-0.9784655596,9.423213959,3.772605419,569.4301676,167,true,false,saturated_core,0.7501143965,179,None,true,
19,1342.92,1277.062857,62556.0257,474.4547071,131.848256,243.6741638,15.05211828,0.383312597,0.1069807112,-0.5774316444,9.332233429,3.859965563,641.9371429,168,true,false,saturated_core,0.7710785051,175,None,true,
20,433.2708333,1584.03125,62212.36773,473.9226473,131.2711433,239.0007629,15.1567648,0.4040672567,-0.5184984803,-1.151264163,9.673650742,3.854811668,334.96875,165,true,false,saturated_core,0.7008437742,192,None,true,
21,673.7070064,1401.165605,62132.70142,445.2001519,139.5612763,244.1619263,14.98611071,0.3494528633,-0.3455553651,-1.000210528,9.501068115,3.62157464,517.8343949,150,true,false,saturated_core,0.7633062425,157,None,true,
22,1914.66242,489.4140127,62016.95646,472.8344154,131.1599885,242.6477966,15.01878632,0.3959746218,0.3050378859,1.244192352,9.717485428,3.847494841,489.4140127,142,true,false,saturated_core,0.7543269696,157,None,true,
23,367.6031746,1342.068783,61914.10117,481.7746297,128.5125811,241.3049774,15.04802264,0.3555847807,-0.2742375135,-0.9551797162,9.698261261,3.919470549,367.6031746,165,true,false,saturated_core,0.7564012407,189,None,true,
24,339.3402778,1843.791667,60098.51752,509.9114496,117.8606944,242.5361481,14.78806775,0.4376873851,-0.58015728,-1.508529443,9.448914528,4.148438454,75.20833333,135,true,false,saturated_core,0.7572849298,144,None,true,
25,2465.503497,478.8111888,59730.75248,461.9309375,129.3066726,243.8136292,14.70407785,0.4013742503,0.5281147957,1.381118381,9.16823101,3.757788181,93.4965035,129,true,false,saturated_core,0.6622972659,143,None,true,
26,1980.6,713.4275862,59624.12607,482.5136082,123.5698332,244.6740265,14.66509459,0.352245359,0.3891056776,0.9829617539,9.671099663,3.926295042,578.4,137,true,false,saturated_core,0.6991584214,145,None,true,
27,2229.322314,1708.016529,59573.23822,468.9433599,127.0371719,245.0321045,14.64812032,0.3157992437,0.1686588973,0.305813433,9.617920876,3.815394402,210.9834711,118,true,false,saturated_core,0.7807891873,121,None,true,
28,934.1967213,66.7295082,58043.26849,425.6009301,136.3795621,246.1923828,14.42468753,0.413189833,-0.1541479826,0.009585775377,6.725523472,3.463025808,66.7295082,122,true,false,saturated_core,0.8879607339,122,None,true,
29,1626.273504,197.9059829,58003.21579,460.0230754,126.0876223,245.2375488,14.44775414,0.3602577472,0.2429003567,0.5877597895,8.568544388,3.741387844,197.9059829,117,true,false,saturated_core,0.6975822903,117,None,true,
30,1835.105263,975.3070175,57370.36997,471.4861593,121.6798602,238.4488525,14.57182667,0.4424156076,0.7196414471,0.8935494594,9.536251068,3.835755348,723.8947368,110,true,false,saturated_core,0.7147335765,114,None,true,
31,1688.142857,1458.983193,57166.62384,491.3015911,116.3574979,243.3221283,14.39952807,0.3820639079,-0.1539839357,-0.3219806147,10.00540352,3.997262716,460.0168067,117,true,false,saturated_core,0.7858366723,119,None,true,
32,1502.435088,288.2666525,57045.68253,511.2369387,111.5836479,239.6477661,14.49414119,0.4349883884,0.0633103177,0.4800840107,10.3298378,4.158247471,288.2666525,137,true,false,daofind,0.803872612,447,5,false,duplicate_of_saturated_source
33,562.5934959,53.72357724,56742.71172,535.6583447,105.9307902,243.4869843,14.34118235,0.4177679218,0.1001853198,0.7134336943,7.872739792,4.361542225,53.72357724,123,true,false,saturated_core,0.9679640679,123,None,true,
34,262.6678822,393.9870042,56721.49841,489.8342648,115.7973267,236.9867859,14.53381313,0.4238763162,0.2785605192,0.1259531113,10.33628654,3.986149788,262.6678822,138,true,false,daofind,0.7358020077,442,7,false,duplicate_of_saturated_source
35,1276.533769,920.7494553,54923.62074,1138.664805,48.23510877,217.2288513,14.93786798,0.4160184782,0.7590374947,1.333934661,33.92168045,9.280819893,920.7494553,144,true,false,saturated_core,0.3425044995,459,None,false,elongated_saturated_region
36,670.474803,198.8062344,54478.33308,1782.553595,30.56196079,236.2785339,14.26486157,0.4199747939,-0.2575634122,-0.03856501111,13.47222805,14.50069618,198.8062344,109,true,false,daofind,0.8249868885,1122,10,false,duplicate_of_saturated_source
37,2003.02268,526.0406051,54163.21146,468.7834693,115.5399348,238.7560577,14.14955539,0.4640660814,-0.1855031997,-0.2189581948,9.914129257,3.813352346,526.0406051,120,true,false,daofind,0.7779672833,617,6,false,duplicate_of_saturated_source
38,653.3924525,218.5035191,54147.06712,1661.741722,32.58452647,232.8470764,14.32583234,0.3936451042,-0.4237809777,-0.1073162071,13.23345757,13.51454353,218.5035191,120,true,false,daofind,0.8249868885,1122,10,false,duplicate_of_saturated_source
39,847.2222222,151.3737374,53811.61466,428.7080592,125.5204177,244.9349823,13.92452513,0.335930317,-0.4666039944,-0.5219796878,8.614234924,3.480531454,151.3737374,99,true,false,saturated_core,0.8703669548,99,None,true,
40,1234.745174,943.6254826,52260.74487,1170.805055,44.6365897,217.2891235,14.5692298,0.420858822,0.5319220424,1.335212632,34.79473877,9.53917408,943.6254826,144,true,false,saturated_core,0.363447737,518,None,false,elongated_saturated_region
41,217.2067383,763.5382284,52240.44204,502.7345944,103.9125666,243.5852051,13.75769757,0.3456841545,-0.03289360926,-0.3953661446,10.41982555,4.092335701,217.2067383,105,true,false,daofind,0.7605709861,436,8,false,duplicate_of_saturated_source
42,803.0963855,1481.096386,51246.73586,465.2463779,110.1496719,244.5310822,13.59984188,0.3144504754,-0.4614802897,-0.6500991764,9.449011803,3.785344362,437.9036145,83,true,false,saturated_core,0.7574411404,83,None,true,
43,779.939759,1876.662651,49513.63698,447.6540572,110.6069211,244.7228088,13.36266188,0.3521306558,-0.970236063,-0.5936753832,8.282485962,3.64133215,42.3373494,83,true,false,saturated_core,0.6709094552,83,None,true,
44,338.3888889,1438.569444,48527.63399,489.2353082,99.19078445,241.0272217,13.32997397,0.3790971884,-0.7413386106,-0.6024372128,9.641911507,3.980046511,338.3888889,72,true,false,saturated_core,0.6899555432,72,None,true,
45,144,758.4444444,48421.76799,510.7867527,94.79840214,244.6051788,13.21768164,0.3805035577,-0.2425074428,0.02895217906,9.304775238,4.148459911,144,72,true,false,saturated_core,0.7384033964,72,None,true,
46,2152.72,811.3866667,48025.06775,1235.332711,38.87622123,239.0622559,13.31515653,0.4056095318,-0.517611146,0.5906043965,10.90892887,10.11603069,406.28,75,true,false,saturated_core,0.623555086,75,None,true,
47,145.3661972,1052.394366,47707.99067,457.085813,104.3742538,241.6583862,13.19965005,0.3961153128,-0.604820013,-0.5720903733,8.752715111,3.719130278,145.3661972,71,true,false,saturated_core,0.7067958382,71,None,true,
48,661.2531646,879.6329114,46918.92663,457.9914388,102.4449862,240.8993073,13.11064471,0.3606786052,-0.218709439,0.03131902885,9.756755829,3.724383354,661.2531646,79,true,false,saturated_core,0.9170976894,79,None,true,
49,901.2711864,1738.40678,46829.54385,454.4270317,103.0518446,235.2089539,13.25564389,0.3881758063,-0.8806630373,-0.6726636225,8.846565247,3.696426868,180.5932203,59,true,false,saturated_core,0.7422185292,59,None,true,
50,2268.849057,28.24528302,46732.06382,420.3375546,111.1774651,241.4572296,13.06938536,0.3320888396,-0.08423223346,-0.2761623191,8.176726341,3.418640852,28.24528302,53,true,false,saturated_core,0.6815400665,53,None,true,
51,1417.625,1664.703125,46443.83242,464.5629265,99.97317859,240.0382538,13.06747221,0.3953049091,-0.7359158993,-0.566031363,9.671998024,3.77772665,254.296875,64,true,false,saturated_core,0.6284779335,64,None,true,
52,1899.508197,859.7704918,45294.12418,519.1397013,87.24843057,245.1598663,12.76921017,0.3519434701,-0.3086908758,0.2474761752,9.791052818,4.225347996,659.4918033,61,true,false,saturated_core,0.7055782273,61,None,true,
53,811.8225806,1580.322581,44364.71999,470.0106472,94.39088296,243.9965057,12.66761509,0.3738438669,-0.8369221687,-0.2000206133,9.669008255,3.823939562,338.6774194,62,true,false,saturated_core,0.8862439843,62,None,true,
54,1669.735849,410.8490566,43651.2265,472.4581743,92.39172665,244.3366699,12.55658931,0.3853840305,-0.277072221,-0.3172342031,9.982269287,3.843853235,410.8490566,53,true,false,saturated_core,0.6646821911,53,None,true,
55,907.6461538,1091.6,43245.23984,458.135799,94.39393285,243.1572876,12.52833333,0.3717648439,-0.6296616197,-0.1854608329,9.522172928,3.725911856,827.4,65,true,false,saturated_core,0.9544717746,65,None,true,
56,2476.863636,431.1818182,43059.91836,466.5497781,92.2943711,245.0027771,12.45428751,0.3439583238,-0.2455186546,-0.6575562101,9.011766434,3.795388937,82.13636364,44,true,false,saturated_core,0.5577780674,44,None,true,
57,1367.08,1382.3,42673.08574,449.9587983,94.8377627,242.5799408,12.45998074,0.3847872189,-0.6317238808,-0.5984384004,9.38285923,3.658623934,536.7,50,true,false,saturated_core,0.6324606911,50,None,true,
58,1437.807692,1197.826923,42403.56857,461.496574,91.88273752,244.6278534,12.36847174,0.4114337634,-0.0114439074,0.1423912553,9.372232437,3.754212618,721.1730769,52,true,false,saturated_core,0.76085542,52,None,true,
59,2172.977778,909.0888889,42353.57348,471.424135,89.84175893,242.8396301,12.40660736,0.4304172544,-0.6934996247,0.4606664999,9.846431732,3.830138206,386.0222222,45,true,false,saturated_core,0.5863954605,45,None,true,
60,1426.538462,706.9615385,42185.59176,451.0945188,93.51829828,244.3324432,12.34409609,0.3255816482,-0.1837467104,-0.4390793944,9.635193825,3.670504093,706.9615385,52,true,false,saturated_core,0.8034853756,52,None,true,
61,664.34,39.98,42143.01998,838.5752265,50.2555032,245.780426,12.30146883,0.4164156243,0.1555102915,0.2223523157,8.224738121,6.835444927,39.98,50,true,false,saturated_core,0.7826897915,50,None,true,
62,120.8571429,467.4285714,41574.02092,443.0211138,93.84207576,244.9988251,12.23761551,0.3335564176,0.0278612636,-0.1934284676,8.620720863,3.604269981,120.8571429,49,true,false,saturated_core,0.6494819944,49,None,true,
63,877.3809524,204.4047619,41563.97986,438.3354095,94.8223186,242.549942,12.29775297,0.3625035975,0.01525362581,-0.2758683465,9.423039436,3.564020634,204.4047619,42,true,false,saturated_core,0.8315021791,42,None,true,
64,1338.638298,211.8510638,41433.67799,462.5111918,89.584163,241.6233063,12.30198298,0.4138196351,-0.06403762847,-0.132390743,9.648674965,3.763074875,211.8510638,47,true,false,saturated_core,0.8841195575,47,None,true,
65,1439.395349,1754.209302,40958.18952,445.6869204,91.89901621,245.2914276,12.13939324,0.3385650466,-0.2512706518,0.002557652188,8.732988358,3.625396013,164.7906977,43,true,false,saturated_core,0.6781741159,43,None,true,
66,1117.707317,25.3902439,39365.74147,459.995454,85.57854459,247.3397522,11.85168356,0.3698901721,0.113564983,0.1139737705,7.323359013,3.740034342,25.3902439,41,true,false,saturated_core,0.6548356771,41,None,true,
67,381.2564103,1268.179487,38932.64015,467.0937381,83.35080729,242.9041443,11.89343369,0.3265112306,-0.1656023264,-0.04923429323,9.409017563,3.798463583,381.2564103,39,true,false,saturated_core,0.7313620984,39,None,true,
68,693,1406.375,38458.85587,447.317775,85.97658761,245.1883545,11.7656534,0.3282744977,-0.03984729201,0.3292264376,9.480317116,3.638738394,512.625,32,true,false,saturated_core,0.7742865589,32,None,true,
69,385.7631579,642.6578947,38191.48191,486.0541169,78.57454671,243.3368378,11.76920466,0.346110397,0.1047640219,-0.1617305484,9.995456696,3.955029249,385.7631579,38,true,false,saturated_core,0.8667291532,38,None,true,
70,1269.809109,971.861523,37485.81793,1010.130562,37.10987403,124.1493607,16.32409231,0.5426046642,-0.6612380147,-0.3663710034,28.94782639,8.217449188,947.138477,0,false,false,daofind,,0,None,false,extended
71,1881.296296,1445.333333,37275.02379,458.5007115,81.29763567,245.6756439,11.57166102,0.3281484246,-0.4553053081,-0.03658282566,9.320739746,3.728827715,473.6666667,27,true,false,saturated_core,0.469791069,27,None,true,
72,934.8378378,1848.567568,36912.23118,461.3325583,80.01219624,244.7979584,11.53583519,0.3168471228,-0.3489701748,0.2252042921,8.212601662,3.753144264,70.43243243,37,true,false,saturated_core,0.6922923281,37,None,true,
73,161.7027027,407.7567568,36856.41102,453.3230194,81.30275641,244.2705536,11.5395468,0.3018936957,0.1601750553,-0.02641618901,9.377966881,3.686429262,161.7027027,37,true,false,saturated_core,0.6255074466,37,None,true,
74,944.6111111,1648.333333,36716.45335,460.7743837,79.684233,244.3577423,11.51556099,0.2662306179,-0.3782911003,0.199658986,9.645143509,3.748078108,270.6666667,18,true,false,saturated_core,0.5318094117,18,None,true,
75,2047.060606,887.1818182,36515.20952,465.9761333,78.36283216,244.3513336,11.48410968,0.3292229611,0.0447193794,-0.823602973,9.672332764,3.783884287,511.9393939,33,true,false,saturated_core,0.5862782448,33,None,true,
76,1502.285714,1010.928571,35302.83409,486.1585813,72.61588183,244.7390289,11.28290573,0.2750151654,-0.4595627189,0.2990482156,9.587645531,3.954489231,908.0714286,28,true,false,saturated_core,0.7387017249,28,None,true,
77,2554.757576,863.2727273,34325.13561,397.4470065,86.36405621,246.633606,11.08275658,0.3051025937,0.55052948,1.153830687,8.368702888,3.592295408,4.242424242,33,true,true,saturated_core,0.3975069387,33,None,false,too_close_to_edge
78,2400.285714,1816,33638.40094,443.2917341,75.88321269,244.6689148,11.01529325,0.4421933936,0.2648822367,0.5106975753,8.331092834,3.605806589,103,21,true,false,saturated_core,0.9355878769,7,None,true,
79,2552,550.7,33480.06486,451.6051503,74.13570203,245.1887054,10.97768349,0.2704283207,0.3128994107,-0.3765232787,8.811291695,3.768096209,7,20,true,true,saturated_core,0.6163324683,20,None,false,too_close_to_edge
80,729.9032258,1087.16129,33466.25756,475.7091009,70.35025711,244.6226501,10.98811082,0.2971603439,-0.5632145405,-0.01097469281,9.713842392,3.870543718,729.9032258,31,true,false,saturated_core,0.8383439847,31,None,true,
81,191.6842105,1206.526316,33449.80642,464.655529,71.98839642,244.4134979,10.99010903,0.3035155482,-0.2680510283,0.09476696534,8.921357155,3.78102994,191.6842105,19,true,false,saturated_core,0.5833301876,19,None,true,
82,320.1111111,1402.388889,32436.68564,487.1957432,66.57834369,245.4111176,10.80037685,0.2875680141,-0.03139314428,0.3469714423,9.586271286,3.962925911,320.1111111,18,true,false,saturated_core,0.6494629467,18,None,true,
83,2295.2,1313.85,32147.08111,464.665896,69.18321613,239.2941284,10.88861248,0.377829447,0.4107168913,-0.4941892028,9.710120201,3.779305696,263.8,20,true,false,saturated_core,0.488129062,20,None,true,
84,789.5294118,156.5882353,31749.2659,565.2916438,56.16439982,245.3236084,10.68722522,0.2711959575,0.1642345488,-0.005776566951,9.343061447,4.553649902,156.5882353,17,true,false,saturated_core,0.8707584982,17,None,true,
85,2119.111111,1030.222222,31682.10077,466.9325827,67.85155276,243.0355988,10.72605031,0.418522306,-0.6507782936,-0.8827800972,9.295431137,3.796323538,439.8888889,22,true,false,saturated_core,0.5483356442,9,None,true,
86,2514.363636,1690.818182,31130.46191,453.6440808,68.62309733,243.7509003,10.61664897,0.4074325683,0.2850238383,-0.2007659412,8.91703701,3.690262079,44.63636364,11,true,false,saturated_core,0.5834214169,11,None,true,
87,2029.142857,1798.285714,31067.11572,475.153369,65.38334303,238.7591095,10.71613762,0.3970806047,-0.1394810528,-0.0356987406,8.586894989,3.865514994,120.7142857,7,true,false,saturated_core,0.7247874952,7,None,true,
88,369.55,959.8,29254.16849,450.7694572,64.8982934,243.5783386,10.29537896,0.3106556217,0.2038376331,0.6317898753,9.754983902,3.666961193,369.55,20,true,false,saturated_core,0.7007737041,20,None,true,
89,1648.916667,1661.416667,28960.29307,472.277233,61.320536,244.5656281,10.22283982,0.3720188802,-0.4624405801,-0.001571093625,9.4357481,3.842585325,257.5833333,12,true,false,saturated_core,0.6685579234,12,None,true,
90,642.375,550.25,28899.17628,454.5596322,63.57620481,244.2750549,10.21811914,0.2922307483,-0.04108627513,0.02816231468,9.729908943,3.697639227,550.25,16,true,false,saturated_core,0.8691997387,16,None,true,
91,1955.666667,1802.666667,27932.17628,463.8794923,60.21429432,242.2786407,10.08701375,0.4218364468,-0.3843306303,-0.3428163101,8.388034821,3.774016142,116.3333333,3,true,false,saturated_core,0.6831300511,3,None,true,
92,1964.875,340.6875,27624.43866,486.013265,56.83885739,243.1526642,10.01324874,0.337596766,0.0650100261,-0.05993662501,9.847337723,3.954393864,340.6875,16,true,false,saturated_core,0.9289447051,16,None,true,
93,2420.8,1439.6,27579.88893,478.7357613,57.60983648,241.1975403,10.04563996,0.4147829189,-0.03575495258,-0.9325775509,9.469127655,3.894691467,138.2,7,true,false,saturated_core,0.6439209162,5,None,true,
94,135.3,1114.4,27424.96424,453.9343371,60.41614832,241.1249847,10.01889253,0.357377789,-0.009208297357,0.324694389,8.183891296,3.692816973,135.3,10,true,false,saturated_core,0.5,10,None,true,
95,1945.9375,645.3125,27331.51104,454.0479446,60.19520925,243.6338806,9.950176162,0.3148713683,-0.1509979963,-0.18050336,9.701825142,3.693295956,613.0625,16,true,false,saturated_core,0.7184212081,16,None,true,
96,934.9090909,1700.363636,26869.86365,460.0969139,58.40044313,245.0251007,9.837737566,0.3318237658,-0.126051873,0.6091102596,9.308232307,3.743412256,218.6363636,11,true,false,saturated_core,0.728834231,11,None,true,
97,1216.125,1237.125,26273.86111,484.20929,54.26137345,245.5441742,9.717732107,0.3029468021,-0.3330847323,-0.02140510712,9.455824852,3.939451933,681.875,8,true,false,saturated_core,0.8139410298,8,None,true,
98,2267,1542,25927.14901,486.0829333,53.33894123,228.8163757,10.00003731,0.4529317589,-0.4381918907,-0.5494648886,10.51600838,3.952201843,292,3,true,false,saturated_core,0.3333333333,3,None,true,
99,3.571428571,1590.428571,25420.24586,361.9907364,70.22347067,247.7335815,9.516236407,0.3086879131,0.2810370922,1.013208829,6.928600311,3.35699296,3.571428571,10,true,true,saturated_core,0.4976154341,7,None,false,too_close_to_edge
100,1231.485253,429.7370415,25413.68347,469.0647321,54.17948043,203.0417328,10.51015068,0.4770974362,-0.3496782482,0.1109413265,9.625112534,3.815125227,429.7370415,0,false,false,daofind,,0,None,true,
101,1937.125,402.125,25215.23355,481.1411381,52.40714534,245.3540649,9.523633162,0.3372713479,-0.1942825168,-0.1852543722,9.645940781,3.914098024,402.125,8,true,false,saturated_core,0.8139410298,8,None,true,
102,1917.666667,1681.666667,25035.1865,476.9187161,52.49361297,237.0060272,9.655249706,0.4494357809,-0.4720924795,0.1181585599,9.66048336,3.880097389,237.3333333,3,true,false,saturated_core,0.6831300511,3,None,true,
103,2073.090909,574.3636364,24606.62232,460.2332586,53.4655457,242.9057617,9.45529065,0.3542764639,0.1044126153,-0.07221072462,9.430778503,3.743152618,485.9090909,11,true,false,saturated_core,0.728834231,11,None,true,
104,1202.631579,896.8947368,24207.96593,1111.878081,21.77214061,221.3388214,9.824673873,0.2878955911,-0.2365204096,0.1625898945,33.32785416,9.085178375,896.8947368,19,true,false,saturated_core,0.8088149112,19,None,true,
105,503.5,1065,24128.81279,475.2233059,50.77363103,244.3058777,9.336171244,0.3647908736,0.03413312882,0.294450534,9.027450562,3.866465807,503.5,6,true,false,saturated_core,0.6666666667,6,None,true,
106,1635,785.75,24077.09235,502.2555116,47.93793557,243.3208923,9.345017283,0.3818055366,-0.1855697632,-0.3036155653,9.67910862,4.085427761,785.75,4,true,false,saturated_core,0.6813851439,4,None,true,
107,466.3333333,342.6666667,23867.22987,487.1187379,48.99673942,239.6461487,9.3752654,0.4246979458,0.3416677415,0.2590137577,9.678017616,3.96177721,342.6666667,3,true,false,saturated_core,0.6831300511,3,None,true,
108,992,992.5,23762.70267,476.7753084,49.84046416,244.3347168,9.264524141,0.3464808394,-0.1473349631,0.2089202214,9.664723396,3.879893541,926.5,12,true,false,saturated_core,0.75,12,None,true,
109,765.875,76.125,23684.15719,378.0927565,62.64112916,245.7457275,9.222608416,0.3727654541,0.187614426,0.1297617833,7.28640604,3.045474291,76.125,8,true,false,saturated_core,0.8139410298,8,None,true,
110,798.4285714,1649.285714,23421.44029,467.1974998,50.13177575,243.3442993,9.216456988,0.3871156217,-0.2023046464,0.3152365375,9.325609207,3.801284075,269.7142857,7,true,false,saturated_core,0.5166073949,7,None,true,
111,91,1247.5,23370.1325,423.7882163,55.14578179,240.2527924,9.265399617,0.3864106804,-0.1260731965,0.2443157879,7.080542088,3.444393396,91,2,true,false,saturated_core,0.5,2,None,true,
112,965.52,3.12,23267.17031,366.549594,63.4761863,247.2897491,9.112478513,0.2890549375,-0.03798299283,-1.017166948,6.376924992,3.462538958,3.12,25,true,true,saturated_core,0.6875559287,25,None,false,too_close_to_edge
113,125.3333333,1344,23227.1519,422.3857944,54.99037186,246.4750977,9.119672579,0.4086009939,0.347578615,0.3261552145,8.164914131,3.434891462,125.3333333,3,true,false,saturated_core,0.6382847385,3,None,true,
114,1199,231,22883.96856,476.9659719,47.97819951,241.6669464,9.141655136,0.4144100871,0.02657528594,-0.129186358,9.66638279,3.880461454,231,1,true,false,saturated_core,1,1,None,true,
115,1588,73.75,22620.06287,412.8470464,54.79041953,246.2195892,9.004371247,0.4016725679,0.03288637847,-0.1242814587,6.780414581,3.358681917,73.75,4,true,false,saturated_core,0.6813851439,4,None,true,
116,896.2,109.4,22597.40114,431.9686245,52.31259831,237.9971466,9.154005357,0.3842322454,0.1071861759,0.1522612609,7.314379692,3.511740446,109.4,5,true,false,saturated_core,0.6439209162,5,None,true,
117,2256.135307,1743.000787,22474.47354,461.8987043,48.65671485,208.9651184,9.742617557,0.5020428157,-0.6352018714,-0.05927148483,9.698410988,3.758550406,175.9992129,0,false,false,daofind,,0,None,true,
118,1834,1366.5,22416.93936,486.2570849,46.10100305,240.5677185,9.068537925,0.4420258662,-0.6947330236,-0.443288632,9.433644295,3.955108166,552.5,4,true,false,saturated_core,0.4923027722,4,None,true,
119,1104.470588,1917.647059,22266.91438,355.823568,62.57852594,237.4324951,9.097618711,0.3981902572,-0.2444678843,-1.495960981,7.565932274,3.659044266,1.352941176,17,true,true,saturated_core,0.1912327251,17,None,false,too_close_to_edge
120,1065.4,1906.2,21954.44179,448.2887353,48.97388684,245.4263306,8.885224642,0.4387952676,-0.2103386223,0.3898884421,7.571472645,3.646309376,12.8,5,true,true,saturated_core,0.6439209162,5,None,true,
121,1383.6,1705.2,21525.92345,455.9348431,47.21271861,244.4494934,8.815645441,0.4240827594,-0.267549783,0.2119891136,9.217176437,3.709272861,213.8,5,true,false,saturated_core,0.6439209162,5,None,true,
122,1528.714286,876.5714286,21437.08482,501.9962938,42.70367149,239.8651123,8.881107157,0.4197629875,-0.3553195298,-0.4237612267,10.46821117,4.0843153,876.5714286,7,true,false,saturated_core,0.5166073949,7,None,true,
123,1245.5,473.5,21326.78686,470.7800552,45.30095661,244.6314545,8.77150985,0.3712985532,-0.0232239794,-0.07262854406,9.704037666,3.831124306,473.5,4,true,false,saturated_core,1,4,None,true,
124,1661,633.5,20229.83332,500.0177936,40.45822685,241.0037842,8.607004127,0.4509472279,-0.1363152266,-0.3163928819,9.662890434,4.06948328,633.5,2,true,false,saturated_core,0.5,2,None,true,
125,154.7948594,25.15765319,20012.76846,439.1421504,45.5724153,196.9135437,9.470732741,0.4318344529,0.383117795,0.1789625286,7.412202358,3.572191,25.15765319,0,false,false,daofind,,0,None,true,
126,1248.5,1638,19823.81951,485.8740149,40.80032869,241.9189758,8.504063407,0.4573901101,-0.5917726755,0.1261306252,9.744310379,3.952914953,281,4,true,false,saturated_core,0.4923027722,4,None,true,
127,1577,1727.5,19804.62741,454.7793504,43.54777188,236.5579376,8.595722081,0.4808522359,-0.3398505747,0.1680905111,9.108586311,3.698873281,191.5,2,true,false,saturated_core,0.5,2,None,true,
128,1215,543,19664.60608,460.1096211,42.73895866,241.3982697,8.478974692,0.4341295728,-0.2456610352,-0.02348426602,9.601728439,3.742879868,543,1,true,false,saturated_core,1,1,None,true,
129,429.4653453,33.43780707,19433.16552,442.882507,43.87882839,229.1701355,8.650885303,0.4686627411,0.1716485322,-0.04910227898,7.491296291,3.600880623,33.43780707,0,false,false,daofind,,0,None,true,
130,462.374381,698.91599,19187.99071,498.7657613,38.47094608,230.09552,8.578837828,0.4626507494,0.06974174827,0.33051465,9.904590607,4.058624744,462.374381,0,false,false,daofind,,0,None,true,
131,515,1637,19086.61937,471.4864495,40.48179834,239.2698059,8.390509773,0.448686283,-0.0882665813,0.37281593,9.395563126,3.832823992,282,1,true,false,saturated_core,1,1,None,true,
132,574.4181974,17.41642067,18822.32839,580.8009144,32.40753919,216.5914154,8.757574556,0.481180821,0.3424088061,0.04979381145,7.726498127,4.697381496,17.41642067,0,false,true,daofind,,0,None,true,
133,137.1474714,216.0237813,18732.6003,473.6508993,39.54938189,198.2340851,9.132247177,0.4747638152,0.4274079204,-0.09178401772,9.084126472,3.854216337,137.1474714,0,false,false,daofind,,0,None,true,
134,804.0123234,1220.627486,18670.19383,470.6639133,39.66778268,214.5523071,8.76346,0.5784180332,0.05677922815,-0.04828273482,9.78102684,3.829500198,698.3725143,0,false,false,daofind,,0,None,true,
135,94.56964934,337.6166671,18624.67321,468.1759099,39.78135742,197.9120331,9.113307415,0.4827380193,0.1938215643,0.1401556732,7.754642487,3.810667992,94.56964934,0,false,false,daofind,,0,None,true,
136,2243.666667,1250.666667,18620.15707,469.6844464,39.64397207,236.9934845,8.327051617,0.4770034258,-0.09937759489,-0.3896269085,9.673187256,3.820722342,315.3333333,3,true,false,saturated_core,0.6831300511,3,None,true,
137,1786.9746,1902.156972,17873.92455,436.6175514,40.93725616,194.801651,8.998734392,0.4963890536,0.03509500995,-0.02827836824,7.212913513,3.551848888,16.84302761,0,false,true,daofind,,0,None,true,
138,2229.16496,1432.056718,17815.01017,466.3460412,38.20126815,193.6291962,9.011050132,0.4980099558,-0.277127862,-0.7695388898,9.700584412,3.792483807,329.8350404,0,false,false,daofind,,0,None,true,
139,2104.916421,1833.307938,17474.68392,466.2811252,37.47671304,189.1974487,9.028483663,0.5443078812,-0.6282305121,-0.5182837742,8.155052185,3.793844223,85.69206155,0,false,false,daofind,,0,None,true,
140,738.4692981,1228.453846,17350.85092,465.2350014,37.29480988,197.2865753,8.810071074,0.4761869466,-0.6559016109,0.3682601485,9.713950157,3.784463406,690.5461536,0,false,false,daofind,,0,None,true,
141,1001.975983,135.5821262,17250.05778,467.1943143,36.92266206,213.3989258,8.446308744,0.5024915795,-0.2969226539,-0.2224708005,8.601072311,3.80436492,135.5821262,0,false,false,daofind,,0,None,true,
142,752.2823246,247.5180503,17230.91156,386.8601035,44.54042018,202.609314,8.663476736,0.461863726,0.458601445,0.09336237326,10.07392406,3.096866369,247.5180503,0,false,false,daofind,,0,None,true,
143,1549.052039,188.6630526,16987.68227,488.6841669,34.76208852,210.0064087,8.449258174,0.4992467128,0.1949976683,0.2064030724,9.326920509,3.980630636,188.6630526,0,false,false,daofind,,0,None,true,
144,592.2545564,880.9362945,16978.17717,454.0936821,37.38915082,214.6769714,8.354502446,0.4678623578,0.01659066416,0.03576044544,9.656359673,3.693397522,592.2545564,0,false,false,daofind,,0,None,true,
145,1547.08229,161.1849301,16837.08986,451.7789045,37.26842863,222.7138977,8.168224119,0.5509598743,0.07630587369,-0.04524171379,8.286097527,3.671731234,161.1849301,0,false,false,daofind,,0,None,true,
146,1132,627,16753.59635,479.3010325,34.95422545,233.9315643,7.950188046,0.4546021725,-0.0495383516,-0.113937957,9.400871277,3.899317503,627,1,true,false,saturated_core,1,1,None,true,
147,1579,177,16685.49322,479.2251825,34.81764697,241.2393341,7.812917777,0.5107540646,0.2762277424,-0.1037577208,8.760663033,3.899724245,177,1,true,false,saturated_core,1,1,None,true,
148,411.0037942,500.6225669,16597.25415,477.5338492,34.75618362,209.215744,8.367365312,0.4734416369,-0.0410797894,0.1922413255,9.784255028,3.884622097,411.0037942,0,false,false,daofind,,0,None,true,
149,1020.381488,1796.103496,16515.9731,456.317579,36.1940321,233.4446564,7.901834051,0.5294247685,0.01070545148,0.1155222286,8.224835396,3.71207118,122.8965045,0,false,false,daofind,,0,None,true,
150,2158.527317,204.8861602,16333.70741,477.4512021,34.21021318,220.1524048,8.091861836,0.5452946471,0.05560616776,-0.3019278776,9.514273643,3.883334637,204.8861602,0,false,false,daofind,,0,None,true,
151,2531.025255,736.3470105,16318.64564,450.7528874,36.2030862,236.2679749,7.807417725,0.5393672963,0.1626797169,-0.06529658796,8.397481918,3.666488409,27.97474473,0,false,false,daofind,,0,None,true,
152,1250.300392,240.6743902,16317.953,469.7101204,34.74047564,226.7121887,7.970089419,0.515919219,0.07414031029,-0.1405856227,9.621143341,3.82102561,240.6743902,0,false,false,daofind,,0,None,true,
153,2493.566521,773.6207666,16238.00996,447.4603355,36.28927232,230.1721649,7.890559342,0.5051062814,0.2322043777,-0.288534864,8.494504929,3.638640881,65.43347925,0,false,false,daofind,,0,None,true,
154,486.0044822,373.9449853,16234.83311,497.7828444,32.61428811,185.6818542,8.784296208,0.4784312562,0.1353559047,0.04973257878,9.651470184,4.049636841,373.9449853,0,false,false,daofind,,0,None,true,
155,2188.253359,551.8214187,16097.11583,459.022827,35.06822512,225.4276733,7.938495631,0.5244998219,0.2444859743,0.07506591514,9.572322845,3.733023167,370.7466412,0,false,false,daofind,,0,None,true,
156,720.2751625,534.8449168,16019.93252,453.7337477,35.30690102,206.6835632,8.270755092,0.4764673383,0.1771001369,0.0356876583,9.649760246,3.690327883,534.8449168,0,false,false,daofind,,0,None,true,
157,2396.898398,1768.574733,15907.5679,450.0893637,35.34313223,160.7088623,9.346516334,0.5401549102,-0.5362420082,-0.03614125751,8.958647728,3.661432266,150.4252674,0,false,false,daofind,,0,None,true,
158,1864.810893,71.71738054,15907.23837,421.9968082,37.69516276,233.7045898,7.750532887,0.5441808816,-0.05771289021,-0.04088158261,7.628739834,3.432875872,71.71738054,0,false,false,daofind,,0,None,true,
159,2167.088489,1291.934743,15849.71912,462.1185854,34.2979478,199.2203674,8.379376542,0.4912992217,-0.4023061395,-0.6358574809,9.779635429,3.758741617,391.9115107,0,false,false,daofind,,0,None,true,
160,558.9743235,924.7799032,15831.57707,455.0570634,34.7903117,230.996109,7.777276643,0.5109983382,-0.1618471593,0.3208754036,9.670558929,3.701230526,558.9743235,0,false,false,daofind,,0,None,true,
161,2522.638347,1841.808343,15799.44257,434.1232767,36.39390794,150.3458557,9.630369298,0.579160272,-0.3809356093,-0.3340499122,7.657215118,3.530393839,36.36165299,0,false,false,daofind,,0,None,true,
162,1018.881193,563.3186102,15654.19838,520.2569498,30.08935948,205.3410339,8.202482911,0.4568978173,0.03342096135,0.185723942,10.32563114,4.233713627,563.3186102,0,false,false,daofind,,0,None,true,
163,1568.08348,1313.791969,15537.1973,465.3627062,33.387285,226.3355408,7.783550591,0.5436903134,-0.5382938981,-0.07201398504,9.331125259,3.786598444,605.2080307,0,false,false,daofind,,0,None,true,
164,1772,257,15529.94641,467.6637175,33.2075075,229.1224213,7.734263664,0.5502729386,-0.2560478747,-0.318598675,9.210910797,3.804069996,257,1,true,false,saturated_core,1,1,None,true,
165,413.5861724,158.7049434,15473.1005,449.3493894,34.43445316,194.391098,8.381432979,0.5189723215,0.06782036275,0.03482680337,8.608897209,3.657082796,158.7049434,0,false,false,daofind,,0,None,true,
166,1565.703078,252.3023937,15383.77959,548.325862,28.05590737,218.4234009,7.884056572,0.5289679319,-0.1824679226,0.07529227924,10.57716656,4.467283726,252.3023937,0,false,false,daofind,,0,None,true,
167,1574.928803,948.3437034,15285.76546,517.8101238,29.52002047,236.5771027,7.551357499,0.5218880198,-0.3308026493,-0.1279339625,10.09995365,4.215221882,948.3437034,0,false,false,daofind,,0,None,true,
168,985.4026181,93.11621714,14945.19288,425.3055206,35.13989864,191.5140533,8.298855983,0.4462882916,-0.03819830343,0.2474259572,7.480053425,3.45387125,93.11621714,0,false,false,daofind,,0,None,true,
169,249.666787,137.7961939,14847.6215,468.3954776,31.69890021,171.1055298,8.751131525,0.4481923714,0.04821427912,0.2760171893,8.8944664,3.812520981,137.7961939,0,false,false,daofind,,0,None,true,
170,761.5551907,706.8286885,14804.74092,463.7060745,31.9269937,211.6031952,7.857910628,0.4922905633,0.135905087,0.1072234154,9.396810532,3.77365756,706.8286885,0,false,false,daofind,,0,None,true,
171,1698.905373,991.7123725,14464.78484,486.977271,29.70320321,211.8497467,7.762646408,0.521114802,-0.3545177281,0.05469832069,9.48358345,3.960565805,860.0946274,0,false,false,daofind,,0,None,true,
172,789.8310912,1813.463348,14445.90343,452.8183817,31.90220189,210.2825928,7.786431762,0.5398716742,0.423173964,0.2455075452,8.388980865,3.684711933,105.5366522,0,false,false,daofind,,0,None,true,
173,1600.122048,736.7116984,14430.14842,501.1927036,28.79161711,221.6484222,7.580028992,0.575996337,-0.5487527847,-0.05558991047,9.684911728,4.075855255,736.7116984,0,false,false,daofind,,0,None,true,
174,944.8220727,567.481,14410.50609,502.5761278,28.67328011,167.099823,8.724075423,0.459755701,0.1683376282,0.1707111752,10.22565269,4.087433338,567.481,0,false,false,daofind,,0,None,true,
175,206.027083,1767.79166,14309.5451,515.5382519,27.75651476,172.0041962,8.568625909,0.4183383131,-0.05242771655,0.3429003186,9.995798111,4.195301056,151.2083403,0,false,false,daofind,,0,None,true,
176,1480.301788,472.6647938,14293.50895,469.2499087,30.46033401,210.2514191,7.745826252,0.5516124962,-0.1499340236,-0.2029081612,9.415246964,3.817992687,472.6647938,0,false,false,daofind,,0,None,true,
177,955.2989174,1284.089561,14280.13922,489.4309436,29.1770257,191.6538696,8.109147768,0.4968396449,-0.01256134175,0.01839387537,10.01280785,3.982554197,634.9104389,0,false,false,daofind,,0,None,true,
178,1565.425681,88.80577528,14273.80231,413.8427355,34.49088526,225.1350403,7.480249459,0.5507634431,0.1510224193,0.01996668734,6.864966869,3.365143538,88.80577528,0,false,false,daofind,,0,None,true,
179,63.0242523,1130.354683,14059.82082,440.3849326,31.92620769,182.1634521,8.253289117,0.465585036,0.1926522851,0.4016545534,6.503223896,3.581894398,63.0242523,0,false,false,daofind,,0,None,true,
180,304.1248009,573.5891212,13978.53706,497.7951734,28.08090116,178.0110168,8.324826872,0.5092016499,0.1432765722,0.2264960461,9.988986015,4.051420212,304.1248009,0,false,false,daofind,,0,None,true,
181,1850.09405,1017.636459,13959.01771,462.1522172,30.20437248,188.5879822,8.0823604,0.4782148366,-0.1849048734,-0.3341054763,9.412021637,3.758299589,708.9059502,0,false,false,daofind,,0,None,true,
182,117.5957198,554.1994487,13905.25347,421.7397856,32.97116834,156.9388733,8.842844326,0.4878173751,0.3721086681,0.01837425292,8.394454002,3.432046175,117.5957198,0,false,false,daofind,,0,None,true,
183,1243.610228,502.081354,13676.75222,467.4003798,29.26132029,128.9812164,9.673776403,0.5044199687,0.5659034252,-0.3133244105,9.686422348,3.803371906,502.081354,0,false,false,daofind,,0,None,true,
184,1067.736497,1503.922966,13630.08298,453.1198304,30.08052631,201.6746368,7.723095372,0.5288057385,-0.2173935473,-0.13477925,9.658688545,3.686789513,415.0770345,0,false,false,daofind,,0,None,true,
185,881.5302335,816.2376382,13593.3633,472.2462674,28.78448012,190.366272,7.93845979,0.5339669506,0.1844528168,0.1160395892,9.30039978,3.841154575,816.2376382,0,false,false,daofind,,0,None,true,
186,1219.062522,632.3642223,13573.73551,463.087608,29.3113771,177.789032,8.208522603,0.5152495839,-0.3771221638,0.06637081393,9.210975647,3.766393423,632.3642223,0,false,false,daofind,,0,None,true,
187,1627.103501,1647.45525,13569.33596,469.6734937,28.89099798,168.2399902,8.436891619,0.5083924529,-0.841586113,-0.2678701797,9.427975655,3.821097136,271.5447496,0,false,false,daofind,,0,None,true,
188,156.7701147,1237.850061,13501.06091,464.7911461,29.04758626,175.895752,8.23045913,0.5355950491,0.03869416937,0.2710716628,8.770917892,3.784370422,156.7701147,0,false,false,daofind,,0,None,true,
189,300.8062644,97.61381751,13495.14964,453.2292838,29.77554656,122.7302628,9.851011139,0.3925244044,0.2317257673,0.3076890434,8.285628319,3.686514616,97.61381751,0,false,false,daofind,,0,None,true,
190,1082.424676,1203.269278,13465.54515,481.595721,27.96026744,202.340271,7.663701778,0.5559354572,-0.0221109353,0.1193441734,9.999587059,3.918728113,715.7307216,0,false,false,daofind,,0,None,true,
191,1262.415226,604.9414063,13408.19569,452.0890104,29.65830927,204.9836273,7.597896492,0.4877504342,0.06050109491,-0.07487285358,9.349700928,3.679666996,604.9414063,0,false,false,daofind,,0,None,true,
192,1960.284126,1900.85392,13394.11159,457.5703985,29.27224234,136.9984131,9.288957546,0.5497102885,-0.6487813592,-0.2590990843,6.996018887,3.722225666,18.14608023,0,false,true,daofind,,0,None,true,
193,2023.137956,571.0024528,13294.5514,466.5056485,28.49815741,224.5354156,7.228733399,0.5753017586,0.1394915432,-0.09405722859,9.797912598,3.795301676,535.8620436,0,false,false,daofind,,0,None,true,
194,2151.153965,1553.088518,13276.20862,489.4263044,27.12606271,165.5140686,8.413706666,0.5510999294,-0.6705091,-0.2174546395,10.15394688,3.981432676,365.9114816,0,false,false,daofind,,0,None,true,
195,848.2957433,1560.618802,13170.91491,470.5100346,27.99284593,202.6791229,7.57305749,0.5357422877,-0.1708322167,0.1544846196,9.654080391,3.826893568,358.3811975,0,false,false,daofind,,0,None,true,
196,347.9968615,1052.975488,13169.67713,438.1613207,30.05668577,185.9393158,7.906235376,0.4662796376,0.02773874253,0.4566121799,9.060684204,3.562154531,347.9968615,0,false,false,daofind,,0,None,true,
197,1839.301135,1190.968732,13116.93196,443.8223959,29.5544616,166.3174438,8.342861268,0.4664559876,-0.5951325893,-0.3955228593,9.015877724,3.608780146,719.6988651,0,false,false,daofind,,0,None,true,
198,1547.522652,1769.26995,13026.26573,452.9217114,28.76052395,169.9240265,8.225273756,0.559283953,-0.4060086608,0.1836995185,8.758122444,3.685109854,149.7300496,0,false,false,daofind,,0,None,true,
199,1058.931029,526.4230882,12997.82308,481.4478467,26.99736466,206.2574768,7.457585654,0.5893499427,0.1046727374,0.03108093518,10.4117527,3.913835049,526.4230882,0,false,false,daofind,,0,None,true,
200,2426.508953,1476.942095,12978.88036,496.3445122,26.14893494,155.9950867,8.569015817,0.5722540421,0.1636205018,-0.784923977,9.664824486,4.038243294,132.4910472,0,false,false,daofind,,0,None,true,
201,618.4064987,1610.312461,12978.50866,468.807097,27.68411302,174.6361237,8.098659576,0.4801674451,0.3861748874,0.5410862469,9.695627213,3.814054251,308.6875394,0,false,false,daofind,,0,None,true,
202,1470.532844,911.5287562,12948.48794,503.4721018,25.7183822,218.4336243,7.232985132,0.5818971864,-0.451156646,-0.01918447529,10.56637859,4.099451542,911.5287562,0,false,false,daofind,,0,None,true,
203,496.8240874,999.1139683,12898.51644,492.604926,26.18430258,216.4725494,7.251640312,0.5147739945,0.09232450277,0.3118376296,9.527444839,4.009551048,496.8240874,0,false,false,daofind,,0,None,true,
204,1767.443134,853.5018558,12868.36145,468.2461744,27.4820429,188.2629547,7.766886883,0.5294104058,0.2995164692,-0.3750511795,9.39951992,3.806896925,791.5568661,0,false,false,daofind,,0,None,true,
205,395.1301985,10.2103725,12839.69729,440.0538092,29.17756197,154.5143738,8.563686084,0.4350850789,0.2928420603,-0.09460362974,7.489542961,3.579220533,10.2103725,0,false,true,daofind,,0,None,true,
206,2394.73007,1532.380119,12783.57168,502.3042551,25.44985743,135.1628571,9.136191913,0.5834523862,-0.4973802567,-0.6724954749,10.16667461,4.088665009,164.26993,0,false,false,daofind,,0,None,true,
207,887.9057537,141.4260437,12767.39988,447.9643154,28.50093063,175.2126617,8.019296603,0.5078038194,-0.04090099409,0.1241618288,8.094693184,3.645684004,141.4260437,0,false,false,daofind,,0,None,true,
208,854.4900317,86.64239554,12752.74822,432.0998877,29.51342638,170.8633881,8.116058631,0.4976012251,0.3239913881,-0.06408258279,6.795877457,3.516394854,86.64239554,0,false,false,daofind,,0,None,true,
209,814.6959416,1409.055706,12716.38392,449.5723249,28.28551318,179.7475281,7.901656427,0.5483630061,0.2245298922,0.2801133138,9.252475739,3.656094074,509.944294,0,false,false,daofind,,0,None,true,
210,2128.379189,743.9277923,12683.22135,646.8138639,19.60876545,197.1618958,7.534788792,0.5572253401,-0.01888245903,-0.06980550328,10.50477219,5.202114105,430.6208107,0,false,false,daofind,,0,None,true,
211,2513.476466,278.5051943,12668.85069,449.0218287,28.21433142,158.7010651,8.393565388,0.5686419163,0.0910531655,0.1300146465,8.637518883,3.651101351,45.52353401,0,false,false,daofind,,0,None,true,
212,1150.155775,1774.094854,12664.03745,469.8723548,26.95208033,200.3825684,7.468337116,0.5950716951,0.03561805189,0.03806509822,8.617436409,3.823725462,144.9051461,0,false,false,daofind,,0,None,true,
213,1682.249663,131.0675647,12662.226,451.8681005,28.02195151,190.4134827,7.660797313,0.5969232054,-0.0315201655,-0.1565309077,7.91985321,3.676667213,131.0675647,0,false,false,daofind,,0,None,true,
214,333.8723566,1916.960903,12611.54419,422.6947955,29.83605268,155.4827576,8.460787851,0.3810468354,0.09797460586,-1.264791189,9.522086143,4.196733475,2.039097215,0,false,true,daofind,,0,None,false,too_close_to_edge;too_elongated
215,2094.126871,730.3725075,12581.95607,472.1800964,26.64651934,207.0719757,7.322868047,0.620940397,-0.3239622116,-0.03043106624,9.58626461,3.764386177,464.8731293,0,false,false,daofind,,0,None,true,
216,1723.981548,759.7676678,12566.45327,491.2955438,25.57819511,191.2835846,7.614393195,0.5493607352,-0.3275627196,-0.3197261444,9.716409683,3.996669769,759.7676678,0,false,false,daofind,,0,None,true,
217,1593.650404,444.4997246,12528.45081,478.264276,26.19566511,186.9154816,7.691195291,0.5270475985,0.06780245155,-0.08499693944,9.751193047,3.890205622,444.4997246,0,false,false,daofind,,0,None,true,
218,1969.548993,368.529393,12373.79916,485.9138945,25.46500378,181.8942413,7.748360997,0.6214338333,-0.2678210437,0.05802935991,9.772431374,3.952685595,368.529393,0,false,false,daofind,,0,None,true,
219,1658.96541,780.5505284,12354.82039,506.838817,24.37623161,182.0359955,7.739401395,,,,9.633806229,4.124042511,780.5505284,0,false,false,peak_com,,0,None,true,
220,1635.265051,1822.067634,12324.19437,450.3529785,27.36563309,178.6054993,7.803683482,0.5399075542,-0.4478223324,0.05874727889,8.388401985,3.663799524,96.93236576,0,false,false,daofind,,0,None,true,
221,589.4798481,1787.380211,12128.986,446.0783953,27.19025652,187.5235138,7.555307958,0.5811420747,0.2135186195,0.1483100416,9.142672539,3.629950523,131.6197887,0,false,false,daofind,,0,None,true,
222,102.853925,118.7127017,12100.62431,427.0279219,28.33684564,139.7720642,8.741007424,0.4616685244,0.6048583984,0.1402894312,7.894603252,3.473721266,102.853925,0,false,false,daofind,,0,None,true,
223,2196.471876,1869.932391,11873.93387,431.8422881,27.4959961,101.8050537,10.14566303,0.4527837397,0.02763657086,-0.05299726429,7.876846313,3.513085365,49.06760934,0,false,false,daofind,,0,None,true,
224,254.9769765,1327.973034,11743.30132,475.2280302,24.71087684,167.8536682,7.85773673,0.5170386045,-0.1674800515,0.2159726456,9.812995911,3.865885973,254.9769765,0,false,false,daofind,,0,None,true,
225,1125.546778,930.0567061,11742.65566,521.6178939,22.5119878,197.3854675,7.245917175,0.513483442,0.02774294652,0.1741515584,11.6145401,4.246089458,930.0567061,0,false,false,daofind,,0,None,true,
226,1570.615081,609.4772109,11737.84722,490.0914529,23.95032018,181.3216553,7.558527169,0.5043582274,-0.3737069666,-0.2793393103,9.675902367,3.989786386,609.4772109,0,false,false,daofind,,0,None,true,
227,95.18457841,299.1551924,11685.28337,466.625106,25.04212315,110.2309341,9.672431665,0.4975944141,0.7926282287,-0.02927384391,7.724308014,3.795215845,95.18457841,0,false,false,daofind,,0,None,true,
228,2339.369906,308.8773125,11606.78516,486.5745207,23.8540751,173.219986,7.689972083,0.5419540513,0.06326942146,-0.01821960906,9.780008316,3.959648132,219.6300942,0,false,false,daofind,,0,None,true,
229,173.6999413,1789.461248,11587.72359,491.202077,23.59054275,150.797226,8.235124652,0.4909201339,0.3973751962,0.412053947,9.204222679,3.997602224,129.5387518,0,false,false,daofind,,0,None,true,
230,1551.887009,1574.548236,11537.54734,452.2751348,25.51001913,165.6838531,7.839429249,0.5365505215,-0.3972976506,0.1676439079,9.649474144,3.678922653,344.4517642,0,false,false,daofind,,0,None,true,
231,1783.730113,1342.685734,11514.02808,482.4476909,23.865858,167.453537,7.789942813,0.6286382075,-0.6556975245,-0.3678406099,9.546457291,3.924682617,576.3142663,0,false,false,daofind,,0,None,true,
232,743.39147,1108.444369,11349.12785,471.0549636,24.09300129,185.1027374,7.35601512,0.5589766703,-0.2886289954,-0.1371395801,9.571154594,3.833535433,743.39147,0,false,false,daofind,,0,None,true,
233,1718.409355,1613.211922,11342.15548,481.9444786,23.5341538,137.1929474,8.541805829,0.4870006253,-0.4487405717,-0.1957664153,9.4675951,3.920599699,305.7880784,0,false,false,daofind,,0,None,true,
234,2365.804018,651.7633712,11308.09875,483.6633307,23.38010354,203.4305878,7.004134207,0.5858252079,0.3009643257,-0.1319092011,9.902740479,3.935242176,193.1959817,0,false,false,daofind,,0,None,true,
235,1539.93973,1367.636684,11250.01456,457.4190907,24.59454533,168.2446899,7.681988436,0.5687761186,-0.7612372637,-0.04101063641,9.088634491,3.720602274,551.3633157,0,false,false,daofind,,0,None,true,
236,820.3675771,1064.122179,11228.13289,454.6066098,24.69856937,170.3474579,7.626999772,0.5172708629,-0.2355721146,0.1545008253,9.319216728,3.698039293,820.3675771,0,false,false,daofind,,0,None,true,
237,60.02389077,1165.443965,11211.34396,439.870838,25.48780914,139.8619232,8.410985424,0.4345848416,0.2124253511,0.759088574,6.471399307,3.578846693,60.02389077,0,false,false,daofind,,0,None,true,
238,2083.34129,1374.964775,11202.80859,488.6262362,22.92715324,136.9429932,8.496916291,0.475360274,-0.1285000443,-0.5980371578,9.723703384,3.978082418,475.6587098,0,false,false,daofind,,0,None,true,
239,1311.264622,142.3323563,11157.22297,434.1855827,25.69689878,184.6448364,7.302595789,0.5789460984,0.03687332198,-0.09223660649,8.00487709,3.52951169,142.3323563,0,false,false,daofind,,0,None,true,
240,858.2891429,248.3503408,11070.29176,454.8918607,24.33609548,161.2651978,7.783537041,0.5586226186,0.2396885604,-0.05076742917,9.735309601,3.69989562,248.3503408,0,false,false,daofind,,0,None,true,
241,1652.607247,302.1894064,11006.76658,479.6391264,22.94801649,167.1746368,7.622763993,0.6502291399,-0.3570685089,-0.4076219194,10.1586895,3.902495146,302.1894064,0,false,false,daofind,,0,None,true,
242,1881.408648,796.1881965,10994.87262,505.9062644,21.73302328,191.0286865,7.127112206,0.591750724,-0.15309982,-0.099850641,9.965577126,4.110584736,677.5913519,0,false,false,daofind,,0,None,true,
243,113.5396914,279.8859946,10972.44366,469.0559122,23.39261349,111.7418747,9.309181397,0.4686547271,0.3934514523,-0.2047722117,8.264453888,3.815560579,113.5396914,0,false,false,daofind,,0,None,true,
244,1614.251677,902.1971134,10865.90321,520.4907196,20.87626695,186.6944427,7.166960493,0.6169404574,-0.1599040329,-0.1986205349,9.635209084,4.23586607,902.1971134,0,false,false,daofind,,0,None,true,
245,2287.743459,1286.08686,10828.27752,464.4553231,23.31392705,128.9461365,8.608813743,0.6814291029,-0.131780833,-0.4130184876,9.723883629,3.777948618,271.2565412,0,false,false,daofind,,0,None,true,
246,44.22879028,1019.088832,10812.82153,439.7529327,24.58840118,158.1133575,7.768783643,0.5271713125,0.1586124003,0.3182016052,6.536175728,3.576425791,44.22879028,0,false,false,daofind,,0,None,true,
247,1850.829894,1573.300394,10775.37906,461.6237905,23.34233912,139.6929932,8.250813241,0.4868852836,-0.5158201456,-0.2003476518,9.304045677,3.753125906,345.6996057,0,false,false,daofind,,0,None,true,
248,2118.430161,1484.097311,10773.85869,470.028202,22.92172819,138.0364685,8.29958749,0.4942068683,-0.2635827661,-0.6531400903,9.962397575,3.823285341,434.9026894,0,false,false,daofind,,0,None,true,
249,1646.977547,967.6150938,10768.41736,501.1857355,21.48588156,160.4759827,7.695533049,0.5729114699,-0.3253410161,-0.1698257487,9.524020195,4.075912476,912.0224532,0,false,false,daofind,,0,None,true,
250,2235.45102,942.8082928,10767.31477,475.0288918,22.66665239,157.3620911,7.770902062,0.6213733881,0.02244542539,-0.5791374622,9.638511658,3.860563517,323.5489802,0,false,false,daofind,,0,None,true,
251,2048.853091,390.9372817,10742.62479,486.2477316,22.0929047,174.658905,7.367626936,0.5968838992,0.01421178412,-0.1603674953,10.00776577,3.955943823,390.9372817,0,false,false,daofind,,0,None,true,
252,835.996807,799.5976126,10561.95286,475.7459697,22.20082468,127.2049637,8.560278085,0.4494357322,0.4683618546,0.1121757008,9.46171093,3.871695042,799.5976126,0,false,false,daofind,,0,None,true,
253,728.7608658,1911.894421,10552.78204,426.7965337,24.72555704,191.8674316,6.967077521,0.5890510555,-0.07496855408,0.2004981466,8.132568359,3.552979231,7.105579086,0,false,true,daofind,,0,None,false,too_close_to_edge
254,1911.510576,963.6114422,10532.19713,471.4131299,22.34175602,163.4588165,7.540898658,0.5737671872,-0.3196459711,-0.2850620767,9.539008141,3.833198309,647.4894242,0,false,false,daofind,,0,None,true,
255,92.74887098,974.5603036,10222.39258,442.3741977,23.10802174,155.9707184,7.605408248,0.5334333598,0.1713499874,0.3645447682,8.362604141,3.600901127,92.74887098,0,false,false,daofind,,0,None,true,
256,2133.32757,422.2240343,10125.00949,465.2844352,21.76090306,166.3495789,7.329167657,0.6336638406,-0.01402048115,-0.4014670219,9.653690338,3.784411669,422.2240343,0,false,false,daofind,,0,None,true,
257,176.9923388,169.6842623,10091.09922,467.7124503,21.57543426,101.7656174,9.354842764,0.4662836175,0.4219643474,0.66885904,8.888109207,3.806650877,169.6842623,0,false,false,daofind,,0,None,true,
258,922.6763481,1200.029558,10082.58764,483.2922591,20.86229904,135.7203827,8.097132663,0.4963474735,-0.06718800217,-0.422279396,9.946292877,3.93309927,718.9704423,0,false,false,daofind,,0,None,true,
259,313.2587771,123.5882523,10034.18541,464.8016414,21.58810236,113.5164566,8.832414408,0.6046419568,0.2930159867,0.5824651189,8.478957176,3.784560442,123.5882523,0,false,false,daofind,,0,None,true,
260,1395.02062,1349.041174,10020.21717,450.5301058,22.24094915,153.0283661,7.601869089,0.5193077199,0.1155544668,-0.01289112453,9.304960251,3.664257765,569.9588262,0,false,false,daofind,,0,None,true,
261,2263.213592,1313.957914,10008.51785,461.9887252,21.66398724,132.3391724,8.16974435,0.4790812019,-0.3819205165,-0.7976470968,9.660834312,3.757359982,295.7864079,0,false,false,daofind,,0,None,true,
262,187.2477766,1152.323546,9883.444654,458.8463322,21.53977042,128.7643127,8.230461733,0.4463808666,0.1449163407,0.4313586492,8.902356148,3.732457161,187.2477766,0,false,false,daofind,,0,None,true,
263,2103.429428,132.4256089,9874.215935,464.3859459,21.26295169,139.4493866,7.905162393,0.4861794824,0.4219609797,0.02928603571,8.883942604,3.776919127,132.4256089,0,false,false,daofind,,0,None,true,
264,2247.256407,1602.937078,9843.945226,478.1977181,20.58551276,109.8650589,8.892473664,0.4399264771,-0.2843192816,-0.6940930431,10.46827793,3.890129089,311.7435927,0,false,false,daofind,,0,None,true,
265,564.097166,625.312779,9698.839146,468.3237405,20.70968927,159.9012909,7.316471467,0.5207167952,0.2425308228,0.1775972786,9.767128944,3.807449102,564.097166,0,false,false,daofind,,0,None,true,
266,583.8359209,788.3478265,9639.788095,467.4480576,20.62215884,131.6410217,8.039071869,0.4893239337,0.3414938152,0.03333042512,9.692502022,3.803498745,583.8359209,0,false,false,daofind,,0,None,true,
267,2209.574901,1267.096555,9621.169585,468.4491657,20.53834288,140.9237366,7.76228617,0.5626026023,-0.5508396029,-0.7641884652,9.742934227,3.812290668,349.4250989,0,false,false,daofind,,0,None,true,
268,1760.998493,1079.858184,9578.777779,473.4234218,20.23300356,167.8998413,7.095740036,0.7200386014,-0.2804340422,0.04430612108,9.433488846,3.851259232,798.0015068,0,false,false,daofind,,0,None,true,
269,177.4440101,282.7498224,9562.265137,472.172121,20.25165128,97.93344116,9.282878648,0.4530141488,-0.2334055752,0.4730818528,9.716259003,3.840637684,177.4440101,0,false,false,daofind,,0,None,true,
270,1691.736593,1742.185919,9532.985221,462.7853953,20.5991488,152.4876862,7.427879718,0.6044495378,-0.5972759128,-0.0263623918,8.845641136,3.764704466,176.8140807,0,false,false,daofind,,0,None,true,
271,1.803090478,1161.332755,9520.334736,349.1968825,27.26351583,205.1141052,6.400238172,0.5407233113,0.2347045988,1.080581686,6.219746113,3.506279707,1.803090478,0,false,true,daofind,,0,None,false,too_close_to_edge;too_elongated
272,1687.303988,1558.50013,9485.189298,481.4337165,19.70196306,131.4008331,7.981632576,0.4774394304,0.003055264475,0.1689604707,9.597735405,3.916521549,360.4998705,0,false,false,daofind,,0,None,true,
273,1087.835073,159.7066459,9442.663717,497.6203566,18.97563794,131.259552,7.968004904,0.4449728265,0.2414107621,-0.1095309201,9.40711689,4.047908306,159.7066459,0,false,false,daofind,,0,None,true,
274,1364.531584,451.2399121,9393.906438,453.2246396,20.72682202,114.1174622,8.523438906,0.6036404572,0.07877424359,-0.1754354385,9.54312706,3.68605566,451.2399121,0,false,false,daofind,,0,None,true,
275,1639.882937,98.72754442,9372.701399,436.3324769,21.48064124,143.2384338,7.599244163,0.5420057053,-0.3343701661,-0.4393635457,7.761569023,3.552495241,98.72754442,0,false,false,daofind,,0,None,true,
276,2382.301111,1156.762517,9289.332435,454.6781576,20.43056672,103.5614624,8.89735574,0.5099000151,-0.4039730132,-1.206236601,9.427222252,3.699799776,176.6988894,0,false,false,daofind,,0,None,false,too_elongated
277,2366.536407,480.7493233,9245.97178,458.8256107,20.15138555,159.4912109,7.15279361,0.5370836843,-0.4636569321,-0.2105050164,9.508786201,3.730628967,192.4635934,0,false,false,daofind,,0,None,true,
278,1339.541318,1535.046319,9231.552837,484.1391298,19.06797503,170.2976532,6.916730241,0.5921675801,-0.1541716158,0.1028071943,10.36902046,3.938386202,383.9536805,0,false,false,daofind,,0,None,true,
279,1421.285537,1735.790612,9155.404978,450.3282582,20.33051404,146.4248962,7.428465439,0.6268078327,-0.1040090844,0.2256422654,8.908427238,3.66277957,183.2093876,0,false,false,daofind,,0,None,true,
280,582.9722772,1218.553124,9085.065806,460.5264217,19.72756693,129.9402313,7.855249988,0.4870589837,0.09505399317,-0.4243990249,9.393092155,3.746276617,582.9722772,0,false,false,daofind,,0,None,true,
281,2545.215878,1041.053875,9038.858762,428.4758347,21.09537582,123.793869,8.027402174,0.5409831611,-0.008725049905,-0.5556547659,8.205441475,3.484896183,13.78412199,0,false,true,daofind,,0,None,true,
282,367.3983005,96.99087353,9037.195307,443.2388129,20.38899808,120.2707825,8.143377274,0.4967491184,0.5139534473,-0.04407206062,8.06406498,3.605832577,96.99087353,0,false,false,daofind,,0,None,true,
283,2067.05189,1429.855886,8966.623428,484.370381,18.51191522,108.6713638,8.533450952,0.5604968882,-0.4971731007,-0.273619919,9.661971092,3.939872026,489.1441141,0,false,false,daofind,,0,None,true,
284,868.9401061,1904.194707,8936.261968,458.0655541,19.50869671,164.6870575,6.920157847,0.5451064018,-0.08248586208,0.3690590088,8.31294632,3.72636795,14.80529295,0,false,true,daofind,,0,None,true,
285,2064.733875,1186.556954,8910.772579,487.3458103,18.28429093,102.6631317,8.752219796,0.5611723845,-0.4308553636,-0.7406700146,9.669956207,3.965579033,494.266125,0,false,false,daofind,,0,None,true,
286,1350.094157,32.15913893,8857.357281,382.9847086,23.12718258,176.3622284,6.65759056,0.5678319544,0.08157941699,-0.1013414335,6.637777805,3.113448858,32.15913893,0,false,false,daofind,,0,None,true,
287,954.137953,1002.490452,8855.961425,480.0525722,18.44789912,176.6253357,6.652105798,0.556470017,0.08584589511,0.337642241,9.707984924,3.90683341,916.5095476,0,false,false,daofind,,0,None,true,
288,1681.692573,534.274099,8785.728383,482.8114626,18.19701698,147.0185852,7.26223932,0.5698776772,-0.1388736069,-0.0773960189,9.983200073,3.928249121,534.274099,0,false,false,daofind,,0,None,true,
289,571.0401163,462.5975799,8726.300067,473.8613128,18.41530387,125.5441895,7.832214135,0.5360958255,0.2594747841,-0.1883109814,9.78633213,3.85179019,462.5975799,0,false,false,daofind,,0,None,true,
290,50.77208769,307.0579674,8725.401406,460.400787,18.95175172,123.092392,7.909424632,0.4624711455,0.08321969211,0.2495188135,6.907609463,3.745896339,50.77208769,0,false,false,daofind,,0,None,true,
291,2062.120126,179.8684025,8669.33794,466.370689,18.58894254,109.9405899,8.342221649,0.4728286713,0.3947131634,0.02178936616,9.392747879,3.793378115,179.8684025,0,false,false,daofind,,0,None,true,
292,2457.73824,109.9655219,8655.959352,420.3435414,20.59258321,149.2626648,7.154014212,0.6001096473,0.04372309148,-0.02246020234,7.73732996,3.418088913,101.2617598,0,false,false,daofind,,0,None,true,
293,801.2629954,258.0745818,8648.677339,474.7052102,18.21904869,125.3636703,7.802913417,0.4770882414,0.4031330943,0.3429055351,9.636331558,3.867715359,258.0745818,0,false,false,daofind,,0,None,true,
294,1617.703158,575.3904782,8620.596164,480.4420446,17.94305112,173.2797852,6.626168718,0.58227459,0.1420024633,-0.19122615,9.722140312,3.906448364,575.3904782,0,false,false,daofind,,0,None,true,
295,2100.34747,1752.65096,8600.063734,482.1989062,17.8350959,79.59412384,9.765132073,0.4839732946,-0.797464788,0.2002469555,9.405276299,3.921899557,166.3490401,0,false,false,daofind,,0,None,true,
296,845.7250634,1455.877106,8506.547356,454.804579,18.70374167,149.9842682,7.074921047,0.5749961363,-0.4999653995,0.1952603635,9.349057198,3.698734283,463.1228945,0,false,false,daofind,,0,None,true,
297,2406.680748,1911.277548,8451.157305,431.5481361,19.58334795,101.5106964,8.57175953,0.5524350337,-0.2342485785,0.1196116592,7.824757099,3.551817894,7.722452344,0,false,true,daofind,,0,None,false,too_close_to_edge
298,1316.373883,877.1014611,8431.129719,632.947727,13.32042025,148.3563538,7.082027357,0.6079483814,0.08567661792,-0.1373456318,13.64364719,5.121008396,877.1014611,0,false,false,daofind,,0,None,true,
299,2471.983118,331.3110975,8414.231703,457.4217017,18.39491146,94.98227692,8.842065652,0.6064929657,-0.03751856089,0.08080374262,9.017981529,3.720193386,87.01688202,0,false,false,daofind,,0,None,true,
300,2295.271963,476.7031971,8337.680645,459.4529772,18.14697272,128.9612885,7.553717459,0.4928964397,-0.1406472325,-0.01500987801,9.705378532,3.735240936,263.7280365,0,false,false,daofind,,0,None,true,
301,393.1898913,872.6863468,8330.061379,447.1569476,18.6289432,119.6491013,7.838575941,0.5584987092,0.05770532042,0.06448205661,9.684224129,3.637468576,393.1898913,0,false,false,daofind,,0,None,true,
302,2212.621085,344.0881558,8295.383975,510.2390525,16.25783823,133.0142822,7.418855272,0.668176124,0.08060569316,-0.167779886,9.985635757,4.154905796,344.0881558,0,false,false,daofind,,0,None,true,
303,1878.857276,1682.616479,8287.517354,476.1129229,17.40662132,111.31073,8.106091465,0.5976179242,-0.4419832528,0.08702961139,9.689269066,3.873171329,236.3835215,0,false,false,daofind,,0,None,true,
304,1931.081575,836.1975686,8239.242514,555.1195465,14.84228499,149.7732849,6.9677772,0.5968555148,-0.3875292838,-0.3450210099,10.22671795,4.52133131,627.9184251,0,false,false,daofind,,0,None,true,
305,1981.079461,215.1714921,8227.463535,471.0054073,17.46787491,139.8496857,7.205597941,0.5693309277,-0.1157515049,-0.04704880241,9.812054634,3.83134675,215.1714921,0,false,false,daofind,,0,None,true,
306,2450.67683,1252.973704,8220.482224,455.4481543,18.04921624,143.9668121,7.098804943,0.6199312151,0.1281534582,-0.6674792117,9.030265808,3.704121351,108.3231701,0,false,false,daofind,,0,None,true,
307,1210.716902,1554.0959,8209.306735,465.9134819,17.61980937,156.6522369,6.800686122,0.6334368588,0.09301548451,0.1972210815,9.681089401,3.790685177,364.9040999,0,false,false,daofind,,0,None,true,
308,1163.609019,1867.97903,8153.309853,438.9106734,18.57623965,141.703476,7.125978566,0.5831847352,-0.333398968,0.070198758,7.629846096,3.569232702,51.02096956,0,false,false,daofind,,0,None,true,
309,1444.528432,1253.022842,8141.047786,449.8820971,18.09595856,88.63511658,9.003368622,0.5798957404,-0.621658504,-0.1998209939,9.364883423,3.658625364,665.9771585,0,false,false,daofind,,0,None,true,
310,2012.772826,1300.623323,8135.990257,489.6394439,16.61628849,121.5684433,7.685330914,0.7356520716,-0.486420989,-0.6856110244,9.763804436,3.985336304,546.2271735,0,false,false,daofind,,0,None,true,
311,510.6542682,775.6373648,8087.474384,458.1287547,17.65327826,130.5007782,7.395502669,0.5281783295,0.1588962078,0.4103813214,9.499220848,3.725184679,510.6542682,0,false,false,daofind,,0,None,true,
312,959.5447488,532.8309469,8070.346601,500.3111814,16.13065408,121.8826599,7.644391512,0.5337242819,0.1566077024,0.0897719583,10.117342,4.07430172,532.8309469,0,false,false,daofind,,0,None,true,
313,320.1142975,598.6629597,8069.799465,491.8957723,16.40550685,99.2990036,8.468894365,0.5042025096,-0.293603301,0.1923154691,10.03700161,4.001944065,320.1142975,0,false,false,daofind,,0,None,true,
314,2123.459124,655.0569257,8040.346549,485.9157058,16.5467929,144.2449493,7.013824035,0.5448048513,-0.4356422424,-0.3436779187,9.418517113,3.963560343,435.5408762,0,false,false,daofind,,0,None,true,
315,62.28425993,461.5658485,8024.495413,426.5205612,18.81385364,106.9525909,8.137312627,0.5104677493,-0.2839958668,0.06980371383,7.019781113,3.469474316,62.28425993,0,false,false,daofind,,0,None,true,
316,1350.817745,1627.147291,8023.829084,490.9617064,16.34308537,134.7536774,7.249170452,0.6336824752,-0.5207616687,0.06919737527,9.912996292,3.996342659,291.8527088,0,false,false,daofind,,0,None,true,
317,2151.309404,1618.395038,8008.9985,477.3571953,16.77778942,114.1194305,7.87004287,0.5868948264,-0.4489147663,-0.51464129,10.21528339,3.882284641,300.6049616,0,false,false,daofind,,0,None,true,
318,196.1315415,814.512514,7975.67409,564.1472093,14.13757608,115.6412506,7.801805149,0.5066469554,0.198957026,0.4413847262,10.69208622,4.592962742,196.1315415,0,false,false,daofind,,0,None,true,
319,484.602499,599.258654,7925.269314,479.2026044,16.53845209,105.1559677,8.155636151,0.3988300225,0.1316550076,0.4156466995,9.844034195,3.897009373,484.602499,0,false,false,daofind,,0,None,true,
320,163.3486312,133.6343856,7904.208116,456.933619,17.29837286,113.3893738,7.843516144,0.6484352043,0.3615913689,-0.145120939,8.604290962,3.719499588,133.6343856,0,false,false,daofind,,0,None,true,
321,1940.099496,184.9514579,7897.693944,472.1276114,16.72787982,101.4392624,8.289243519,0.5025073147,-0.2771128714,0.4619592258,9.560738564,3.841636419,184.9514579,0,false,false,daofind,,0,None,true,
322,874.8533453,790.8776077,7855.310109,468.9775287,16.74986461,110.3417435,7.926464816,0.4705821998,0.3692250252,-0.2071657581,9.324917793,3.816051722,790.8776077,0,false,false,daofind,,0,None,true,
323,1494.11206,1648.637133,7843.126943,454.0239243,17.27469969,125.7559814,7.419046387,0.5669729703,-0.1595646143,-0.002485681611,9.910691261,3.693252087,270.3628672,0,false,false,daofind,,0,None,true,
324,1504.458979,235.2178385,7832.621665,492.4227586,15.906295,116.4810944,7.703598563,0.5656998811,0.112634927,-0.4891694002,10.1855669,3.998561144,235.2178385,0,false,false,daofind,,0,None,true,
325,229.159547,624.1623458,7751.647046,475.0248744,16.31840239,98.83836365,8.319591671,0.5114976549,-0.589224577,-0.04212132175,9.485182762,3.862413883,229.159547,0,false,false,daofind,,0,None,true,
326,1881.127193,1054.458517,7747.737372,458.251981,16.90715522,86.9953537,8.865581084,0.5864478655,-0.4000571072,-0.288089586,9.338898659,3.727994204,677.8728072,0,false,false,daofind,,0,None,true,
327,2099.701803,1124.219427,7734.812807,476.0871046,16.24663372,138.5697632,7.018728711,0.6314557558,-0.4701747894,-0.3047874961,9.430231094,3.873129845,459.2981968,0,false,false,daofind,,0,None,true,
328,2346.373023,602.2473382,7726.000122,482.4470449,16.01419307,122.9824753,7.446008544,0.601493336,-0.09661989659,-0.2928324571,9.681883812,3.927205801,212.6269772,0,false,false,daofind,,0,None,true,
329,2272.673158,428.6184253,7682.2805,475.1336417,16.16867303,135.0650635,7.085024502,0.5903976782,-0.04973626137,-0.1867444326,9.934934616,3.862768173,286.3268421,0,false,false,daofind,,0,None,true,
330,2248.43272,1817.771375,7663.968975,430.1309292,17.8177584,93.87442017,8.488305956,0.6678590147,0.108578898,-0.2904515489,8.792243004,3.496457338,101.2286253,0,false,false,daofind,,0,None,true,
331,1752.58079,540.784333,7631.487183,454.5449098,16.78929193,137.967865,6.986881983,0.5046712324,-0.1235134602,0.1174853069,10.03212833,3.694348812,540.784333,0,false,false,daofind,,0,None,true,
332,1826.50897,1633.775151,7629.32898,477.153454,15.98925653,87.09508514,8.792535631,0.5659986165,-0.7803636789,-0.3830896599,9.571576118,3.88218832,285.224849,0,false,false,daofind,,0,None,true,
333,351.949689,686.3862987,7623.815166,476.8119694,15.98914384,101.0718079,8.159037931,0.4732218719,-0.3290570378,0.1318802601,9.933566093,3.878002882,351.949689,0,false,false,daofind,,0,None,true,
334,888.9374537,519.3437318,7602.409216,465.1806394,16.34291837,131.1058044,7.153728462,0.5144594954,0.08034869283,-0.1034467665,9.894201279,3.782804966,519.3437318,0,false,false,daofind,,0,None,true,
335,115.7722079,1037.775263,7561.894049,456.6424566,16.55976999,90.49716949,8.587476982,0.5899591098,-0.3646942377,0.2873743225,8.169493675,3.715183735,115.7722079,0,false,false,daofind,,0,None,true,
336,2070.220061,1462.410891,7504.401648,478.280004,15.69039388,108.5615768,7.810660365,0.5276511555,-0.4790245593,-0.9332985222,9.766423225,3.891134977,456.5891085,0,false,false,daofind,,0,None,true,
337,2199.392037,665.7475559,7463.101808,452.2116823,16.50355818,106.7440033,7.855172555,0.5886555917,0.01784970053,-0.09472848676,9.918608665,3.676200151,359.6079635,0,false,false,daofind,,0,None,true,
338,489.5726628,1788.607709,7458.968326,473.2672477,15.76058424,118.746994,7.445534134,0.6015888273,0.3641261756,-0.03533122845,8.586736679,3.851596594,130.392291,0,false,false,daofind,,0,None,true,
339,1756.786737,1113.558758,7438.589438,452.0535979,16.45510504,123.6439514,7.286628809,0.5701055151,-0.7469801903,-0.378079746,9.356052399,3.672630787,802.2132627,0,false,false,daofind,,0,None,true,
340,341.8287909,504.3071448,7406.059494,477.2358472,15.51865715,82.32926941,8.910134449,0.3670316188,0.2232502401,-0.03024376281,10.00455475,3.881074429,341.8287909,0,false,false,daofind,,0,None,true,
341,245.7089676,861.0666812,7318.068426,467.6835143,15.64747998,96.64678955,8.174709094,0.5268477171,0.07765999436,0.3386916321,10.01987076,3.802718401,245.7089676,0,false,false,daofind,,0,None,true,
342,443.0010203,669.3204939,7283.82702,501.1748781,14.53350385,102.3151169,7.926431288,0.4981442466,-0.1782453507,-0.1568194597,10.02005482,4.078061581,443.0010203,0,false,false,daofind,,0,None,true,
343,260.4331563,641.0193204,7260.957169,488.3059473,14.86968817,96.92261505,8.131153611,0.4490522993,0.2358590961,0.5534719705,10.07738209,3.970744133,260.4331563,0,false,false,daofind,,0,None,true,
344,1080.550826,1799.037328,7251.37144,454.3833764,15.9587076,121.6309662,7.253636489,0.6176567373,0.01512138359,0.2496767762,8.035709381,3.696067333,119.9626716,0,false,false,daofind,,0,None,true,
345,1109.033092,1316.527613,7244.849079,471.474197,15.3663745,132.2686768,6.952707466,0.6266815867,-0.09471643716,-0.08719704221,10.0646553,3.833044529,602.4723868,0,false,false,daofind,,0,None,true,
346,2183.639316,512.4040317,7227.932611,462.3037401,15.63459688,124.7182465,7.151709071,0.5997546022,-0.1963235289,-0.0262866915,9.616418839,3.760386467,375.360684,0,false,false,daofind,,0,None,true,
347,566.7325866,1778.283718,7203.352053,465.9670479,15.45893017,96.21205139,8.128686473,,,,9.115476608,3.788361788,140.7162816,0,false,false,peak_com,,0,None,true,
348,514.2835375,969.3850309,7202.257214,482.8021999,14.91761474,116.4092636,7.389385644,0.5367288579,0.474326998,0.513875896,9.590737343,3.926225185,514.2835375,0,false,false,daofind,,0,None,true,
349,468.0150426,502.2420549,7190.713396,468.6518264,15.34340205,96.98902893,8.088956015,0.4590781391,0.6363911033,0.7850209827,9.677631378,3.810633898,468.0150426,0,false,false,daofind,,0,None,true,
350,632.5786688,1177.016195,7171.485264,462.2670642,15.5137275,108.6593628,7.632007142,0.6114838852,0.286144942,0.09231478779,9.67397213,3.759857416,632.5786688,0,false,false,daofind,,0,None,true,
351,1162.219708,1680.968306,7165.702671,473.2754102,15.14066127,114.5685196,7.429584579,0.6524800985,0.1958563626,0.07219858828,9.765916824,3.84897542,238.0316936,0,false,false,daofind,,0,None,true,
352,1912.085995,223.1592189,7154.703186,467.3821902,15.30803556,104.9162598,7.757864695,0.5433051117,-0.6666396856,-0.261074409,9.417077065,3.801481724,223.1592189,0,false,false,daofind,,0,None,true,
353,14.23875897,1913.496456,7153.028758,383.6371414,18.64529782,117.5,7.329828985,0.5572954797,-0.3081506491,-0.162322743,5.5,3.325740814,5.503544284,0,false,true,daofind,,0,None,false,too_close_to_edge
354,2083.216506,1326.312957,7052.77374,466.3807833,15.12235065,97.93728638,7.972118257,0.6927950085,0.202050522,-0.3569962982,9.728650093,3.789638281,475.783494,0,false,false,daofind,,0,None,true,
355,920.2355389,381.3997365,7049.665184,460.0491805,15.32372077,132.8562622,6.843228168,0.5352127252,-0.02078871243,0.2281951085,9.810406685,3.740636826,381.3997365,0,false,false,daofind,,0,None,true,
356,1939.055285,284.9384012,7042.50425,472.3337618,14.91001664,143.110672,6.590150583,0.6243495437,0.4410460293,-0.03147378143,9.889322281,3.841513634,284.9384012,0,false,false,daofind,,0,None,true,
357,792.0551047,889.9928598,7027.700045,475.2643746,14.78692791,120.4599457,7.175514836,0.5292259505,0.07391452789,0.1300035983,9.540054321,3.86600852,792.0551047,0,false,false,daofind,,0,None,true,
358,706.6011386,4.245235341,7020.44,522.7017102,13.43106377,152.9319916,6.365034819,0.5219392723,-0.03593120724,-0.2695015875,7.734687328,4.700311661,4.245235341,0,false,true,daofind,,0,None,false,too_close_to_edge
359,1480.91232,1504.102038,7011.956326,463.2474363,15.13652484,97.47409058,7.967880189,0.3982563592,-0.3511487544,0.00722454306,9.859246254,3.767617464,414.8979621,0,false,false,daofind,,0,None,true,
360,685.7673167,1690.717058,7009.787818,469.1413569,14.94173923,121.6395874,7.131530712,0.5284827709,-0.1408746094,0.2403433754,9.360412598,3.817477703,228.2829423,0,false,false,daofind,,0,None,true,
361,1787.386616,386.3309535,7009.639203,451.0519564,15.54064693,123.9529648,7.064593261,0.6282075497,0.1969446093,-0.3452751818,9.380366325,3.668735266,386.3309535,0,false,false,daofind,,0,None,true,
362,635.9889363,1455.058227,6956.695833,446.208928,15.5906693,124.7909012,7.014195024,0.6855642317,0.1603456885,0.3192125229,9.542427063,3.629281282,463.9417726,0,false,false,daofind,,0,None,true,
363,728.3621696,1128.952025,6922.113409,472.1043811,14.66225201,151.0500183,6.359555384,0.5900124077,-0.1474939883,-0.004140897771,9.621634483,3.841253042,728.3621696,0,false,false,daofind,,0,None,true,
364,969.394613,1475.518606,6919.383225,453.1347275,15.27003517,117.1600189,7.219577212,0.556252487,0.1302131861,0.1142511657,9.836478233,3.688988209,443.4813937,0,false,false,daofind,,0,None,true,
365,2492.659027,662.7388294,6917.659439,473.6857876,14.60389908,96.16835022,7.967669217,0.4987187067,-0.086387977,-0.4014561579,8.498313904,3.853935719,66.34097279,0,false,false,daofind,,0,None,true,
366,2016.133691,713.8141161,6870.181621,496.0448453,13.8499204,140.0284576,6.580270493,0.6843214811,-0.1931413263,-0.01006673455,9.63821125,4.039607048,542.8663094,0,false,false,daofind,,0,None,true,
367,998.3674966,704.4488704,6823.175106,462.6850321,14.74691125,92.77667236,8.056411719,0.5301517209,-0.4549787045,0.44631473,9.226758003,3.764223337,704.4488704,0,false,false,daofind,,0,None,true,
368,586.3502582,227.5992209,6783.929649,391.9364556,17.30874878,96.66481018,7.869991374,0.4830309521,0.09594159573,0.3718965515,11.63618946,3.045474291,227.5992209,0,false,false,daofind,,0,None,true,
369,2047.786979,1528.575186,6780.850237,469.8322377,14.43249248,84.81757355,8.399761289,0.5139360043,-0.480984509,-0.720149908,9.855583191,3.822626829,390.4248144,0,false,false,daofind,,0,None,true,
370,558.6470293,654.8199041,6760.235741,487.919331,13.85523244,119.2306213,7.073833064,0.558415658,-0.5864972472,-0.3799465484,9.769381523,3.970628738,558.6470293,0,false,false,daofind,,0,None,true,
371,261.0447235,1095.478117,6732.746823,441.438343,15.25183965,110.2071457,7.342755283,0.6211285289,0.2446727753,0.1197895097,9.794361115,3.589849472,261.0447235,0,false,false,daofind,,0,None,true,
372,39.31606578,913.3285699,6722.432181,412.4859157,16.29736174,90.66426086,8.089337252,0.5143305025,-0.1352233738,0.05945787825,7.016972542,3.355129242,39.31606578,0,false,false,daofind,,0,None,true,
373,2476.399857,596.4000529,6701.785717,462.2393515,14.49851835,108.4453888,7.38511927,0.6681879888,-0.1852792948,-0.1808995327,9.225538254,3.758782387,82.60014268,0,false,false,daofind,,0,None,true,
374,902.331696,569.5863905,6684.114978,479.7598384,13.93221033,146.2547302,6.350892845,0.7021508378,-0.3676078916,0.07456886592,10.07859421,3.902647734,569.5863905,0,false,false,daofind,,0,None,true,
375,1220.789676,724.164966,6667.531727,464.7052765,14.34787179,112.6359863,7.227893622,0.5439628848,-0.4313654304,-0.07288513214,10.36401653,3.782064438,724.164966,0,false,false,daofind,,0,None,true,
376,714.5314987,797.6703757,6613.693823,470.4588696,14.05796394,112.2715149,7.210328331,0.5031765966,0.5457030535,-0.08212952187,9.395149231,3.829114914,714.5314987,0,false,false,daofind,,0,None,true,
377,238.7146472,244.1533261,6523.607602,478.9777531,13.61985512,81.6216507,8.398641007,0.545967108,0.3664731085,-0.2921319544,10.03360748,3.897004843,238.7146472,0,false,false,daofind,,0,None,true,
378,1954.144831,1116.101335,6511.927503,469.4107168,13.87255823,125.6776886,6.762285086,0.7140981187,-0.358918637,-0.009337786007,9.32230854,3.819639206,604.8551694,0,false,false,daofind,,0,None,true,
379,1341.322492,926.2016875,6503.88142,733.9486736,8.861493527,147.4253845,6.239761103,0.6151981172,-0.1107233316,-0.05965819134,19.23942375,6.007748604,926.2016875,0,false,false,daofind,,0,None,true,
380,1072.237467,696.5655021,6450.735339,474.741831,13.58788065,118.6223221,6.927701893,0.5365324948,0.3103017807,0.07709327922,9.377676964,3.860567808,696.5655021,0,false,false,daofind,,0,None,true,
381,304.459986,1721.146188,6419.240299,503.8712721,12.73984181,102.9705353,7.417424277,0.6940275474,-0.001777825761,0.07460205091,10.36599636,4.101146221,197.8538123,0,false,false,daofind,,0,None,true,
382,269.9714573,1672.20631,6409.02262,497.3423251,12.88654172,128.3846436,6.637540014,0.6410237616,0.1280613393,0.3709450487,10.28203487,4.04557085,246.7936897,0,false,false,daofind,,0,None,true,
383,1625.121842,1345.463137,6391.166728,472.6149397,13.52298921,62.68258286,9.486028427,0.3936566832,-0.006491323467,0.05731896973,9.650753975,3.842955351,573.5368627,0,false,false,daofind,,0,None,true,
384,306.8214115,1269.419812,6338.243924,468.0951536,13.5405032,76.22908783,8.56627284,0.4351362878,0.794898808,0.06069035079,9.770913124,3.807681084,306.8214115,0,false,false,daofind,,0,None,true,
385,1479.91025,730.7097441,6323.749146,465.626349,13.58116687,128.5649567,6.588610027,0.6328656536,0.2207981497,0.2988975669,9.768368721,3.789166927,730.7097441,0,false,false,daofind,,0,None,true,
386,1761.825614,28.4602081,6302.086739,414.6124768,15.19994475,117.8197021,6.870700501,0.5256040885,-0.3984321654,-0.1424878071,7.177954197,3.372432947,28.4602081,0,false,false,daofind,,0,None,true,
387,1876.435101,1294.947131,6262.937097,480.7803589,13.02660764,89.02429199,7.87957059,0.6360720827,0.6584920883,-0.8091723998,9.637572289,3.91219449,624.0528687,0,false,false,daofind,,0,None,true,
388,1796.51681,254.1910983,6196.479409,462.41696,13.40019927,112.0349808,6.98656129,,,,9.291563034,3.760963678,254.1910983,0,false,false,peak_com,,0,None,true,
389,2357.262953,1393.781806,6184.132146,463.7961401,13.33372922,95.57066345,7.556920789,0.5962716939,0.07659026235,-0.5113532411,9.763569832,3.772094488,201.7370472,0,false,false,daofind,,0,None,true,
390,538.1924033,1102.887436,6170.723133,468.8778875,13.16061878,111.6831207,6.983000127,0.5873529912,0.1188235581,0.09644902557,9.316877365,3.812195778,538.1924033,0,false,false,daofind,,0,None,true,
391,724.4419884,1592.780888,6167.246286,460.7435494,13.38542079,100.6572952,7.353444311,0.5493531795,0.2508434355,0.1490740861,9.675907135,3.747839212,326.2191119,0,false,false,daofind,,0,None,true,
392,1245.086026,1555.886372,6151.001183,482.7256715,12.74222927,95.55343628,7.537330178,0.5328972187,-0.4546582401,0.3901745081,9.779901505,3.927877665,363.1136278,0,false,false,daofind,,0,None,true,
393,1443.01682,172.4444682,6114.758557,440.225864,13.8900484,99.15106964,7.377491957,0.6444237939,-0.2103750259,0.1471106903,9.165840149,3.576906443,172.4444682,0,false,false,daofind,,0,None,true,
394,1207.679156,1734.573866,6112.780271,472.2805406,12.94311272,105.1182404,7.163877339,0.60297357,-0.6376011372,0.3755813704,9.215097427,3.840237141,184.4261341,0,false,false,daofind,,0,None,true,
395,1752.479762,734.040523,6074.693423,475.846756,12.7660709,88.97476196,7.76240959,0.5390551626,-0.3779864907,0.1445549312,9.691905022,3.871057987,734.040523,0,false,false,daofind,,0,None,true,
396,2173.360096,118.7561407,6068.777159,447.4780463,13.56217855,105.5281754,7.124168302,0.7074323037,0.2837206423,0.05046532128,8.80516243,3.642914772,118.7561407,0,false,false,daofind,,0,None,true,
397,1876.055246,1711.003789,6025.606249,474.1982908,12.70693372,77.4564209,8.285895497,0.5097933248,0.07771950215,-0.01436489038,9.231633186,3.857634783,207.9962109,0,false,false,daofind,,0,None,true,
398,315.8210372,328.568672,6019.170002,495.0932058,12.15765018,106.1378098,7.074586058,0.6022312321,0.1014174372,-0.1177863858,10.19552803,4.027156353,315.8210372,0,false,false,daofind,,0,None,true,
399,2179.487677,1182.92078,6013.127317,473.2959332,12.70479397,66.9205246,8.905090165,0.4298674708,0.366833061,-0.3147421876,9.74614048,3.850786209,379.5123227,0,false,false,daofind,,0,None,true,
400,2467.8264,1522.034119,6002.597272,483.4035477,12.41736289,58.28413773,9.533715882,0.4514357861,-0.09869676828,-1.434945592,9.714064598,3.931223869,91.17360036,0,false,false,daofind,,0,None,false,too_elongated
401,1108.497285,333.4736475,5995.129466,468.6644581,12.79194392,89.67910767,7.681064885,0.6072450667,-0.003713244805,0.05850983522,9.987555504,3.811554432,333.4736475,0,false,false,daofind,,0,None,true,
402,1083.737899,102.2477625,5921.646558,500.4845037,11.83182799,120.4016953,6.588290343,0.5901098585,0.2942660749,0.07467160565,7.931631088,4.074344158,102.2477625,0,false,false,daofind,,0,None,true,
403,1164.8419,119.33932,5861.998992,471.7605743,12.42579247,86.86695862,7.717263895,0.5384002482,0.4076539576,-0.3107926608,8.466376305,3.834935904,119.33932,0,false,false,daofind,,0,None,true,
404,1297.212211,185.9154255,5809.776673,458.1481561,12.68099979,86.34545135,7.705978218,0.5201516386,-0.3451753855,-0.5219816736,8.987887383,3.727778196,185.9154255,0,false,false,daofind,,0,None,true,
405,1847.420975,1439.105942,5779.351334,472.9119621,12.22077637,69.72853088,8.552677192,0.7503448054,-0.5083476901,0.1172967967,9.271241188,3.847657204,479.8940582,0,false,false,daofind,,0,None,true,
406,464.0891792,233.6275239,5764.217255,469.6131108,12.27439593,73.23503876,8.334479881,0.488687903,0.540605247,0.09438223473,9.446604729,3.818709612,233.6275239,0,false,false,daofind,,0,None,true,
407,1788.513954,96.73078419,5752.807101,423.3504415,13.58875895,102.2447281,7.046723543,0.4703528325,-0.03769979626,0.2275669758,7.421933651,3.443808317,96.73078419,0,false,false,daofind,,0,None,true,
408,237.6916365,1511.921591,5725.391911,486.777163,11.76183343,88.77975464,7.544204107,0.5158949225,-0.426884383,0.1340673164,9.886906624,3.960922718,237.6916365,0,false,false,daofind,,0,None,true,
409,2069.890942,263.4261584,5724.385661,476.706101,12.00820726,103.2657318,6.994458841,0.5649825633,0.02232440561,0.1973105488,10.07080078,3.875121593,263.4261584,0,false,false,daofind,,0,None,true,
410,109.5254466,32.55519938,5714.069924,435.5231473,13.12001431,103.1660995,6.991527328,0.5886042414,0.07531542331,0.04299018957,7.167235851,3.544895411,32.55519938,0,false,false,daofind,,0,None,true,
411,1752.293401,995.6242885,5692.679024,482.6409007,11.79485414,141.8529968,5.951231999,0.6471257299,-0.2125723213,-0.0531896144,9.48033905,3.926827192,806.706599,0,false,false,daofind,,0,None,true,
412,561.9888114,1549.580281,5690.467915,484.8986698,11.73537539,106.6303558,6.862800118,0.6742652547,0.4808439314,0.4052481937,9.702209473,3.946126938,369.4197188,0,false,false,daofind,,0,None,true,
413,975.1577884,613.3571156,5648.127421,523.1187417,10.79702746,114.2742996,6.604588266,0.624791184,0.3597154021,-0.01446781965,10.39236641,4.260089397,613.3571156,0,false,false,daofind,,0,None,true,
414,2231.033359,1293.002943,5647.386933,464.5388795,12.15697368,87.62552643,7.541821375,0.4903103559,-0.4570877552,-1.067244777,9.709570885,3.779024124,327.9666415,0,false,false,daofind,,0,None,false,too_elongated
415,1598.067451,630.2960574,5644.003186,501.7431681,11.24878931,93.95632935,7.281123445,0.4673129594,-0.04783048108,-0.4507218482,9.71033287,4.081526756,630.2960574,0,false,false,daofind,,0,None,true,
416,271.122504,234.3444087,5542.862816,485.9651632,11.4058851,68.53816986,8.448285913,0.5322492742,0.1706125736,-0.2232700409,10.1159811,3.953943014,234.3444087,0,false,false,daofind,,0,None,true,
417,2324.692239,1676.733298,5504.675515,456.1225964,12.06841222,53.45304108,9.533391814,0.485311999,0.5352848768,-0.1193951379,9.892637253,3.708934546,234.3077613,0,false,false,daofind,,0,None,true,
418,225.3655215,1681.586455,5489.229865,502.5065414,10.92369833,87.3475647,7.447287125,0.6724500675,-0.05477628857,0.1901894254,10.3175602,4.08989048,225.3655215,0,false,false,daofind,,0,None,true,
419,2249.594507,350.8739904,5484.867491,511.7516389,10.71783083,112.3391495,6.564252739,0.5607188438,-0.1645220071,-0.0330726528,9.994184494,4.164135456,309.4054926,0,false,false,daofind,,0,None,true,
420,379.2343265,149.1139249,5481.914781,441.1436612,12.42659764,85.79553223,7.509336977,0.5738210352,0.2663442791,0.1149314325,8.537963867,3.587517023,149.1139249,0,false,false,daofind,,0,None,true,
421,571.0759475,1270.068564,5463.214719,452.5850538,12.07113375,102.6745529,6.852680986,0.5757931009,0.371250838,0.5062953334,9.325449944,3.681852818,571.0759475,0,false,false,daofind,,0,None,true,
422,1353.130467,314.8708023,5457.108481,462.8144553,11.79113664,95.22275543,7.111786514,0.6352233742,0.36122787,0.3926736504,9.777242661,3.764759779,314.8708023,0,false,false,daofind,,0,None,true,
423,1686.135923,1361.199748,5444.823702,489.6542987,11.11973022,78.14257812,7.84180129,0.6042151522,-0.5670983195,0.246294687,9.858242035,3.983159781,557.800252,0,false,false,daofind,,0,None,true,
424,1682.194799,379.6505708,5428.311043,466.672266,11.63195553,122.1826477,6.261745123,0.6114726597,-0.1207441017,-0.04988272183,9.81735611,3.795989513,379.6505708,0,false,false,daofind,,0,None,true,
425,538.606953,1617.151696,5409.657177,462.7043192,11.69139114,52.28131104,9.556072299,0.4086238724,-0.4794002175,0.07356872143,9.384875298,3.760137558,301.8483043,0,false,false,daofind,,0,None,true,
426,2054.541847,293.2081782,5364.405119,488.1177214,10.9899823,83.3666687,7.535851819,0.5820042644,-0.2331902087,-0.3100626954,9.966663361,3.970132589,293.2081782,0,false,false,daofind,,0,None,true,
427,2042.090885,944.0737129,5330.461056,487.6248102,10.9314804,112.1686478,6.476113254,0.5569283152,-0.1600856632,-0.2666516453,9.498013496,3.968253851,516.9091154,0,false,false,daofind,,0,None,true,
428,44.08612069,1301.501551,5324.930683,410.8032558,12.9622407,100.3680038,6.842694105,0.5277175966,0.5736365914,-0.259971345,6.298658848,3.34146452,44.08612069,0,false,false,daofind,,0,None,true,
429,228.9589511,52.51386199,5301.983746,449.9820326,11.78265655,85.63819885,7.391851331,0.5916129203,-0.1978647262,-3.02349794e-05,8.043655396,3.661170483,52.51386199,0,false,false,daofind,,0,None,true,
430,1472.205932,131.2440808,5291.120936,421.9345113,12.54014733,88.17648315,7.27721569,0.5456063992,-0.2386489958,0.4856343671,8.139871597,3.43129921,131.2440808,0,false,false,daofind,,0,None,true,
431,2367.134386,226.3765068,5244.540345,452.7968418,11.58254621,111.9410172,6.43023553,0.6366346577,-0.2269474864,-0.126675104,9.392317772,3.681632757,191.8656137,0,false,false,daofind,,0,None,true,
432,1313.192266,1466.68176,5232.445325,473.6513448,11.04703994,120.8607635,6.181266561,0.654891513,-0.2323518842,0.359603718,10.13923836,3.853824377,452.3182401,0,false,false,daofind,,0,None,true,
433,1018.729512,1290.595972,5208.481845,487.1106186,10.69260584,101.5157013,6.729096518,0.6758480562,-0.143619284,0.4538711456,10.15095901,3.963339567,628.4040279,0,false,false,daofind,,0,None,true,
434,1382.558914,1411.767588,5179.733228,456.2079719,11.35388583,86.32989502,7.276807393,0.5000331046,0.4065302908,-0.4075273302,9.670103073,3.710948467,507.2324117,0,false,false,daofind,,0,None,true,
435,373.4736395,1003.271466,5173.526379,453.8113991,11.40016842,87.46303558,7.225182986,0.4866995182,0.3814586103,0.1315689189,9.549002647,3.689301014,373.4736395,0,false,false,daofind,,0,None,true,
436,1033.735321,200.8204402,5161.015891,479.7555375,10.75759525,74.46333313,7.821033604,0.4166927184,-0.1488322169,0.09138834238,9.536664963,3.903865576,200.8204402,0,false,false,daofind,,0,None,true,
437,370.4883541,722.8043434,5151.34655,464.5573874,11.08871948,114.3710022,6.304783968,0.6532754789,0.1578895003,0.223118314,9.630506516,3.774775028,370.4883541,0,false,false,daofind,,0,None,true,
438,188.7364773,142.2354828,5145.763845,458.0914869,11.2330484,81.54948425,7.462461543,0.6370324314,0.3909300864,-0.3701236563,8.78385067,3.725611448,142.2354828,0,false,false,daofind,,0,None,true,
439,776.1938587,394.4851481,5113.811868,473.5923571,10.79791891,105.6901855,6.534657547,0.5901902214,0.2882513404,0.1343565787,9.643151283,3.852310181,394.4851481,0,false,false,daofind,,0,None,true,
440,1507.889984,756.1520049,5102.290174,482.4317514,10.57619064,85.93435669,7.238806233,0.5693666437,-0.3625432849,-0.2601697629,9.732310295,3.923308372,756.1520049,0,false,false,daofind,,0,None,true,
441,1455.036345,385.6345659,5094.068413,468.4923403,10.87332273,90.64493561,7.042525109,0.6060597845,-0.1771018952,0.1527003475,9.355063438,3.810843945,385.6345659,0,false,false,daofind,,0,None,true,
442,722.2578658,297.8047894,5066.087411,498.4255403,10.16418101,63.05730438,8.420471856,0.5091875516,0.4699053764,0.3512626564,10.27603054,4.047694683,297.8047894,0,false,false,daofind,,0,None,true,
443,213.2238751,1488.357447,5026.865473,479.8735254,10.47539655,96.93212128,6.76522995,0.5712969898,0.09267409146,0.132122486,10.07572937,3.903562307,213.2238751,0,false,false,daofind,,0,None,true,
444,1836.403293,1700.826069,4968.758914,466.5567097,10.64984987,71.399086,7.836920231,0.6179727403,-0.6643894911,-0.1583699496,9.265573502,3.793384075,218.1739307,0,false,false,daofind,,0,None,true,
445,566.2096814,1068.560014,4963.351147,494.2071636,10.04305788,73.78639221,7.704902594,0.5676806464,0.5702963471,0.4474481206,9.543981552,4.019616127,566.2096814,0,false,false,daofind,,0,None,true,
446,1025.742441,1110.0222,4942.321343,462.6726046,10.68211364,73.03814697,7.727845064,0.4656929463,0.2537383735,0.6566113715,9.628520012,3.762900352,808.9777997,0,false,false,daofind,,0,None,true,
447,2495.839251,1123.110224,4940.104171,449.1444942,10.99891958,80.64345551,7.352775043,0.6625816903,0.2422507405,-0.1415467962,8.689883232,3.65426755,63.1607494,0,false,false,daofind,,0,None,true,
448,2359.339181,1350.687445,4897.178806,468.9643608,10.44253938,67.73538208,7.987906598,0.6882411221,-0.06095765904,-0.4130664384,9.597957611,3.815106869,199.6608186,0,false,false,daofind,,0,None,true,
449,2079.941629,1396.332856,4875.866538,491.0938234,9.928584532,69.9879837,7.841189572,,,,9.683757782,3.996927738,479.0583714,0,false,false,peak_com,,0,None,true,
450,753.8956651,1368.830719,4867.089015,455.3004116,10.68984102,98.66834259,6.598018333,0.5703469139,-0.06124850735,0.07063425142,9.331659317,3.704113722,550.1692811,0,false,false,daofind,,0,None,true,
451,1724.353705,610.0808484,4825.13835,492.6360401,9.794529748,88.64232635,6.931099003,0.7143208903,0.1795118302,0.09861567241,9.691012383,4.009150505,610.0808484,0,false,false,daofind,,0,None,true,
452,852.6766343,664.7170193,4787.952288,472.0179176,10.14358165,55.69429016,8.710385181,0.5862572613,0.2960476577,0.4152406779,9.97049427,3.840355158,664.7170193,0,false,false,daofind,,0,None,true,
453,2052.427011,687.9335974,4731.002481,466.7757423,10.13549345,102.8292847,6.372149705,0.6416949854,-0.1685626954,0.1219782345,9.504049301,3.79868865,506.5729895,0,false,false,daofind,,0,None,true,
454,2426.355642,111.2401624,4722.378798,431.337406,10.9482246,68.93397522,7.775557516,0.6004839203,0.09827684611,-0.2176907784,8.382229805,3.509725332,111.2401624,0,false,false,daofind,,0,None,true,
455,1510.983001,559.0579753,4719.363608,445.0463986,10.60420581,73.28803253,7.53863954,0.5520434336,-0.1370952129,-0.3489600284,9.378633499,3.619076967,559.0579753,0,false,false,daofind,,0,None,true,
456,1616.494981,1097.60586,4707.601408,479.9400211,9.808728593,64.63890839,8.017161369,0.4166905388,-0.1640375406,-0.1338784891,9.694840431,3.902423859,821.3941396,0,false,false,daofind,,0,None,true,
457,1021.218063,482.3379002,4696.51223,482.448553,9.734742081,72.31997681,7.570531652,0.6408976131,0.2425788641,0.3069647642,10.34536552,3.923140049,482.3379002,0,false,false,daofind,,0,None,true,
458,2548.222063,1136.247401,4690.095716,448.1918812,10.46448165,77.38261414,7.31369667,0.6138715389,0.3789559007,0.181672649,8.28404808,3.646224976,10.77793656,0,false,true,daofind,,0,None,true,
459,1169.856477,1063.219655,4686.12953,458.5522068,10.21940242,103.7885895,6.31248166,0.5343604487,0.2488451898,0.2232791018,10.21141338,3.735050917,855.7803449,0,false,false,daofind,,0,None,true,
460,961.6268926,1052.325183,4672.699104,469.6541266,9.949234638,74.00339508,7.464932336,0.6262057518,-0.2054907382,0.000699750242,9.66505146,3.82126832,866.6748166,0,false,false,daofind,,0,None,true,
461,634.4134089,123.5526508,4669.22444,1485.828189,3.142506296,67.71968079,7.80068451,0.6163201188,0.6123973727,0.4465545876,10.28031921,12.13603783,123.5526508,0,false,false,daofind,,0,None,false,low_snr
462,2291.235415,517.5614509,4663.141329,466.6494603,9.992814146,66.17784882,7.885890747,0.6104859789,0.0390699245,0.4589502344,9.822149277,3.798636436,267.7645846,0,false,false,daofind,,0,None,true,
463,1575.129723,1463.882535,4647.014704,463.1584902,10.0333143,71.57922363,7.569397656,0.5746056133,-0.1420891583,0.6725796763,9.754110336,3.767099142,455.1174652,0,false,false,daofind,,0,None,true,
464,1144.201608,1048.353702,4642.512765,439.6652898,10.55919781,108.0080185,6.159087072,0.7248384431,-0.3731863201,-0.1025345712,9.28203392,3.573983431,870.6462978,0,false,false,daofind,,0,None,true,
465,2156.921619,1506.746579,4615.137598,474.6871877,9.722481915,79.21150208,7.170773293,0.6789281605,-0.4209376872,0.1822726672,10.12182999,3.86017108,402.0783809,0,false,false,daofind,,0,None,true,
466,1163.881036,201.0290048,4582.821307,483.0018796,9.488205948,105.4719238,6.192497184,0.592041321,-0.5536857843,-0.2054099892,9.528079987,3.929629326,201.0290048,0,false,false,daofind,,0,None,true,
467,2466.099381,843.4415124,4573.976658,441.4782804,10.36059272,57.6685791,8.366525448,0.4521072408,-0.2918407321,-0.8486395572,8.664902687,3.591431856,92.90061941,0,false,false,daofind,,0,None,true,
468,552.6757852,128.6960639,4568.959472,627.3931554,7.282450298,80.05525208,7.097109861,0.5292065808,0.0722046718,0.0409375533,9.27808094,5.103386402,128.6960639,0,false,false,daofind,,0,None,true,
469,1036.152518,717.8190566,4559.431255,460.6640199,9.897519793,61.76033783,8.071761003,0.6165321916,-0.3351403773,-0.09719955173,9.239661217,3.746348381,717.8190566,0,false,false,daofind,,0,None,true,
470,510.5095235,1811.271516,4516.073745,486.5460228,9.281904555,86.72176361,6.779290616,0.683868507,0.320756793,0.6199389593,8.611572266,3.960605145,107.7284837,0,false,false,daofind,,0,None,true,
471,2509.609314,937.5794926,4512.03047,431.5692501,10.45493966,68.0480957,7.649724836,0.5539778695,0.552351892,-0.109789194,8.285240173,3.510225296,49.39068618,0,false,false,daofind,,0,None,true,
472,1622.864465,482.8364791,4497.880054,480.4005626,9.362770164,92.45282745,6.552569348,0.6547630741,0.09165984392,-0.01859680469,9.880507469,3.9080832,482.8364791,0,false,false,daofind,,0,None,true,
473,2251.55992,1473.092145,4497.192907,487.3137465,9.228536932,50.42492676,8.871885135,0.7215665572,-0.6056360006,0.2028145289,9.908405304,3.96401453,307.4400804,0,false,false,daofind,,0,None,true,
474,2102.89931,573.552483,4489.227346,457.6629495,9.809025071,70.99381256,7.470391113,,,,9.341748238,3.720780134,456.1006904,0,false,false,peak_com,,0,None,true,
475,105.8791755,741.3520908,4472.906323,425.818668,10.50425136,39.5453186,9.991142467,,,,8.785522461,3.460889816,105.8791755,0,false,false,peak_com,,0,None,true,
476,281.4054026,1379.240045,4463.646599,485.9468654,9.185462273,80.41909027,6.998953583,0.5601425344,-0.2414386421,0.03230766265,9.582558632,3.953430176,281.4054026,0,false,false,daofind,,0,None,true,
477,1680.937216,157.0202268,4442.294643,457.5905678,9.708011826,51.65254593,8.712155208,0.4658881687,0.1440306455,0.3268581279,8.008132935,3.72380662,157.0202268,0,false,false,daofind,,0,None,true,
478,1807.187187,7.940780483,4421.947557,409.0367254,10.810637,96.90958405,6.3458707,0.5771611944,-0.3025630116,-0.2746913014,7.090418339,3.354544878,7.940780483,0,false,true,daofind,,0,None,false,too_close_to_edge
479,1286.809686,1430.719152,4419.656099,459.3902683,9.620700315,111.0298691,5.927098092,0.6624473111,0.09334624559,-0.01051710588,9.970128059,3.737659454,488.280848,0,false,false,daofind,,0,None,true,
480,436.8607417,931.5284946,4365.705298,455.1032779,9.592779288,91.76109314,6.479861277,0.7062957473,-0.2971259952,0.2606463945,9.575497627,3.702729225,436.8607417,0,false,false,daofind,,0,None,true,
481,2420.910604,355.9151377,4361.987829,464.664774,9.387386505,62.85795593,7.825820593,0.6212728797,0.1238997504,-0.6415535846,9.465751648,3.7791996,138.0893962,0,false,false,daofind,,0,None,true,
482,1457.604684,435.4293144,4342.633064,470.4877523,9.230066123,70.92686462,7.350873959,0.6938516562,0.02361711487,0.001987887993,9.401406288,3.827492714,435.4293144,0,false,false,daofind,,0,None,true,
483,1060.865549,1670.106813,4315.919814,450.879808,9.572217999,83.84082794,6.740260697,0.509752625,-0.5236608386,0.2572198702,9.492508888,3.667276621,248.8931874,0,false,false,daofind,,0,None,true,
484,2339.262523,1568.157357,4286.454754,497.9327032,8.608502165,52.84403229,8.46094627,0.6099038452,-0.4223179817,-1.155903639,10.15759373,4.053259373,219.7374772,0,false,false,daofind,,0,None,false,too_elongated
485,2231.396985,1399.404228,4273.665688,459.3500906,9.303722314,51.35456848,8.56995459,0.5134857612,0.08554882556,0.5099075426,9.644515991,3.735148907,327.6030148,0,false,false,daofind,,0,None,true,
486,158.4295092,714.2896252,4270.963783,452.1431954,9.446042376,47.74285507,8.885390944,0.5026965931,0.4023869038,0.0367734353,9.257587433,3.672986984,158.4295092,0,false,false,daofind,,0,None,true,
487,939.0445041,496.6864987,4249.604029,473.3458678,8.977798937,62.29963303,7.758884343,0.5031248257,0.2373420894,0.3946652852,10.03370285,3.849693298,496.6864987,0,false,false,daofind,,0,None,true,
488,868.6573343,409.2418563,4225.633188,487.8473664,8.661793582,55.64768982,8.186346397,0.3557544289,-0.2887814343,0.1581370286,9.685646057,3.973108292,409.2418563,0,false,false,daofind,,0,None,true,
489,445.9747872,828.6394299,4154.601861,445.7854066,9.319735011,113.500061,5.683743204,0.7619112242,-0.06425579637,-0.1148622447,9.499939919,3.625919819,445.9747872,0,false,false,daofind,,0,None,true,
490,1216.812543,1690.11688,4124.195146,486.8420701,8.471320372,49.49064255,8.575823754,0.5096195659,0.3679322004,-0.4398902441,9.515301704,3.962427616,228.8831204,0,false,false,daofind,,0,None,true,
491,1190.415422,83.53227633,4106.541137,447.3735761,9.179221476,54.59388351,8.14767851,0.452930137,-0.3773259521,0.4363355574,7.739449501,3.639409065,83.53227633,0,false,false,daofind,,0,None,true,
492,1502.745919,55.10920001,4091.056277,412.0659468,9.928159095,59.74731064,7.773674216,0.5869327647,0.05911422148,-0.2135429583,6.24496603,3.351222515,55.10920001,0,false,false,daofind,,0,None,true,
493,2205.5035,1507.712595,4090.69314,498.2682201,8.209821488,71.50691223,7.105460485,0.7546086861,-0.4225376546,-0.2187099839,10.16044426,4.057489872,353.4964998,0,false,false,daofind,,0,None,true,
494,1332.440315,1671.200838,4086.297674,470.5237337,8.684572915,47.52293396,8.711263839,0.4297810951,-0.1713523567,-0.2956238229,9.479411125,3.828266144,247.7991625,0,false,false,daofind,,0,None,true,
495,2461.75362,625.3486962,4029.464675,465.2729855,8.660431189,52.80674744,8.206288048,0.7000356951,0.351657033,-0.1155462468,9.190284729,3.784635544,97.24638049,0,false,false,daofind,,0,None,true,
496,1768.487387,304.8528067,4003.912396,472.9776423,8.465331208,72.99636841,6.957599823,0.6338902638,-0.1977102458,-0.2636783345,9.337700844,3.849689722,304.8528067,0,false,false,daofind,,0,None,true,
497,1836.494168,1803.763386,3989.216208,430.4606861,9.267318333,62.91053009,7.480832056,0.6640779943,-0.02186770551,0.01095178257,8.092500687,3.499438286,115.2366137,0,false,false,daofind,,0,None,true,
498,1689.980079,950.5339888,3988.877875,490.4638125,8.132868874,104.2797241,5.810228644,0.7117645243,-0.6854490638,-0.3240908135,9.386940956,3.989426374,869.0199209,0,false,false,daofind,,0,None,true,
499,624.6792851,1852.999398,3985.129415,438.3296559,9.091626272,78.17572021,6.707382278,0.6656274272,0.2509714961,0.1929273154,8.157612801,3.565246344,66.00060166,0,false,false,daofind,,0,None,true,
500,33.19255804,190.8289613,3975.953424,423.6305652,9.385426243,61.8027153,7.535024276,0.4517322245,0.4105888009,0.6502601525,7.181814671,3.445860863,33.19255804,0,false,false,daofind,,0,None,true,
501,421.5692395,1248.082685,3973.123931,477.4085379,8.322272468,60.318367,7.624459434,0.6197517341,0.05825028941,0.2922693702,9.34324646,3.887667894,421.5692395,0,false,false,daofind,,0,None,true,
502,2308.094135,188.6384704,3956.073507,458.269548,8.632634491,88.3713913,6.285562076,0.6261275595,0.339202702,0.0324953433,9.295272827,3.729191303,188.6384704,0,false,false,daofind,,0,None,true,
503,2137.516774,1090.023297,3947.987184,476.0656765,8.292946496,78.02156067,6.682644222,0.6582650842,-0.03304830194,-0.1914246501,9.310009003,3.872554541,421.4832259,0,false,false,daofind,,0,None,true,
504,342.1096592,922.8040855,3946.794618,449.1501118,8.787250664,57.9703598,7.751523278,0.5211051463,-0.4648450613,0.3558445597,9.696306229,3.653423548,342.1096592,0,false,false,daofind,,0,None,true,
505,1237.890465,879.303917,3916.954349,1127.617422,3.473655401,23.64206314,12.09203397,0.8447390349,-0.4877635539,0.4843710991,33.53639984,9.193486214,879.303917,0,false,false,daofind,,0,None,false,low_snr
506,2221.514457,986.3211902,3907.741846,486.5434162,8.03164058,87.97789001,6.261003572,0.6932428239,-0.3357431591,-0.1996790983,9.688174248,3.958450317,337.4855428,0,false,false,daofind,,0,None,true,
507,791.8555066,1764.420739,3904.170293,442.4438566,8.824103295,83.67825317,6.416908747,0.556057118,0.01228016056,0.4682734485,8.655083656,3.598590374,154.5792607,0,false,false,daofind,,0,None,true,
508,719.3542129,425.8372144,3901.557899,481.1476603,8.108857678,66.6683197,7.18665941,0.6151708422,0.3729905188,0.4626129935,9.665019989,3.911773682,425.8372144,0,false,false,daofind,,0,None,true,
509,2466.731126,360.6757546,3901.322857,465.8909176,8.373897643,81.28775787,6.508204091,0.5876848287,-0.413603574,-0.00176402323,9.045580864,3.791379452,92.26887427,0,false,false,daofind,,0,None,true,
510,747.1240664,1491.632567,3893.614356,456.6569956,8.526343391,67.37535095,7.141570649,0.593681328,0.3322541714,0.5618336135,9.624650002,3.71445179,427.3674334,0,false,false,daofind,,0,None,true,
511,1790.299918,1788.176533,3893.005345,448.4892503,8.68026456,33.06949615,10.19287036,0.2828972967,-0.4146065712,0.4993271382,8.273650169,3.649655104,130.823467,0,false,false,daofind,,0,None,true,
512,794.1261322,30.22978714,3891.26181,424.7740871,9.160779643,63.1847496,7.372365895,0.7279358526,0.7906234264,-0.002335426011,5.81847477,3.457214594,30.22978714,0,false,false,daofind,,0,None,true,
513,505.953853,1563.529524,3875.344338,489.5618297,7.915944632,62.99277496,7.368474217,0.4880307975,0.373863399,-0.2188583447,9.673887253,3.983311653,355.4704755,0,false,false,daofind,,0,None,true,
514,657.4368286,396.5259554,3847.008232,471.873938,8.152618574,53.53620911,7.963528522,0.6077362954,-0.3774086833,0.1113426734,9.801804543,3.8279984,396.5259554,0,false,false,daofind,,0,None,true,
515,2372.839621,1118.582576,3840.103953,454.9703871,8.440338231,48.97356796,8.318756411,0.5439642225,-0.557590127,0.1641209342,9.679307938,3.701277733,186.1603789,0,false,false,daofind,,0,None,true,
516,1952.969597,1265.983268,3831.650057,481.1075008,7.964228475,64.67827606,7.230719114,0.5139786493,-0.03669271618,0.09265652539,9.655059814,3.914030075,606.0304032,0,false,false,daofind,,0,None,true,
517,1123.569173,1345.238854,3825.752706,450.3908269,8.494295349,71.18230438,6.887160678,0.7196971076,-0.05724425614,-0.01271340677,9.817697525,3.66227293,573.7611459,0,false,false,daofind,,0,None,true,
518,1619.264907,701.1557515,3811.350961,514.5345118,7.407376713,77.67392731,6.580662663,0.6691847124,-0.2917791903,-0.5428685564,9.659408569,4.187103748,701.1557515,0,false,false,daofind,,0,None,true,
519,329.0840507,1784.438091,3808.368868,505.6226978,7.532036999,72.09178162,6.82801417,0.5589816679,0.6286486387,0.3909540469,9.908216476,4.113622665,134.5619093,0,false,false,daofind,,0,None,true,
520,2155.408303,567.8106564,3806.974256,458.8407096,8.296940913,94.22464752,5.97139086,0.7845696056,0.22327663,-0.09823398845,9.439645767,3.731794357,403.5916965,0,false,false,daofind,,0,None,true,
521,1043.00241,1268.650986,3785.501359,486.3090328,7.78414774,76.65811157,6.601618675,0.5888935371,0.160153091,0.1190827725,10.34188747,3.95630312,650.3490141,0,false,false,daofind,,0,None,true,
522,37.38445509,1083.55733,3784.661804,446.2911103,8.480253621,73.74633789,6.729938553,0.5641759538,0.3161475956,0.2601017544,6.246873379,3.629558563,37.38445509,0,false,false,daofind,,0,None,true,
523,213.5505412,1728.86313,3760.723665,515.2422765,7.298942336,66.36152649,7.072049921,0.6898717114,-0.1519943774,0.486914294,10.30513668,4.19452095,190.1368705,0,false,false,daofind,,0,None,true,
524,187.9654622,1461.690279,3748.024332,457.9671924,8.184045482,55.99609375,7.685818505,0.4508084255,-0.3539837599,-0.3036518087,10.0039072,3.725903749,187.9654622,0,false,false,daofind,,0,None,true,
525,1304.630089,1230.028754,3734.044825,488.1124686,7.649968122,79.27189636,6.447597669,0.6196319151,-0.3850013912,-0.07741907521,9.394766808,3.972144842,688.9712457,0,false,false,daofind,,0,None,true,
526,1620.776536,634.6531214,3727.735732,502.4067587,7.419756338,74.99909973,6.623115413,,,,9.669208527,4.088644981,634.6531214,0,false,false,peak_com,,0,None,true,
527,2123.580807,1284.969669,3723.696918,472.315298,7.883921892,46.91716385,8.369298871,0.5198911967,-0.4504950047,-1.202259125,9.752483368,3.838919878,435.4191926,0,false,false,daofind,,0,None,false,too_elongated
528,1954.972876,77.58856841,3693.953929,423.3525469,8.725479406,63.01289368,7.192813757,0.5400438849,-0.1510835886,0.5737970256,7.3204422,3.44248724,77.58856841,0,false,false,daofind,,0,None,true,
529,1416.214012,1916.792905,3687.92232,326.6371941,11.29057678,112.798912,5.37163156,0.6457469951,-0.03459626809,-0.332497931,6.534421444,3.214633226,2.207094964,0,false,true,daofind,,0,None,false,too_close_to_edge
530,604.2383568,1083.472486,3685.735662,491.2928006,7.502116166,85.56071472,6.165846097,0.6834364483,0.3871221542,0.2650642115,9.780674934,3.998350382,604.2383568,0,false,false,daofind,,0,None,true,
531,81.65477666,1842.226561,3664.674821,431.3394002,8.496035417,72.58454895,6.675186756,0.6677853663,-0.1927411854,-0.3518308355,7.123100281,3.510864019,76.77343855,0,false,false,daofind,,0,None,true,
532,2510.80449,848.8788758,3660.687138,442.2325087,8.27774319,39.89292145,8.999143468,0.5362375906,-0.7637050748,-0.5421454529,8.443029404,3.597757101,48.19551018,0,false,false,daofind,,0,None,true,
533,774.2062426,1311.42746,3650.495665,462.1472457,7.898988252,74.03530121,6.596662794,0.4730998438,0.4938119352,0.04577841019,9.631361961,3.760092258,607.5725403,0,false,false,daofind,,0,None,true,
534,1632.091476,1031.504297,3644.986803,495.552896,7.35539401,54.69499207,7.669057397,0.6287207597,-0.409504503,-0.0382016393,9.637785912,4.032028198,887.4957035,0,false,false,daofind,,0,None,true,
535,168.1401233,941.0947054,3632.353292,469.3513041,7.739092787,59.62992859,7.332122065,0.607902892,-0.09123198688,0.6304015811,9.039478302,3.820759058,168.1401233,0,false,false,daofind,,0,None,true,
536,2167.143189,1758.457616,3631.662378,473.1989609,7.674704889,53.03463745,7.773931709,0.7171816471,-0.5037118793,-0.7725820342,9.305743217,3.851007938,160.5423841,0,false,false,daofind,,0,None,true,
537,1429.02485,868.8550439,3630.787267,492.3267883,7.374750578,71.54953766,6.69213627,0.6379787232,0.1749853343,-0.004880961151,10.45046234,4.005196095,868.8550439,0,false,false,daofind,,0,None,true,
538,1013.21653,1350.14702,3621.657452,453.9727916,7.977697164,66.95554352,6.909207017,0.7689313843,0.2395945638,-0.3467671155,10.04120731,3.6910882,568.8529803,0,false,false,daofind,,0,None,true,
539,1865.983068,181.6225634,3619.006228,461.0348356,7.849745721,86.72631073,6.068579127,0.5933665747,0.03015195951,0.3779045209,9.273688316,3.751826763,181.6225634,0,false,false,daofind,,0,None,true,
540,1905.517267,1525.568547,3615.226326,457.2664922,7.906169352,48.28546143,8.12881692,0.6707637652,-0.4175887406,-0.6847326034,9.379469872,3.719564438,393.4314529,0,false,false,daofind,,0,None,true,
541,2307.249765,964.4410545,3608.037203,468.481216,7.701562154,81.22808838,6.261093321,0.7051108053,0.453773737,0.3214008315,9.769008636,3.811615705,251.7502354,0,false,false,daofind,,0,None,true,
542,2391.291872,922.8584391,3595.311785,437.3875084,8.219969057,68.91921234,6.785250978,0.7375517986,-0.5086351037,-0.09217810155,9.414126396,3.558393002,167.7081275,0,false,false,daofind,,0,None,true,
543,1726.933757,1002.242016,3588.853445,486.7256539,7.37346268,72.16986084,6.624722908,0.5582400313,0.2357930988,-0.3790482039,9.494417191,3.958736897,832.0662435,0,false,false,daofind,,0,None,true,
544,1545.841832,940.7787822,3575.894505,515.3515641,6.938747747,50.0944252,7.937165571,0.7534914431,-0.07967369258,0.5328857284,10.23890781,4.193441868,940.7787822,0,false,false,daofind,,0,None,true,
545,687.2785174,267.5486283,3560.434158,816.6870369,4.359606554,64.10077667,7.001444064,0.6566522447,0.01880225167,0.2823047844,10.89922142,6.544085979,267.5486283,0,false,false,daofind,,0,None,false,low_snr
546,1353.457843,945.3832333,3533.285499,600.5577079,5.883340523,110.0807495,5.322325929,,,,14.38196278,4.912655354,945.3832333,0,false,false,peak_com,,0,None,true,
547,1826.087738,266.63438,3531.258103,461.1809539,7.656990327,69.31082916,6.705512455,0.6558948385,-0.3837422729,-0.2182428739,9.355834007,3.750726938,266.63438,0,false,false,daofind,,0,None,true,
548,304.1268372,874.6871905,3525.831052,455.3470341,7.74317342,77.14489746,6.351041285,0.6629783527,-0.6212671399,0.3958582586,9.855102539,3.702251434,304.1268372,0,false,false,daofind,,0,None,true,
549,862.9575658,1282.832089,3495.929179,462.4133096,7.560182863,62.2950325,7.037564601,0.7137179096,0.393517673,0.2468133093,9.704968452,3.759871721,636.1679109,0,false,false,daofind,,0,None,true,
550,1927.55227,364.2890979,3480.510021,486.1008605,7.160057313,53.80003357,7.556104591,0.6236281088,0.2586486936,0.03942807364,9.538247108,3.955967426,364.2890979,0,false,false,daofind,,0,None,true,
551,382.7105579,1310.653696,3456.743576,475.3723925,7.271654037,37.69626617,8.996057122,0.4627152208,0.2541199625,-0.4621563075,9.639222145,3.867640495,382.7105579,0,false,false,daofind,,0,None,true,
552,806.4624563,652.3604289,3440.799663,468.3452787,7.34671581,93.88847351,5.687106279,0.7151128591,0.2849473655,-0.1938385933,9.773720741,3.80940938,652.3604289,0,false,false,daofind,,0,None,true,
553,1653.877567,1495.963559,3435.377421,478.9805601,7.172268995,45.97089005,8.121075764,0.7528409292,0.491414547,0.4383556821,10.02713776,3.896518469,423.0364407,0,false,false,daofind,,0,None,true,
554,1758.228818,667.489914,3420.814779,485.8681498,7.040623636,65.66698456,6.780458042,0.4614085212,0.4121873975,-0.05110237694,9.670316696,3.953550339,667.489914,0,false,false,daofind,,0,None,true,
555,1070.409054,129.2584567,3380.367825,499.5725729,6.766520038,74.72634888,6.318483969,0.6809151993,0.2497789562,-0.4259278335,8.606989861,4.064629555,129.2584567,0,false,false,daofind,,0,None,true,
556,1697.071796,704.8574529,3377.972739,505.5835033,6.681334966,79.24880981,6.133374535,0.6359097714,-0.1060162038,-0.1108510388,9.751188278,4.113812923,704.8574529,0,false,false,daofind,,0,None,true,
557,1033.079327,446.0083063,3361.394084,475.7619043,7.065286341,52.99361801,7.481965823,0.5367156302,0.4984923601,0.1999660092,10.34071159,3.869857311,446.0083063,0,false,false,daofind,,0,None,true,
558,1466.8534,668.3095226,3353.495228,426.2649171,7.867162163,80.21783447,6.074089254,0.642042119,-0.3822166026,-0.1728983457,9.44701767,3.464446306,668.3095226,0,false,false,daofind,,0,None,true,
559,2390.106243,1432.192904,3338.818356,465.1531453,7.177890527,40.29249573,8.551693004,0.8496593241,-0.4577629566,-0.1401357917,9.712922096,3.779915571,168.8937572,0,false,false,daofind,,0,None,true,
560,1962.161614,1185.550568,3326.332564,475.1977765,6.999890842,71.6301651,6.401808039,0.6667208744,0.2440995723,0.009139068139,9.70317173,3.865715027,596.8383861,0,false,false,daofind,,0,None,true,
561,2161.630572,726.8780959,3325.907301,477.2394129,6.96905413,84.62580109,5.889405583,0.814189723,0.2294840217,0.06027267552,10.71324825,3.856387377,397.3694282,0,false,false,daofind,,0,None,true,
562,444.9080121,1906.594642,3307.884592,473.7864415,6.981805097,69.26761627,6.491990016,0.5195999803,0.0003344495199,0.03869605854,8.730946541,3.852698088,12.40535835,0,false,true,daofind,,0,None,true,
563,1684.30529,1643.681808,3302.09848,476.690154,6.927138,64.32535553,6.730877752,0.6540248961,-0.4152030051,0.2846293166,9.341897011,3.87726593,275.3181916,0,false,false,daofind,,0,None,true,
564,1347.744931,1869.046623,3297.931929,419.1836918,7.867510102,47.70958328,7.810625625,0.6970793576,-0.4220673144,0.02517435532,6.957085133,3.409384966,49.95337713,0,false,false,daofind,,0,None,true,
565,2202.621406,621.0615959,3281.50862,455.3590616,7.206419937,44.33322525,8.082391827,0.6251967975,-0.4097948372,0.3032893236,9.663716316,3.703807354,356.3785942,0,false,false,daofind,,0,None,true,
566,919.4859799,1428.149946,3281.294908,481.3226146,6.817246495,91.01213837,5.640800795,0.6625161559,-0.1312629282,0.2413471159,9.647100449,3.919519186,490.8500543,0,false,false,daofind,,0,None,true,
567,1537.972468,656.2008257,3275.74052,463.9839291,7.060030131,94.54502869,5.529720587,0.7667514774,0.0856204927,0.07151305043,9.788304329,3.773735046,656.2008257,0,false,false,daofind,,0,None,true,
568,429.8044541,754.2831127,3271.719295,472.9494103,6.917693995,89.02940369,5.694938982,0.7324856787,0.1888112128,-0.0978372047,9.637261391,3.849955797,429.8044541,0,false,false,daofind,,0,None,true,
569,934.5437696,1615.731186,3238.739584,467.3758334,6.929625694,62.3168869,6.772561067,0.7154935452,-0.6026226282,-0.0638614745,9.683699608,3.801253557,303.2688138,0,false,false,daofind,,0,None,true,
570,2516.09937,1609.66996,3238.399807,463.574104,6.985721979,37.95456314,8.677627907,0.6706096352,0.4459512532,0.2005260258,9.038653374,3.769746065,42.90062962,0,false,false,daofind,,0,None,true,
571,1696.894858,1680.807535,3227.712734,473.6433299,6.814648345,70.9425354,6.336681443,0.5966683077,-0.07156452537,-0.2345571414,9.390798569,3.852348566,238.1924651,0,false,false,daofind,,0,None,true,
572,1546.74606,1798.912878,3201.25558,447.9248091,7.146859283,79.84040833,5.948624965,0.7251831814,0.2519314587,-0.1249751734,8.15959549,3.644769669,120.0871224,0,false,false,daofind,,0,None,true,
573,1325.99154,1602.296667,3197.307809,488.137315,6.550017199,79.31620789,5.964568668,0.7538759193,0.5718667507,0.1040038103,10.01713085,3.971118927,316.7033333,0,false,false,daofind,,0,None,true,
574,2.00918787,708.9024955,3193.081887,331.7229192,9.625749995,69.33592987,6.375197534,0.391238361,0.408210963,1.344945734,7.664066792,3.297772646,2.00918787,0,false,true,daofind,,0,None,false,too_close_to_edge;too_elongated
575,977.0402564,1547.953064,3187.899297,468.8611507,6.799239587,71.98871613,6.251552356,0.6813718518,-0.03234630451,0.157740303,9.677949905,3.814857006,371.0469358,0,false,false,daofind,,0,None,true,
576,1419.035122,1235.762051,3162.268845,454.988929,6.950210529,58.9600296,6.879998413,0.5541322286,-0.1486747414,0.5160902255,9.373308182,3.7004807,683.2379489,0,false,false,daofind,,0,None,true,
577,1970.358643,826.0756463,3160.708309,542.7943219,5.823031269,46.02288818,7.78525898,0.4668177739,-0.7159788609,-0.4919017704,10.31375599,4.420636654,588.6413572,0,false,false,daofind,,0,None,true,
578,3.938802579,1220.595348,3148.70303,375.9927817,8.374370954,93.80116272,5.442889657,0.6968014506,0.2604407668,0.202593183,6.198836327,3.435662746,3.938802579,0,false,true,daofind,,0,None,false,too_close_to_edge
579,1673.846065,677.2459487,3144.966259,512.9235704,6.131452014,26.24041367,10.28467202,0.3863593557,-0.2729852498,0.03860282801,9.762885094,4.173463821,677.2459487,0,false,false,daofind,,0,None,true,
580,1250.657911,289.0682257,3120.283154,469.4611843,6.646520008,95.00492859,5.383834798,0.6847735209,-0.002239574445,-0.01031116394,9.661738396,3.818727493,289.0682257,0,false,false,daofind,,0,None,true,
581,2436.559616,567.789615,3118.082201,455.3307255,6.84795035,57.33080292,6.928154402,0.686215284,0.01966871135,-0.3138387247,9.66919899,3.703262568,122.4403844,0,false,false,daofind,,0,None,true,
582,149.5105389,1529.996087,3111.165823,450.955723,6.899049428,39.38191223,8.34989414,0.4339223529,0.6272110939,-0.04573654275,9.951417923,3.670806646,149.5105389,0,false,false,daofind,,0,None,true,
583,1745.613975,1470.773608,3106.526677,488.0535345,6.365135087,58.95582581,6.819334126,0.8686964885,0.08598202467,-0.3307527785,10.04417515,3.969582081,448.2263921,0,false,false,daofind,,0,None,true,
584,2499.514971,1409.508521,3101.963193,492.3854483,6.299867723,47.92835617,7.55770338,0.5627422586,-0.1426776946,-0.682715311,8.738312721,4.006430149,59.48502859,0,false,false,daofind,,0,None,true,
585,212.85206,1038.687181,3088.9686,444.0684171,6.956064609,68.2240448,6.32129131,0.6386877189,0.1774752587,0.4878451559,9.431793213,3.609641552,212.85206,0,false,false,daofind,,0,None,true,
586,1459.778404,572.5834752,3087.940371,427.2414981,7.227622751,81.27713776,5.790526347,0.8599268973,-0.1211512983,-0.292707096,9.389523506,3.474679708,572.5834752,0,false,false,daofind,,0,None,true,
587,216.429891,984.6069617,3084.493374,464.4089452,6.641761331,72.05242157,6.146606629,0.6353483503,0.6298018694,0.4666752077,9.94757843,3.777882576,216.429891,0,false,false,daofind,,0,None,true,
588,143.0175278,1282.401244,3072.674615,449.3322076,6.838313754,47.751297,7.535871598,0.6028830828,0.9428250194,0.1267780816,8.582035065,3.657150745,143.0175278,0,false,false,daofind,,0,None,true,
589,100.8261477,1737.29342,3068.926728,440.9136725,6.960380045,66.18180847,6.3972266,0.7336418652,-0.2876098156,0.2537970931,7.818187714,3.586681604,100.8261477,0,false,false,daofind,,0,None,true,
590,226.1402447,1269.728545,3068.332666,466.4670649,6.57781202,49.7015686,7.381318817,0.535694909,-0.1748071462,0.4769427254,9.298429489,3.79360795,226.1402447,0,false,false,daofind,,0,None,true,
591,599.7439268,434.453815,3066.453215,483.5228324,6.341899511,74.36624908,6.032509616,0.7899955489,0.2302479446,0.2159962392,9.967083931,3.936567307,434.453815,0,false,false,daofind,,0,None,true,
592,2094.36959,472.7000702,3065.269526,466.649238,6.568680019,40.00192642,8.223594176,0.4440076115,-0.6410899162,-0.2823001682,9.664741516,3.79610157,464.63041,0,false,false,daofind,,0,None,true,
593,743.2244199,1040.446416,3064.760201,465.8699641,6.578574362,81.16487122,5.772739866,0.6078862022,0.2904672623,0.350749066,9.838433266,3.789242506,743.2244199,0,false,false,daofind,,0,None,true,
594,1232.865488,72.08780187,3055.595822,430.4967045,7.097837893,86.69382477,5.577269901,0.7583767987,0.3250404,0.1610007551,6.972842693,3.501570702,72.08780187,0,false,false,daofind,,0,None,true,
595,2124.023235,949.1161876,3048.655443,518.6978175,5.87751739,56.09998322,6.925331962,0.5135667934,-0.6272259951,-0.7033996211,9.901242256,4.229323864,434.9767646,0,false,false,daofind,,0,None,true,
596,758.9749958,1593.242215,3015.645499,464.8780032,6.486961049,52.32216263,7.132061677,0.4934795926,-0.2343024909,0.3655352654,9.677836418,3.781446218,325.7577852,0,false,false,daofind,,0,None,true,
597,1832.273006,132.7852601,3009.961078,429.9436581,7.000826786,64.81886292,6.401732539,0.5911527159,-0.1665803045,-0.6008432348,8.181138992,3.495435953,132.7852601,0,false,false,daofind,,0,None,true,
598,1058.496064,1048.266113,2997.468582,453.982257,6.602611743,34.99239731,8.694773264,0.5497891496,0.8173530102,-0.04732026295,9.345003128,3.69401145,870.733887,0,false,false,daofind,,0,None,true,
599,1697.234498,1871.526047,2985.042812,444.2031544,6.719994629,59.9488678,6.629069607,0.7335463635,-0.5344387889,-0.2053005089,7.717798233,3.614162207,47.4739531,0,false,false,daofind,,0,None,true,
600,1224.032233,288.806852,2984.742728,470.3058362,6.346386753,67.68656921,6.238353639,0.77579401,-0.03118345886,0.178544143,9.646765709,3.82562089,288.806852,0,false,false,daofind,,0,None,true,
601,493.3365461,1498.560277,2976.916286,484.4814227,6.144541662,50.33045959,7.224963423,0.4235998025,-0.5629410148,-0.5065256808,9.669539452,3.941838026,420.4397234,0,false,false,daofind,,0,None,true,
602,1538.84171,1414.857153,2968.138899,460.716202,6.442445233,60.69770813,6.569370466,0.5782637176,-0.07670427114,-0.3608734008,9.302289963,3.748084307,504.1428473,0,false,false,daofind,,0,None,true,
603,705.831316,1164.543351,2952.613905,467.8268524,6.311339099,60.92139053,6.540127521,0.6752280366,-0.1667819023,-0.1601161123,9.745272636,3.804873228,705.831316,0,false,false,daofind,,0,None,true,
604,1127.356839,1736.371502,2949.550967,465.3945207,6.337743219,33.05298615,8.874428436,0.4082955037,-0.1385714114,0.346366108,9.294663429,3.784220219,182.6284985,0,false,false,daofind,,0,None,true,
605,552.5316502,261.8203034,2946.131927,453.7510855,6.492837199,69.05677032,6.136076331,0.6099662379,0.2609164119,0.06724132292,10.27656555,3.682752848,261.8203034,0,false,false,daofind,,0,None,true,
606,1342.958008,1830.330267,2944.182944,430.3829509,6.840844737,59.10205841,6.630539746,0.7865881704,-0.3810826242,-0.06408160333,7.897942543,3.502183914,88.66973329,0,false,false,daofind,,0,None,true,
607,335.5803145,297.388709,2937.83716,496.5118698,5.916952521,57.90474701,6.69151669,0.8301558696,-0.05398210511,0.2628646245,10.0929203,4.040100574,297.388709,0,false,false,daofind,,0,None,true,
608,2512.972836,1279.006172,2929.162221,473.3264056,6.188461465,35.38304901,8.547554428,0.4560766532,-0.4345605373,0.3314507513,8.952774048,3.850666523,46.02716362,0,false,false,daofind,,0,None,true,
609,1150.257226,1257.519465,2926.229729,489.6352858,5.976345687,72.59909058,5.96425782,0.6685178592,0.009404994547,-0.2386769323,9.734249115,3.984560251,661.4805347,0,false,false,daofind,,0,None,true,
610,1992.930798,1455.852672,2915.897201,466.2852999,6.253461565,47.13100815,7.389252881,0.6186957868,-0.2083234936,-0.6128801692,9.535658836,3.792334557,463.1473285,0,false,false,daofind,,0,None,true,
611,2270.024676,1078.647273,2906.303173,423.4345881,6.863641409,91.53144836,5.293623877,0.7510287315,0.07312950492,-0.07596491482,9.801883698,3.43885541,288.9753238,0,false,false,daofind,,0,None,true,
612,676.1846506,1483.528079,2891.46479,450.4086578,6.419647447,55.03195953,6.809563207,0.6623338894,0.3700983226,0.1866308783,9.637218475,3.664489031,435.471921,0,false,false,daofind,,0,None,true,
613,209.0708467,1612.536778,2884.698873,474.0516065,6.085200079,45.27274323,7.498935652,0.5384467383,0.5258457661,0.2423033732,10.38933277,3.856508732,209.0708467,0,false,false,daofind,,0,None,true,
614,504.8972144,82.73978041,2884.236271,398.9551595,7.229474797,33.42074966,8.727203706,0.6158008404,-0.2004347891,0.09423742062,7.897360802,3.235971689,82.73978041,0,false,false,daofind,,0,None,true,
615,1638.590569,852.355279,2861.990874,498.8860959,5.736762153,45.68027878,7.435968465,0.553169126,0.01848920062,-0.02021402134,9.318629265,4.057161808,852.355279,0,false,false,daofind,,0,None,true,
616,263.2506948,1249.521449,2851.151508,472.9729271,6.028149489,48.14506149,7.229396841,0.617793757,0.4625504315,-0.4313609744,9.514924049,3.849191666,263.2506948,0,false,false,daofind,,0,None,true,
617,1307.622703,1708.227313,2845.176963,452.4341733,6.28859872,63.7085228,6.278034009,0.578014924,0.09891819954,0.1413384632,9.29147625,3.680093527,210.7726871,0,false,false,daofind,,0,None,true,
618,165.5906325,1552.783577,2842.536818,458.2009307,6.203690624,38.49471283,8.072727579,0.6937462175,-0.5165848136,-0.4474597214,10.50528812,3.729100466,165.5906325,0,false,false,daofind,,0,None,true,
619,1965.541439,591.7524334,2827.835443,459.4592968,6.154702848,72.78325653,5.855703993,0.7321820924,-0.2381867319,0.09348137931,9.883406639,3.737579823,591.7524334,0,false,false,daofind,,0,None,true,
620,2151.896212,1052.277187,2815.190489,476.9276258,5.902762468,37.003685,8.194061053,0.5677769352,0.006275314372,0.1454490397,9.330495834,3.879954338,407.1037881,0,false,false,daofind,,0,None,true,
621,1064.164288,842.6118191,2813.119202,446.1011234,6.30601237,54.33263016,6.759763362,0.5553891466,-0.1479545832,0.238345338,10.00070667,3.628795862,842.6118191,0,false,false,daofind,,0,None,true,
622,1248.448872,1783.869635,2807.676843,428.4510302,6.553086923,48.67592621,7.134839991,0.6642213369,0.5286160111,-0.01640984209,8.65530014,3.484072924,135.1303652,0,false,false,daofind,,0,None,true,
623,2367.296584,425.4570743,2784.045325,485.9682803,5.728862228,53.03627777,6.806430625,0.7323681669,-0.6109564304,0.2016425568,9.634744644,3.95702672,191.7034156,0,false,false,daofind,,0,None,true,
624,1034.589841,3.359405315,2768.121162,382.3879026,7.239039581,46.25641251,7.267321342,0.4190608616,0.3903190196,-0.7009218481,7.076918125,3.576777697,3.359405315,0,false,true,daofind,,0,None,false,too_close_to_edge
625,1729.254814,925.1740756,2765.572782,480.6639992,5.753650756,45.02479553,7.362655181,0.7309282794,0.298782289,-0.1822238014,9.306390762,3.910268307,829.745186,0,false,false,daofind,,0,None,true,
626,2093.860924,1616.034861,2763.936303,480.9172931,5.747217542,60.27630615,6.361484743,0.5842439574,-0.4153277576,-0.7240547573,10.05702782,3.912254572,302.9651386,0,false,false,daofind,,0,None,true,
627,1447.182729,264.4824359,2745.088778,481.5203147,5.700878434,55.64891052,6.598081169,0.6767583364,-0.5588299036,-0.1675044168,10.35108757,3.917953253,264.4824359,0,false,false,daofind,,0,None,true,
628,1048.89265,988.9820773,2738.645386,460.2593407,5.950222284,50.74166107,6.901656659,0.6966810587,0.5397324562,0.120516929,9.591670036,3.742336273,930.0179227,0,false,false,daofind,,0,None,true,
629,1961.636945,1297.069262,2719.964974,453.2673942,6.000795577,55.66873932,6.566648235,0.6704850325,-0.1949293613,-0.01259229243,9.664598465,3.683040142,597.3630545,0,false,false,daofind,,0,None,true,
630,2258.33767,753.1330766,2716.425384,458.2704591,5.927559436,61.87536621,6.224547548,0.9584348904,0.1000556499,-0.2197030061,10.13457298,3.727988005,300.6623299,0,false,false,daofind,,0,None,true,
631,595.9571307,1000.597622,2707.893782,493.5474353,5.486592753,75.68144226,5.619386482,0.8584028775,-0.1544819027,0.1611194749,9.987599373,4.016597748,595.9571307,0,false,false,daofind,,0,None,true,
632,1317.532789,1569.761146,2704.379879,484.7371985,5.579064053,75.73934937,5.613592107,0.6958198853,0.07159271091,0.2268310892,10.2606535,3.94278264,349.2388543,0,false,false,daofind,,0,None,true,
633,2266.415568,1683.616542,2704.196687,459.7521017,5.881858238,51.60425186,6.8005523,0.6861193601,0.07065506279,-0.6041765235,9.728844643,3.738735199,235.383458,0,false,false,daofind,,0,None,true,
634,2290.498377,1421.536727,2683.357959,464.8004083,5.773140278,66.95269775,5.947343942,0.7337107272,-0.03179959208,-0.2563558608,9.712856293,3.780059814,268.5016229,0,false,false,daofind,,0,None,true,
635,50.92085216,1613.400094,2682.341315,414.882898,6.465297383,62.57136154,6.150876493,0.6694987864,-0.1638698578,0.1258102281,7.095304012,3.375831366,50.92085216,0,false,false,daofind,,0,None,true,
636,276.6380056,931.8880781,2678.417387,463.9811778,5.772685434,63.92554474,6.080925725,0.6106246193,0.7521159649,0.1315699627,10.07445335,3.775375128,276.6380056,0,false,false,daofind,,0,None,true,
637,513.5839267,1275.106187,2665.084898,456.4269975,5.839016782,31.98022461,8.575956297,0.4922568062,-0.8997728229,-0.4657182536,9.35224247,3.712295294,513.5839267,0,false,false,daofind,,0,None,true,
638,1968.290995,959.3230582,2657.299512,467.8938179,5.679278952,55.29284668,6.512587464,0.6299537308,-0.7784969807,-0.3662804516,9.378046989,3.805925608,590.7090048,0,false,false,daofind,,0,None,true,
639,48.02758539,1481.115075,2632.480343,415.9122632,6.329412657,71.6754837,5.693312757,0.7899259526,-0.1512576789,-0.1915790624,6.657853127,3.38316226,48.02758539,0,false,false,daofind,,0,None,true,
640,641.3637866,438.3899123,2627.566445,444.1433703,5.916032121,46.50327301,7.061596252,0.6001280231,0.4519868493,0.09971321451,9.830059052,3.610803366,438.3899123,0,false,false,daofind,,0,None,true,
641,870.3191313,1328.290606,2614.657531,454.7511309,5.749644923,44.03195953,7.239210243,0.5268697731,-0.07401626557,-0.1617238106,9.632547379,3.696094751,590.7093937,0,false,false,daofind,,0,None,true,
642,1309.780299,975.9100326,2613.786825,651.8248731,4.00995257,67.99232483,5.824691478,0.6471103511,-0.7514712214,-0.03798514608,15.06996632,5.239565849,943.0899674,0,false,false,daofind,,0,None,false,low_snr
643,559.8891232,1630.261699,2613.334291,462.3570178,5.652199902,68.94593811,5.783768888,0.7318181451,0.2329311222,0.2464968129,9.387394905,3.756915808,288.7383007,0,false,false,daofind,,0,None,true,
644,648.9204893,16.72114374,2610.888064,803.8098179,3.248141545,40.78453064,7.516474387,0.8084316014,-0.1653732508,-0.05767223777,8.215745926,6.543378353,16.72114374,0,false,true,daofind,,0,None,false,low_snr
645,1475.98417,1024.49348,2603.855796,473.3511807,5.500896378,68.57841492,5.788719861,0.7511529639,-0.3127773106,-0.07073864192,9.419760704,3.849946976,894.50652,0,false,false,daofind,,0,None,true,
646,108.4848784,1488.931186,2597.492016,428.9096231,6.056035763,44.54232407,7.173951956,0.5615995162,-0.9314133525,-0.1415960888,7.747927189,3.48828721,108.4848784,0,false,false,daofind,,0,None,true,
647,2533.68507,417.6488779,2593.651189,465.828471,5.567824534,47.01663971,6.977466836,0.705623702,0.4070027471,0.38672083,8.317727089,3.789426804,25.31492972,0,false,false,daofind,,0,None,true,
648,1608.983749,1912.624276,2581.524886,426.2479563,6.056392408,56.64898682,6.341761053,0.4839148949,-0.7727584243,0.07634809612,6.351013184,3.608135223,6.375723593,0,false,true,daofind,,0,None,false,too_close_to_edge
649,682.4287406,296.0525323,2560.278273,440.0236923,5.818500953,56.14086914,6.344126138,0.7182521371,-0.1884591579,0.206411216,10.18883133,3.517961502,296.0525323,0,false,false,daofind,,0,None,true,
650,765.909108,896.1342992,2552.366861,475.0311367,5.37305171,32.25665283,8.356601422,0.5680786693,0.1098057404,0.8389134977,9.743904114,3.864714861,765.909108,0,false,false,daofind,,0,None,true,
651,1144.104819,862.8260935,2540.450266,575.1114492,4.417318191,69.62789917,5.674550856,0.5626796073,-0.05842476711,-0.2986379714,13.7054348,4.662078857,862.8260935,0,false,false,daofind,,0,None,false,low_snr
652,401.6392596,599.3411666,2528.703393,478.546104,5.284137456,45.99012756,6.96601537,0.9177161388,-0.2535449564,-0.2616389006,10.00995922,3.891852379,401.6392596,0,false,false,daofind,,0,None,true,
653,1708.354811,384.7829229,2521.926409,462.7071123,5.450373124,64.54177094,5.872371953,0.7119660222,0.1903085262,-0.3342240605,9.791566849,3.764061928,384.7829229,0,false,false,daofind,,0,None,true,
654,901.1565018,636.8713762,2519.833283,483.6152245,5.21040934,45.13830185,7.019094437,0.5885745001,-0.01270702202,-0.1560133438,10.19503117,3.933842182,636.8713762,0,false,false,daofind,,0,None,true,
655,2220.820466,505.4537528,2507.660751,463.8009382,5.406760843,49.67198944,6.674925209,0.6449816535,0.2144025117,0.308042543,9.659532547,3.772830725,338.1795336,0,false,false,daofind,,0,None,true,
656,388.5820502,190.946542,2507.338316,438.1045581,5.723150488,24.06774521,9.588629895,0.587850005,-0.225369662,-1.332301729,8.931189537,3.562917709,190.946542,0,false,false,daofind,,0,None,false,too_elongated
657,2059.619873,1304.059818,2506.63133,484.8747741,5.169646812,51.92876816,6.526930847,0.7660108695,-0.5748260617,-0.2115972011,9.737015724,3.940752983,499.3801269,0,false,false,daofind,,0,None,true,
658,546.145548,1027.405506,2501.483612,503.2676493,4.97048363,68.50887299,5.676664263,0.6916913373,0.4202677608,0.4094195073,9.497121811,4.096382618,546.145548,0,false,false,daofind,,0,None,false,low_snr
659,1536.759117,543.9550913,2489.399696,465.0899263,5.352512612,29.50363922,8.629334652,0.4798899111,0.1356170774,0.5458693866,9.496598244,3.784541607,543.9550913,0,false,false,daofind,,0,None,true,
660,1215.345879,764.211726,2486.855629,454.4064037,5.472756566,49.62243652,6.650495964,0.7930742238,-0.2309556603,-0.8642695081,8.760625839,3.689417601,764.211726,0,false,false,daofind,,0,None,true,
661,1175.007981,1378.236508,2477.592163,463.0658209,5.350410355,42.0124054,7.21429547,0.5897937385,-0.3055778444,0.1630417411,9.654602051,3.769984484,540.7634917,0,false,false,daofind,,0,None,true,
662,901.0347703,1237.943985,2460.949825,480.4358958,5.122327135,40.78528595,7.297387589,0.5357360762,0.05568970367,0.9411741968,9.881381035,3.90866518,681.0560145,0,false,false,daofind,,0,None,true,
663,1923.300748,1721.182141,2459.933752,480.2527406,5.122164944,30.2936039,8.465527489,0.680203866,0.2299267352,-0.100185719,9.381433487,3.90754199,197.8178592,0,false,false,daofind,,0,None,true,
664,2361.422195,1198.014139,2452.886582,463.8472968,5.288133828,25.72966385,9.172536897,0.5193005176,0.07415905595,0.5116302037,9.612586975,3.774264574,197.5778048,0,false,false,daofind,,0,None,true,
665,1077.477715,1116.513687,2452.482752,455.1513911,5.388279152,51.7011261,6.470245649,0.6325231469,-0.02489268035,-0.08668554804,9.643211365,3.703550339,802.4863125,0,false,false,daofind,,0,None,true,
666,347.6674238,1527.502556,2444.760949,473.4170732,5.164074317,52.35925293,6.419323599,0.516207421,0.104275614,-0.5047184465,9.640746117,3.850162506,347.6674238,0,false,false,daofind,,0,None,true,
667,458.4310529,645.5285479,2441.140257,494.1249801,4.940329583,54.65955353,6.278141737,0.7969634604,-0.06198274344,0.08386755322,10.0086689,4.021393299,458.4310529,0,false,false,daofind,,0,None,false,low_snr
668,74.48014322,1277.747745,2435.591621,417.2301385,5.837525614,29.84890556,8.486054556,0.478651124,0.3744357228,0.8749821231,6.798816681,3.392224789,74.48014322,0,false,false,daofind,,0,None,true,
669,1383.228236,539.4560317,2429.3563,425.6823677,5.706969525,56.64912033,6.152006876,0.6384368894,0.4297833741,0.07947562767,9.356054306,3.462555885,539.4560317,0,false,false,daofind,,0,None,true,
670,171.7040835,446.6750833,2421.573869,465.8603958,5.198067685,45.48596191,6.854534378,0.5355710903,0.191533342,0.4719274428,9.514036179,3.792344809,171.7040835,0,false,false,daofind,,0,None,true,
671,2090.14623,687.1191037,2415.016925,433.6663681,5.568836099,63.57736588,5.789974007,0.6948059115,-0.1494295299,0.067491789,9.422635078,3.526914597,468.8537702,0,false,false,daofind,,0,None,true,
672,1250.929563,1197.089434,2409.622078,477.38427,5.047552316,42.98580551,7.033633291,0.6230444077,0.1463966966,0.001352242177,9.34752655,3.883527517,721.9105659,0,false,false,daofind,,0,None,true,
673,1132.463273,119.7200785,2396.777911,492.1784269,4.869733781,41.12292862,7.17198989,0.6128754645,0.2198586315,0.3498377381,8.543773651,4.007677555,119.7200785,0,false,false,daofind,,0,None,false,low_snr
674,1886.303414,1343.166112,2378.1132,492.7683604,4.826026569,49.98072815,6.48011573,0.862351259,0.8919727206,-0.2633480709,9.685938835,4.011197567,575.8338883,0,false,false,daofind,,0,None,false,low_snr
675,513.0463675,2.248274958,2372.263995,347.5371699,6.825928852,38.62256622,7.362558106,0.4640433464,0.5234835744,-0.584678751,7.376040459,3.411532402,2.248274958,0,false,true,daofind,,0,None,false,too_close_to_edge
676,1645.423529,1059.482464,2347.932059,493.584605,4.756898889,39.99414825,7.198008028,0.6765453093,0.001073513995,0.2050993907,9.671643257,4.017335892,859.5175358,0,false,false,daofind,,0,None,false,low_snr
677,38.34660294,887.4634446,2344.621467,405.7596871,5.77834995,53.9389801,6.193737469,0.6169052798,-0.04254002869,-0.1283393299,7.409598827,3.299721479,38.34660294,0,false,false,daofind,,0,None,true,
678,2143.458643,1119.832936,2333.890242,475.7037413,4.906184331,54.99784851,6.119770752,0.6153762995,-0.1248196363,-0.1455525668,9.335485458,3.868727446,415.5413567,0,false,false,daofind,,0,None,false,low_snr
679,463.1693644,1299.111003,2330.951091,469.5347766,4.964384338,48.63874817,6.503440571,0.5875325963,0.7020841241,0.5706010762,9.360549927,3.819692373,463.1693644,0,false,false,daofind,,0,None,false,low_snr
680,1321.116151,794.5048889,2318.891346,519.563835,4.46315003,33.47605133,7.818813914,0.3302926375,-0.1151243597,-0.0634436838,10.1908989,4.236789227,794.5048889,0,false,false,daofind,,0,None,false,low_snr
681,1510.456719,1332.810103,2318.690645,450.4532857,5.147460831,61.18654633,5.783106958,0.7878662255,-0.3109019399,0.4657450564,9.14654541,3.662854433,586.1898969,0,false,false,daofind,,0,None,true,
682,1632.506069,1313.165594,2315.50265,466.1363526,4.967436324,33.65041351,7.792830467,0.6841100436,-0.2211811841,-0.004696859584,9.342636108,3.790652752,605.8344062,0,false,false,daofind,,0,None,false,low_snr
683,972.4880153,1816.189206,2314.996471,458.9498027,5.044116932,32.46828461,7.932558515,0.5953614838,-0.04764859751,-0.3116990712,8.202953339,3.733802557,102.8107942,0,false,false,daofind,,0,None,true,
684,2111.543666,1695.579595,2313.802227,494.2859495,4.681100545,58.67224884,5.89949096,0.6225823118,0.158015117,0.150900133,9.661143303,4.021399021,223.4204048,0,false,false,daofind,,0,None,false,low_snr
685,650.8393991,840.3085384,2304.240659,462.5769635,4.981313036,43.6039238,6.82918569,0.6809401815,-0.08850619942,0.03200405023,9.729408264,3.763244867,650.8393991,0,false,false,daofind,,0,None,false,low_snr
686,1608.161536,314.0499688,2297.844031,492.3213369,4.667366329,34.9353714,7.618954519,0.5756362169,-0.3916688561,0.5135215061,10.40753365,4.005228519,314.0499688,0,false,false,daofind,,0,None,false,low_snr
687,2282.890497,1153.978658,2296.29706,448.7922958,5.116614259,25.69988251,8.880067271,0.4948498092,0.4208448827,-0.01960486915,9.309391975,3.649652004,276.1095033,0,false,false,daofind,,0,None,true,
688,326.9176626,748.9550046,2293.702644,475.3132835,4.825664933,50.31643677,6.342805707,0.6907274991,0.2969118953,0.2318597774,10.01689434,3.864611387,326.9176626,0,false,false,daofind,,0,None,false,low_snr
689,1550.06606,1534.771473,2291.40744,450.3385449,5.088188577,59.03170776,5.852969697,0.590286123,-0.3083249331,0.1971353242,9.634957314,3.66245985,384.2285273,0,false,false,daofind,,0,None,true,
690,2550.003444,236.5488475,2282.36303,456.4736499,4.999988566,33.10214233,7.800673504,0.6991803541,-0.1292056292,-0.1555384122,8.564439774,3.716067791,8.996555732,0,false,true,daofind,,0,None,false,low_snr;too_close_to_edge
691,1387.056703,150.9161399,2281.428312,438.3569038,5.204499559,36.0336647,7.475099652,0.7731767718,-0.2722881436,0.0241784063,8.966335297,3.56542182,150.9161399,0,false,false,daofind,,0,None,true,
692,1949.730431,1046.315455,2276.847808,453.729857,5.018069173,46.33195877,6.585586527,0.697982054,-0.3144064546,0.525493886,9.334529877,3.689150572,609.2695687,0,false,false,daofind,,0,None,true,
693,1085.853462,1619.744509,2270.797243,446.0975453,5.090360319,51.3187294,6.24912226,0.6716233832,0.4119173884,0.0548300006,9.681271553,3.628723621,299.2554911,0,false,false,daofind,,0,None,true,
694,789.7343173,1524.173182,2266.53838,470.2265008,4.820099199,57.40917969,5.90280801,0.702730528,-0.2596233487,0.290497557,9.59082222,3.826745033,394.8268183,0,false,false,daofind,,0,None,false,low_snr
695,2415.958309,1112.6354,2261.059775,435.0663461,5.197045911,53.41976929,6.111851699,0.6348055963,-0.1990323365,-0.1072499564,9.246900558,3.536893129,143.0416909,0,false,false,daofind,,0,None,true,
696,469.616189,1332.305586,2260.157223,472.9684853,4.77866347,47.55372238,6.476566905,0.6879017151,0.3632213771,0.05970051563,9.446277618,3.845966339,469.616189,0,false,false,daofind,,0,None,false,low_snr
697,1688.629394,1313.391413,2250.743701,484.3209266,4.647215466,34.99239349,7.534318699,0.8152579793,-0.253683269,-0.3657481712,9.341173172,3.941277981,605.6085873,0,false,false,daofind,,0,None,false,low_snr
698,719.4999782,1553.753991,2249.381247,454.1609487,4.952828404,45.99585724,6.56961571,0.6548150334,-0.07064889371,-0.2873706644,9.671088219,3.693628311,365.2460088,0,false,false,daofind,,0,None,false,low_snr
699,426.4944169,795.8585833,2243.927481,449.9971604,4.98653698,43.36759186,6.757554313,0.8310722033,0.5299021602,-0.05556857082,9.636719704,3.659162283,426.4944169,0,false,false,daofind,,0,None,false,low_snr
700,1959.958749,508.4715312,2213.468998,475.4554159,4.655471204,34.795681,7.492760333,0.848461197,0.7426010966,0.1483336615,9.873606682,3.869326115,508.4715312,0,false,false,daofind,,0,None,false,low_snr
701,2447.30041,1397.257002,2210.033859,484.4873684,4.561592321,48.89122009,6.31614099,0.6812305804,-0.3957242072,0.07764352912,9.109519958,3.940412998,111.6995901,0,false,false,daofind,,0,None,false,low_snr
702,908.714149,1018.481325,2209.028883,468.2993333,4.717130104,28.12244225,8.326106663,0.6715107072,-0.6510761976,-0.1615935805,9.538796425,3.810894728,900.5186751,0,false,false,daofind,,0,None,false,low_snr
703,2001.995207,398.1269546,2203.709124,482.1595524,4.570497697,51.44872284,6.148336458,0.7352500168,-0.1628061235,-0.07508875077,9.884609222,3.922256231,398.1269546,0,false,false,daofind,,0,None,false,low_snr
704,2323.310216,33.21017188,2201.350131,435.7767286,5.051555042,40.80704498,6.899931485,0.5584898562,0.2951710522,0.02511790542,8.182923317,3.544566393,33.21017188,0,false,false,daofind,,0,None,true,
705,1826.939757,340.7273298,2199.400851,458.6211221,4.795681544,36.67310333,7.275220374,0.7666088614,0.7432869673,0.3021701564,9.326898575,3.730140209,340.7273298,0,false,false,daofind,,0,None,false,low_snr
706,930.3481916,539.0695909,2192.951001,477.2456842,4.595014838,56.67646027,5.843605572,1.101972446,0.6338264346,0.3389835583,9.99020195,3.876644611,539.0695909,0,false,false,daofind,,0,None,false,low_snr;not_star_like
707,1089.912052,419.3930704,2191.333325,478.1148777,4.583277844,39.93127823,6.959297548,0.833656828,-0.1275796592,0.7473783613,10.4062109,3.890394688,419.3930704,0,false,false,daofind,,0,None,false,low_snr
708,296.7771747,2.777390195,2183.534731,387.5664097,5.63396279,35.58370972,7.359058081,0.3726142766,-0.1622605622,-0.5065139225,7.416290283,3.717349768,2.777390195,0,false,true,daofind,,0,None,false,too_close_to_edge
709,2133.497819,991.1833139,2171.711957,483.4327748,4.492272908,36.58481598,7.237998082,0.767350689,0.2748138607,-0.1771059544,9.412506104,3.929815769,425.5021815,0,false,false,daofind,,0,None,false,low_snr
710,1227.353608,1517.821912,2170.034317,475.358929,4.56504377,40.83174896,6.848604699,0.6071935886,-0.6258587241,-0.3060920821,9.829730034,3.866946459,401.1780877,0,false,false,daofind,,0,None,false,low_snr
711,2046.269937,509.8418939,2133.783769,467.0165127,4.568968571,37.59416199,7.077547443,1.035151514,0.8440543413,0.2570819677,9.739171028,3.798834562,509.8418939,0,false,false,daofind,,0,None,false,low_snr;not_star_like
712,1601.353048,1135.066185,2106.296057,467.6103962,4.50438244,33.07897949,7.496377455,1.037551658,-0.2527368069,0.3216622804,9.593740463,3.803094149,783.9338152,0,false,false,daofind,,0,None,false,low_snr;not_star_like
713,587.4015189,317.4544457,2104.793727,519.9683411,4.047926692,31.39121628,7.692517424,0.7456332349,0.6794584394,-0.01048176013,9.942637444,4.242931366,317.4544457,0,false,false,daofind,,0,None,false,low_snr
714,875.5314592,1014.965032,2103.231505,456.5620187,4.606672083,60.93167496,5.519373332,0.9104187708,0.2939839959,-0.2103728915,9.401661873,3.714018106,875.5314592,0,false,false,daofind,,0,None,false,low_snr
715,192.6736817,102.0748679,2098.432371,449.8730708,4.664498738,55.67515182,5.767459764,0.8218626133,-0.1783298701,-0.06257230331,8.658184052,3.659813166,102.0748679,0,false,false,daofind,,0,None,false,low_snr
716,80.91779397,560.5075039,2091.85937,402.0110372,5.203487409,40.55398941,6.747101454,0.7048273412,0.1781655103,0.7245271065,7.459192276,3.267401695,80.91779397,0,false,false,daofind,,0,None,true,
717,1200.254696,185.9877516,2091.331202,478.8132613,4.367738682,39.62423325,6.824938821,0.6002244442,-0.7805859447,-0.04776912863,9.375766754,3.896400928,185.9877516,0,false,false,daofind,,0,None,false,low_snr
718,1065.96435,924.8453848,2073.796812,450.5609414,4.602699927,29.76681519,7.841239257,0.538425574,-0.664970696,-0.0485416136,9.180261612,3.664551973,924.8453848,0,false,false,daofind,,0,None,false,low_snr
719,1836.612815,1602.649618,2067.20072,471.5878592,4.383490117,31.22982788,7.643184062,0.5875266909,-0.43068856,-0.5274761175,9.436841011,3.836784601,316.350382,0,false,false,daofind,,0,None,false,low_snr
720,2294.672727,693.9733986,2063.380252,461.5120645,4.470912921,46.66466904,6.246882392,0.8782626985,-0.764395535,-0.3305294465,10.00199795,3.753840208,264.3272731,0,false,false,daofind,,0,None,false,low_snr
721,833.9674811,1826.636129,2060.291763,460.0069731,4.478827243,27.99220657,8.05960181,0.679302228,0.251896143,0.5562255768,8.338084221,3.743585348,92.36387126,0,false,false,daofind,,0,None,false,low_snr
722,2043.270552,638.1500927,2048.304569,479.7645895,4.26939506,42.68257523,6.507883194,0.6179175523,0.3477912545,0.4144055826,9.65075779,3.902602911,515.7294482,0,false,false,daofind,,0,None,false,low_snr
723,1767.408804,1031.462284,2036.238448,485.6187378,4.193080476,50.84200668,5.945258806,0.5655453289,-0.2738209069,-0.4689959993,9.493063927,3.95311451,791.591196,0,false,false,daofind,,0,None,false,low_snr
724,350.2911666,1298.013794,2029.052574,468.0269627,4.335332652,39.37565231,6.743735978,0.534714099,0.3161586821,-0.1446159218,9.626209259,3.806536436,350.2911666,0,false,false,daofind,,0,None,false,low_snr
725,38.37321735,1528.411784,2026.091565,418.4771654,4.841582129,52.75295639,5.822023075,0.6038663526,0.5082237124,0.3098364938,6.913711071,3.403962612,38.37321735,0,false,false,daofind,,0,None,false,low_snr
726,1154.542229,1339.584271,2023.882326,465.8234553,4.344741131,52.94382858,5.808349581,0.6349861828,-0.6271486282,-0.06313953906,9.722838402,3.789515734,579.4157293,0,false,false,daofind,,0,None,false,low_snr
727,856.9815048,1662.947649,2019.563373,461.2577543,4.37838357,39.10149384,6.751493563,0.55861,0.6630103588,0.1449619839,9.231837273,3.752094269,256.052351,0,false,false,daofind,,0,None,false,low_snr
728,1893.392323,180.5000232,2016.657518,472.2111535,4.270668964,37.90358734,6.852415789,0.6166883379,-0.342341274,-0.1616451758,9.429743767,3.842997313,180.5000232,0,false,false,daofind,,0,None,false,low_snr
729,1701.970388,1812.637245,2013.105692,443.183971,4.542370266,42.28900146,6.481676669,0.5896444587,-0.161487639,0.4209377024,8.37180233,3.603595972,106.3627554,0,false,false,daofind,,0,None,false,low_snr
730,1134.128639,736.1993999,2010.026652,454.3618256,4.423845797,34.5804863,7.162310584,0.8479481082,-0.3065646291,-0.2809173343,9.752845764,3.692734957,736.1993999,0,false,false,daofind,,0,None,false,low_snr
731,2483.073295,881.8993768,2002.344073,440.0141869,4.550635257,35.51202011,7.054227378,0.5622038139,-0.4092005491,-0.5895269076,8.487978935,3.579705477,75.92670479,0,false,false,daofind,,0,None,false,low_snr
732,594.8104155,969.7709655,1994.30131,478.7592286,4.165562126,43.13677979,6.387623595,0.6129127546,-0.4015971422,-0.0880974161,9.863220215,3.895299435,594.8104155,0,false,false,daofind,,0,None,false,low_snr
733,2007.715675,1595.232225,1981.297902,454.4149539,4.360107176,31.54332161,7.44541599,0.8318568976,0.01780998707,0.2543089947,9.790010452,3.696118116,323.7677745,0,false,false,daofind,,0,None,false,low_snr
734,713.1551809,1466.357645,1976.040729,450.7892522,4.383513403,47.71361542,6.045671881,0.5888344948,0.2121221274,0.4310323963,9.619718552,3.66663456,452.6423553,0,false,false,daofind,,0,None,false,low_snr
735,1925.220748,1408.077148,1970.87642,479.5576836,4.109779673,26.85037994,8.048635666,0.4279710991,0.6686818004,-0.9569025748,9.491453171,3.901937485,510.9228523,0,false,false,daofind,,0,None,false,low_snr
736,2508.296257,1321.542629,1968.189674,489.9350617,4.017246015,48.11003113,6.008740457,0.8259817266,0.4893924892,0.1113256561,8.889587402,3.987144947,50.70374282,0,false,false,daofind,,0,None,false,low_snr
737,1312.027134,1106.197619,1967.664982,445.2618019,4.41911921,32.03192902,7.362949495,0.6318342426,-0.3000949919,-0.2058620935,9.634737968,3.62243557,812.8023815,0,false,false,daofind,,0,None,false,low_snr
738,899.0385756,1305.360436,1961.745941,472.1265855,4.155127037,45.06971741,6.197931237,0.6175437587,0.7041980028,0.4929781125,9.930579185,3.840317011,613.6395643,0,false,false,daofind,,0,None,false,low_snr
739,1985.929744,1106.819735,1958.973844,469.8749829,4.169138421,36.37720871,6.893938784,0.6470672972,0.5651853085,0.1275484622,9.289460182,3.822802067,573.0702557,0,false,false,daofind,,0,None,false,low_snr
740,764.3485507,1285.746886,1952.642894,463.7838989,4.210242957,43.98423767,6.259370631,0.7498539459,0.3163251281,-0.02504168234,9.67828846,3.772209167,633.2531143,0,false,false,daofind,,0,None,false,low_snr
741,728.0706264,1655.385434,1942.931909,467.8593702,4.152811792,26.72646332,8.009876756,0.3983712335,-0.598903656,-0.2331723415,9.610552788,3.806685448,263.6145664,0,false,false,daofind,,0,None,false,low_snr
742,2085.141058,1780.345062,1942.092966,477.3638836,4.068370131,38.23366547,6.695450899,0.6380004341,-0.3673424125,-0.2445031752,9.099666595,3.883916378,138.6549376,0,false,false,daofind,,0,None,false,low_snr
743,694.0540392,678.0958194,1936.205706,453.1497853,4.272771982,47.67990112,5.986539669,0.7693968274,0.9831901193,0.09099156503,9.320098877,3.686607122,678.0958194,0,false,false,daofind,,0,None,false,low_snr
744,2030.094156,48.60672154,1934.983449,442.3208182,4.374615369,24.08069229,8.421160274,0.4244619069,-0.04374948889,-0.8092450452,7.58497715,3.599301338,48.60672154,0,false,false,daofind,,0,None,false,low_snr
745,1661.785878,1163.008387,1931.422282,466.9903089,4.135893712,31.56746483,7.348294543,0.5143384061,0.9228415489,0.2698409071,9.432535172,3.798988104,755.9916126,0,false,false,daofind,,0,None,false,low_snr
746,179.5145311,753.1101239,1925.811907,514.3820278,3.743933113,46.94365692,6.017086634,0.9587443432,-0.2103500962,0.0431485319,9.735380173,4.179695606,179.5145311,0,false,false,daofind,,0,None,false,low_snr
747,670.1794471,1835.518681,1924.668204,440.408327,4.370190313,64.99464417,5.112189459,0.7951506954,0.02774359845,0.1485167906,8.002419472,3.58419013,83.48131864,0,false,false,daofind,,0,None,false,low_snr
748,669.4416506,1662.865211,1917.456272,472.9409879,4.054324579,35.775383,6.877623192,0.7451188989,-0.00722065242,-0.3604063057,9.55795002,3.848632574,256.1347889,0,false,false,daofind,,0,None,false,low_snr
749,1121.247204,145.1078878,1911.757793,497.1217182,3.845653334,30.92127609,7.386786047,0.6496184109,-0.42054075,-0.09907367084,9.081999779,4.045960426,145.1078878,0,false,false,daofind,,0,None,false,low_snr
750,2101.058296,622.1906843,1896.352796,476.0863758,3.983211645,53.38323975,5.599185999,0.7122191953,0.6982129812,-0.1828263604,9.283428192,3.871529579,457.941704,0,false,false,daofind,,0,None,false,low_snr
751,2550.700552,303.8183597,1889.687872,452.2585654,4.178335175,50.38460922,5.753258403,0.6549744264,0.01751337945,0.04272602409,8.615389824,3.692458391,8.299448167,0,false,true,daofind,,0,None,false,low_snr;too_close_to_edge
752,2207.22283,281.9911154,1882.796936,483.2885591,3.89580283,36.23512268,6.771808424,0.7262346105,0.004037227947,-0.8633541894,9.764876366,3.928891897,281.9911154,0,false,false,daofind,,0,None,false,low_snr
753,1635.666526,382.0844447,1853.405339,474.3091341,3.907589389,25.85157013,7.954438564,0.6711090317,-0.1530542523,0.1807436794,9.815097809,3.857466221,382.0844447,0,false,false,daofind,,0,None,false,low_snr
754,424.7494513,359.8513856,1851.955097,492.9472653,3.756903075,47.39233017,5.872580582,0.8477576627,-0.08666418493,0.02203498189,9.60766983,4.009419918,359.8513856,0,false,false,daofind,,0,None,false,low_snr
755,2235.51681,408.6025587,1845.466101,483.3345487,3.818196124,54.62268448,5.460523819,0.7197027914,-0.6534454226,-0.196642606,10.04397964,3.929350376,323.4831898,0,false,false,daofind,,0,None,false,low_snr
756,1165.567402,1024.25357,1833.736768,416.151093,4.406420646,31.0906353,7.214753344,0.6857845953,-0.6685917974,-0.2828600568,7.576032639,3.369548082,894.7464301,0,false,false,daofind,,0,None,false,low_snr
757,229.5261169,1114.719055,1822.593169,452.8644293,4.02458893,39.86843491,6.351818288,0.5927238505,-0.6306502223,0.1647033249,9.13156414,3.684914589,229.5261169,0,false,false,daofind,,0,None,false,low_snr
758,1880.471453,13.89845919,1814.813742,420.6742467,4.314059528,45.80806351,5.913067723,0.6116164051,0.004489297513,-0.01872914745,6.860673428,3.422093391,13.89845919,0,false,true,daofind,,0,None,false,low_snr
759,488.2186033,1532.798324,1804.05057,488.3698596,3.694025203,45.64791489,5.905839922,0.8136461609,0.2161382288,-0.1813241929,9.685416222,3.973172665,386.2016757,0,false,false,daofind,,0,None,false,low_snr
760,1070.127711,1871.044137,1802.105832,446.6908113,4.034347219,22.17544556,8.468797699,0.4948960759,0.05677881837,0.7348402654,7.494207382,3.633206129,47.95586312,0,false,false,daofind,,0,None,false,low_snr
761,1220.957832,1004.3956,1798.012533,767.8250927,2.34169546,46.41944122,5.84674554,0.3934442783,0.7031490207,0.5372516789,20.16345024,6.274042606,914.6043997,0,false,false,daofind,,0,None,false,low_snr
762,1864.086051,929.1222069,1788.090201,482.1816147,3.70833343,39.65554428,6.308273931,0.5242188964,-0.1479501277,-0.8204043369,9.677787781,3.922517776,694.9139491,0,false,false,daofind,,0,None,false,low_snr
763,2434.138742,1059.093725,1774.177386,437.7574773,4.052877399,33.24415588,6.862915545,0.6108535926,-0.275804013,-0.4796359041,9.118861198,3.561435938,124.8612581,0,false,false,daofind,,0,None,false,low_snr
764,375.7384888,1712.207876,1755.102223,473.9107641,3.703444521,59.22654343,5.11400095,0.7059927808,0.3970354199,0.3401622775,9.770917892,3.853721619,206.7921235,0,false,false,daofind,,0,None,false,low_snr
765,63.5962447,202.4428056,1755.073962,439.7728565,3.990864684,34.92671585,6.659423371,0.9820785654,0.2240056396,-0.4499802601,7.766793728,3.576435328,63.5962447,0,false,false,daofind,,0,None,false,low_snr
766,122.5445895,680.9379384,1753.326055,429.72807,4.080082678,45.01094437,5.86327239,0.5784001187,-0.517105639,0.02032458672,8.98905468,3.499649763,122.5445895,0,false,false,daofind,,0,None,false,low_snr
767,602.7478386,1180.014153,1752.541262,461.9162317,3.794067283,33.13025665,6.832655364,0.7056681981,0.1844767779,-0.05663289801,9.536413193,3.756853104,602.7478386,0,false,false,daofind,,0,None,false,low_snr
768,967.241699,830.8975474,1734.505532,449.2455053,3.860930185,29.78452301,7.169028548,0.5727028242,0.04232523218,-0.3824271448,9.548810005,3.654388905,830.8975474,0,false,false,daofind,,0,None,false,low_snr
769,1156.785185,165.5937355,1732.196576,486.8980598,3.55761651,43.48071289,5.929499678,0.7023276053,-1.011818051,-0.2592231594,9.185954094,3.961527109,165.5937355,0,false,false,daofind,,0,None,false,low_snr;too_elongated
770,938.6799372,1550.416116,1724.367828,480.7872646,3.586550551,17.32990265,9.370972947,0.3404321235,-1.171189427,-0.8583336772,9.670825005,3.912177324,368.5838836,0,false,false,daofind,,0,None,false,low_snr;too_elongated
771,166.1450219,1917.07473,1717.173637,378.5173313,4.536578632,43.25801849,5.918907938,0.5978275968,-0.2477844507,-0.4667836616,9.075315475,3.775705099,1.925270081,0,false,true,daofind,,0,None,false,low_snr;too_close_to_edge
772,2277.946981,1192.316957,1716.150072,465.7975925,3.684325767,39.27114105,6.210243961,0.5415389186,-0.0456793569,-0.2661439445,9.390083313,3.789086103,281.0530189,0,false,false,daofind,,0,None,false,low_snr
773,568.6357577,1450.629424,1712.792714,453.6635667,3.775468959,42.27886581,5.979412694,0.796421132,-0.07030551881,0.1312933791,9.39138031,3.689452648,468.3705763,0,false,false,daofind,,0,None,false,low_snr
774,991.9254777,1620.581686,1707.408185,457.7160402,3.730278241,31.9877739,6.863481392,0.8287707545,-0.4368886948,0.2215569815,9.678247452,3.722970724,298.4183145,0,false,false,daofind,,0,None,false,low_snr
775,2293.192714,1887.858942,1693.903222,432.8806645,3.913095135,21.9144783,8.259362333,0.3851875255,0.9828556776,1.44765599,7.752188683,3.521578312,31.14105835,0,false,false,daofind,,0,None,false,low_snr;too_elongated
776,1147.645088,1160.460664,1688.7262,453.6807428,3.722278776,32.19950485,6.803349999,0.6079968542,0.7432493567,0.06626961983,9.467163086,3.687987566,758.5393359,0,false,false,daofind,,0,None,false,low_snr
777,278.129595,1799.408637,1676.938395,511.0795959,3.281168742,32.04343414,6.796053938,0.8623876278,-0.2364294827,-0.9036015179,9.965312004,4.157034874,119.5913635,0,false,false,daofind,,0,None,false,low_snr
778,997.6944345,1525.96306,1674.83195,458.4313664,3.653397374,66.29344177,4.721914565,0.8223400061,-0.5460323691,-0.2959459138,9.706561089,3.728535175,393.0369401,0,false,false,daofind,,0,None,false,low_snr
779,1261.14353,832.3128271,1664.788084,738.3915164,2.254614317,48.99103928,5.476321582,0.6167927521,-0.6207947135,-0.8543068005,17.51655006,5.992878914,832.3128271,0,false,false,daofind,,0,None,false,low_snr
780,275.3022053,149.52791,1663.191212,487.8440761,3.409268029,37.40855026,6.264024414,0.6739640767,-0.4235881865,0.2156844256,8.928051949,3.973532677,149.52791,0,false,false,daofind,,0,None,false,low_snr
781,1884.619405,1610.911766,1660.591463,470.4351058,3.529905492,34.74403763,6.49469928,0.9497378974,-0.9936354756,0.1411788568,9.589294434,3.827538252,308.0882335,0,false,false,daofind,,0,None,false,low_snr
782,815.7757268,594.6430583,1660.35001,458.3120598,3.62274999,33.77412033,6.586816902,0.7447766191,-0.4894645512,0.194090361,9.892547607,3.728171349,594.6430583,0,false,false,daofind,,0,None,false,low_snr
783,744.4494814,666.8599865,1650.437163,457.497872,3.607529705,33.60893631,6.583243258,0.7494907085,-0.5655437112,-0.586311582,9.387672424,3.720791578,666.8599865,0,false,false,daofind,,0,None,false,low_snr
784,1810.727504,1456.548605,1648.67539,483.6510848,3.40881152,39.8711586,6.040959714,0.5938901432,-0.7916009426,-0.5644318055,9.452685356,3.934299231,462.4513953,0,false,false,daofind,,0,None,false,low_snr
785,1931.038961,929.2857693,1621.825148,482.8089269,3.359144908,56.29623413,5.042316855,0.964398474,0.5413664579,-0.1020621116,9.703767776,3.928118706,627.9610388,0,false,false,daofind,,0,None,false,low_snr
786,954.0846793,212.490606,1619.573466,446.8870832,3.62412235,46.42633438,5.548631957,0.7741914841,0.04271861538,0.2771724265,9.240332603,3.635672331,212.490606,0,false,false,daofind,,0,None,false,low_snr
787,1475.609676,274.5595362,1617.299074,492.7331396,3.282302213,43.95485687,5.6984865,0.878027599,0.6016572118,-0.2417992469,10.37847614,4.010621548,274.5595362,0,false,false,daofind,,0,None,false,low_snr
788,207.8293395,1647.045186,1607.432106,481.0790877,3.3413053,52.38832855,5.203754959,0.5979487171,-0.3772860169,-0.2906920794,10.27833939,3.913815975,207.8293395,0,false,false,daofind,,0,None,false,low_snr
789,2178.66806,1834.582135,1585.824347,440.1162082,3.603194605,36.98617554,6.151423356,1.048923775,-0.1009878665,-0.09511591425,8.347155571,3.577436924,84.41786502,0,false,false,daofind,,0,None,false,low_snr;not_star_like
790,1427.166193,562.4297353,1584.345651,424.6260683,3.731154936,27.64929581,7.111328165,0.6622537994,0.106874682,0.5724124437,9.347953796,3.453168631,562.4297353,0,false,false,daofind,,0,None,false,low_snr
791,154.1143841,1364.16868,1582.252972,426.2691051,3.711864062,42.12085342,5.757807869,0.9948429094,0.06637626886,0.3964314642,8.87914753,3.465385199,154.1143841,0,false,false,daofind,,0,None,false,low_snr
792,1998.098345,1917.732401,1566.548894,362.9730083,4.315882608,64.99848938,4.611987646,0.902917144,-0.193897754,-0.7661943105,7.33484602,3.74867177,1.267598508,0,false,true,daofind,,0,None,false,low_snr;too_close_to_edge
793,1198.972325,442.5310119,1564.600918,465.2728987,3.362759625,38.06946182,6.022561057,0.8055693,-0.2506494522,0.06114688285,9.597205162,3.783507109,442.5310119,0,false,false,daofind,,0,None,false,low_snr
794,469.4177635,88.53108879,1561.620718,455.0089282,3.4320661,42.41426849,5.700324513,0.6760444951,0.1156911105,0.1755035228,7.927831173,3.710345984,88.53108879,0,false,false,daofind,,0,None,false,low_snr
795,1228.126973,1839.500456,1553.209181,435.8075372,3.563979621,29.81377792,6.780695754,0.5431610758,-0.8686230183,-0.556813554,7.855205536,3.544955254,79.49954373,0,false,false,daofind,,0,None,false,low_snr
796,905.2530575,1127.476549,1552.054564,458.6909158,3.383661003,24.76649857,7.436849228,0.8069277959,0.1784332693,0.1412806827,9.558896065,3.729367495,791.5234505,0,false,false,daofind,,0,None,false,low_snr
797,1033.901793,1167.374133,1543.785876,478.9251066,3.22343902,49.43347168,5.249896792,0.5252571433,-0.08582199365,0.2621929342,9.899860382,3.895570993,751.6258667,0,false,false,daofind,,0,None,false,low_snr
798,2030.698399,346.9637767,1538.75221,491.4488109,3.131052871,50.98540878,5.160944418,0.6376626715,-0.3077346087,0.06432447494,10.01459122,3.998661995,346.9637767,0,false,false,daofind,,0,None,false,low_snr
799,1889.526354,601.5188155,1530.969579,455.5007996,3.361068917,39.63507843,5.838633429,0.7384335546,0.478808105,-0.2083200805,9.364922523,3.704108953,601.5188155,0,false,false,daofind,,0,None,false,low_snr
800,316.7914246,1054.002913,1529.120462,437.4956016,3.495167624,36.71715546,6.062533141,0.9732447792,-0.09898551553,-0.3580887629,9.616178513,3.557588339,316.7914246,0,false,false,daofind,,0,None,false,low_snr
801,1746.776715,419.0422458,1528.973096,455.9329208,3.353504487,24.22526169,7.463344231,0.3039865874,0.05821329355,0.1808155889,9.774737358,3.708402872,419.0422458,0,false,false,daofind,,0,None,false,low_snr
802,511.3464267,303.6055789,1521.233286,480.4792963,3.16607458,41.04004669,5.719548889,0.7683964673,0.4014883935,-0.1311788157,9.960319519,3.905517101,303.6055789,0,false,false,daofind,,0,None,false,low_snr
803,1449.996759,1795.604841,1518.525058,431.0976655,3.522461797,45.87765884,5.404781575,0.7771705133,-0.6433415413,-0.3447499503,8.122341156,3.505243063,123.3951586,0,false,false,daofind,,0,None,false,low_snr
804,1598.854467,1287.895176,1516.968439,464.7521007,3.264037832,45.3524704,5.433198701,0.8409682843,-0.007410674822,0.04930623142,9.314199448,3.780349731,631.1048242,0,false,false,daofind,,0,None,false,low_snr
805,1261.693409,1114.576392,1515.262129,434.1090634,3.490510235,30.59737015,6.611037554,0.6572986258,0.01963809505,-0.100509345,9.441971779,3.537367344,804.4236078,0,false,false,daofind,,0,None,false,low_snr
806,193.3676796,1294.308353,1511.855538,459.7982456,3.288084616,30.54454803,6.609309444,0.6321451078,0.09799090028,-0.8436740631,9.437623024,3.740115643,193.3676796,0,false,false,daofind,,0,None,false,low_snr
807,262.5136688,285.3483636,1510.700636,486.4951849,3.105273563,20.25046539,8.114083856,0.2997061319,0.4247981012,-0.7467431437,10.41341972,3.95868206,262.5136688,0,false,false,daofind,,0,None,false,low_snr
808,411.6873316,1447.465515,1506.032169,484.8639369,3.106092357,19.75224304,8.203075404,0.4995385087,0.929690063,0.4138679393,9.580471992,3.944665194,411.6873316,0,false,false,daofind,,0,None,false,low_snr
809,1550.633876,367.2350255,1500.832944,486.2507616,3.086541065,30.91680527,6.545407075,0.7690723766,-0.4545193613,0.1598373873,10.08319569,3.95726943,367.2350255,0,false,false,daofind,,0,None,false,low_snr
810,733.6717799,593.2229617,1484.824348,450.4327085,3.29643989,50.42125702,5.097984325,0.6859916315,0.2108842283,0.2395523087,9.91040802,3.663751364,593.2229617,0,false,false,daofind,,0,None,false,low_snr
811,893.4409776,1638.221198,1482.160566,462.7142384,3.203187718,41.44649887,5.6178675,0.6426233614,-0.01345736533,0.1629653493,9.553502083,3.76392746,280.7788024,0,false,false,daofind,,0,None,false,low_snr
812,1270.201667,1803.155984,1479.164659,427.2342685,3.462186364,37.99390411,5.86163929,0.7403573633,0.6405869722,0.2779674873,8.358049393,3.474284887,115.844016,0,false,false,daofind,,0,None,false,low_snr
813,1173.835882,291.3014169,1477.289318,471.84203,3.130898105,59.61885452,4.676368806,0.8313137552,0.2551978528,-0.2877878403,9.7144804,3.838361025,291.3014169,0,false,false,daofind,,0,None,false,low_snr
814,370.6336903,458.1089861,1475.560818,484.8800747,3.043145915,30.44394302,6.540273303,0.8397387665,-0.2653099895,-0.4711327682,9.889389038,3.944755793,370.6336903,0,false,false,daofind,,0,None,false,low_snr
815,1594.687884,873.1588405,1470.257238,508.7968334,2.889674506,41.41606903,5.597318437,1.202288696,0.06025969982,0.5845417447,9.898900986,4.138275623,873.1588405,0,false,false,daofind,,0,None,false,low_snr;not_star_like
816,748.6131603,1783.105895,1469.195697,431.3398766,3.406120734,62.12746048,4.568417777,0.6484617102,-0.2893197536,-0.3472349556,8.539204597,3.508154631,135.8941053,0,false,false,daofind,,0,None,false,low_snr
817,637.6348139,260.8845327,1466.864483,773.6808044,1.895955638,64.53426361,4.478861233,0.8734366075,-0.2042893916,0.05659732175,11.46573448,6.277117729,260.8845327,0,false,false,daofind,,0,None,false,low_snr
818,542.4046244,460.1239086,1465.492107,475.7231854,3.080556408,32.59752274,6.298936545,0.7409607536,-0.3639110327,0.1601432657,9.734092712,3.869676352,460.1239086,0,false,false,daofind,,0,None,false,low_snr
819,889.7531136,1520.38033,1459.235623,476.9812204,3.059314624,19.72313309,8.080580271,0.5011102742,-0.03184007481,0.4768232075,9.610201836,3.880763054,398.6196699,0,false,false,daofind,,0,None,false,low_snr
820,1812.435251,1850.273935,1454.593286,424.6841133,3.425118201,29.36165047,6.612236019,0.602362889,-0.7245384455,-0.6134231961,7.639626503,3.454180717,68.72606479,0,false,false,daofind,,0,None,false,low_snr
821,2360.777964,1008.641356,1451.315481,451.2110257,3.216489399,27.90270996,6.775252909,0.6858158678,0.05935911462,-0.1181285401,10.09784222,3.669994593,198.2220365,0,false,false,daofind,,0,None,false,low_snr
822,1243.393545,160.3626019,1447.944637,463.443348,3.124318523,29.61512375,6.568814417,0.6051895002,0.3380306661,0.1792833758,9.038152695,3.770766497,160.3626019,0,false,false,daofind,,0,None,false,low_snr
823,2096.155985,1257.499115,1439.63158,516.2976832,2.788375054,33.93717575,6.118650172,0.5826476685,-0.004512562416,0.1337927284,9.729492188,4.209300041,462.8440147,0,false,false,daofind,,0,None,false,low_snr
824,2283.637416,987.8811242,1427.571063,477.7139269,2.988338801,21.95099831,7.575992217,0.5467858723,0.7557469606,0.1809917991,9.715667725,3.888087511,275.3625842,0,false,false,daofind,,0,None,false,low_snr
825,1990.880217,981.9524242,1425.124643,465.7730001,3.059697841,30.38512039,6.433743375,0.6517884426,0.3513879776,0.467831797,9.281546593,3.788675308,568.1197832,0,false,false,daofind,,0,None,false,low_snr
826,1726.314225,642.7538291,1424.13438,496.0347776,2.871037363,23.2714386,7.34905774,0.5345574036,0.1665822268,0.2283257874,9.728562355,4.036334038,642.7538291,0,false,false,daofind,,0,None,false,low_snr
827,1491.268919,1242.064498,1417.999768,450.9056013,3.144781887,44.99158478,5.274001199,0.6606349782,-0.4415186346,0.009760491131,9.341745377,3.666865587,676.9355024,0,false,false,daofind,,0,None,false,low_snr
828,162.9466224,196.4460919,1416.411135,473.7312521,2.989904358,39.86116028,5.59999305,0.6524598053,0.4176003933,0.1420216081,9.12765789,3.855049133,162.9466224,0,false,false,daofind,,0,None,false,low_snr
829,384.2729143,1409.208463,1408.69796,491.1280853,2.868290375,18.69472885,8.154871977,0.5738429528,0.2602598965,0.06556387192,9.637121201,3.99582839,384.2729143,0,false,false,daofind,,0,None,false,low_snr
830,2396.163143,953.3497705,1399.348989,435.0532081,3.216500793,19.53921127,7.950186094,0.5366540196,0.4612192214,0.2598223969,9.46078968,3.539274454,162.8368573,0,false,false,daofind,,0,None,false,low_snr
831,1613.735163,1490.263957,1390.578321,469.5414491,2.961566701,26.38661575,6.819831909,0.7735474163,0.06611073017,0.134613662,9.948403358,3.820324421,428.7360429,0,false,false,daofind,,0,None,false,low_snr
832,1970.133982,160.4472084,1389.953044,466.525194,2.979374023,19.31141853,7.970044865,0.474325917,0.000434227637,0.4538982192,9.339020729,3.79489851,160.4472084,0,false,false,daofind,,0,None,false,low_snr
833,1832.255226,1230.662678,1377.206254,452.0440177,3.046619799,29.80612946,6.385787925,1.191059199,-0.02758419141,-0.8190944446,9.19992733,3.676741362,688.3373217,0,false,false,daofind,,0,None,false,low_snr;not_star_like
834,2181.904946,238.8659976,1372.119685,470.8593382,2.914075549,31.07322693,6.242673321,0.7397275781,-0.5492976904,-0.3391174164,9.593440056,3.828631401,238.8659976,0,false,false,daofind,,0,None,false,low_snr
835,823.6194507,622.7554638,1362.771466,463.9066756,2.937598309,34.76173401,5.882048344,0.5998959435,-0.4643554091,0.3934511304,9.904934883,3.774272442,622.7554638,0,false,false,daofind,,0,None,false,low_snr
836,1602.782538,1192.428213,1356.9297,467.4418748,2.902884343,31.35699463,6.179868701,0.9453055064,0.5994787812,0.1752862356,9.309674263,3.802410364,726.5717868,0,false,false,daofind,,0,None,false,low_snr
837,185.3752043,245.541559,1350.610087,472.9818886,2.855521786,27.64040756,6.566902421,0.7512473077,0.6866681576,0.02943052691,9.6929245,3.847340822,185.3752043,0,false,false,daofind,,0,None,false,low_snr
838,2324.586232,679.9586387,1349.624125,481.5242308,2.802816636,53.30152512,4.727204478,0.7854624956,-0.3164156675,0.07886255166,10.03219223,3.919987202,234.4137679,0,false,false,daofind,,0,None,false,low_snr
839,1055.585137,955.1614046,1347.489015,464.2255427,2.902660217,40.65790176,5.408264525,0.7054917872,-0.03430921212,-0.05540023316,9.675431252,3.776046276,955.1614046,0,false,false,daofind,,0,None,false,low_snr
840,337.7820192,576.8871005,1345.939855,485.8752868,2.770134418,32.67544556,6.029341145,0.7453193672,0.2807197273,-0.1290677856,9.991224289,3.95152235,337.7820192,0,false,false,daofind,,0,None,false,low_snr
841,438.3251344,1368.750516,1344.59822,488.3729828,2.75321991,34.990242,5.823587198,0.8291356321,0.4510051012,0.4953039974,9.67642498,3.974321842,438.3251344,0,false,false,daofind,,0,None,false,low_snr
842,506.1256732,1334.541178,1343.377199,461.1316163,2.913218594,30.94962692,6.189264846,0.7556034733,-0.04267209023,0.3568113672,9.383706093,3.752358198,506.1256732,0,false,false,daofind,,0,None,false,low_snr
843,1374.525945,123.8665883,1339.831189,435.3436168,3.077640598,22.20728302,7.297012963,0.5527768845,0.06151879579,-0.340618194,8.470508575,3.543781042,123.8665883,0,false,false,daofind,,0,None,false,low_snr
844,1005.870883,237.5819285,1323.137365,450.5944346,2.936426338,22.86982346,7.145602459,0.6350218009,0.3832022846,0.1083612357,9.463507652,3.663161278,237.5819285,0,false,false,daofind,,0,None,false,low_snr
845,1766.318015,1371.193441,1322.991651,490.7555348,2.695826246,26.75904465,6.60558126,0.7950368714,-0.2596620023,0.1457882611,9.907622337,3.992869139,547.8065589,0,false,false,daofind,,0,None,false,low_snr
846,1505.188578,516.6354518,1320.064357,455.741278,2.896521383,22.00793457,7.27571534,0.6422392181,-0.7753723264,0.03252261293,9.322998047,3.704841852,516.6354518,0,false,false,daofind,,0,None,false,low_snr
847,228.7846717,1192.935541,1316.348116,463.4433913,2.840364413,24.34327126,6.908180854,0.5495287923,-0.5896199346,-0.5231621741,8.998299599,3.770300627,228.7846717,0,false,false,daofind,,0,None,false,low_snr
848,2469.91008,1634.252328,1314.364563,459.5393091,2.860178743,21.72218323,7.307586659,0.6178029646,-0.1650701314,0.4691063353,9.282642365,3.738602638,89.08991957,0,false,false,daofind,,0,None,false,low_snr
849,651.1161654,1570.276144,1308.014729,461.3459231,2.835214671,24.33121872,6.887984731,0.8033666913,-0.3425531387,-0.7049168445,9.668874741,3.752658844,348.7238562,0,false,false,daofind,,0,None,false,low_snr
850,180.0601365,1394.994816,1293.997698,444.4019359,2.911773316,36.60196686,5.58576075,0.9823404038,-0.2723356485,-0.2509908652,9.398033142,3.613572359,180.0601365,0,false,false,daofind,,0,None,false,low_snr
851,2356.213461,337.0581751,1293.876506,485.161825,2.666896775,42.12290955,5.206609695,0.8134799342,0.5949779153,0.04707390636,9.8770895,3.947407961,202.7865386,0,false,false,daofind,,0,None,false,low_snr
852,1056.582107,333.5870872,1293.115804,460.3727097,2.808845479,22.68065071,7.093470133,0.7755360193,-0.1101630181,-0.4685513881,9.9852314,3.743155718,333.5870872,0,false,false,daofind,,0,None,false,low_snr
853,254.5704545,1892.306086,1292.244291,510.6914304,2.53038178,19.21152878,7.704760406,0.4555660843,-0.2656214535,-0.1988144827,9.460077286,4.154491901,26.69391357,0,false,false,daofind,,0,None,false,low_snr
854,2135.374941,221.2317415,1287.097702,485.7715079,2.649594883,31.50766754,6.004341985,0.9213574341,0.7995494604,-0.2663253748,9.825663567,3.952836037,221.2317415,0,false,false,daofind,,0,None,false,low_snr
855,1443.262108,298.6704164,1282.525335,472.5706138,2.713933742,34.73255539,5.708636602,0.9761269054,0.4072793722,0.05492462465,10.26744366,3.841694355,298.6704164,0,false,false,daofind,,0,None,false,low_snr
856,2487.231008,1766.728385,1282.086345,450.6933827,2.844697512,25.0508194,6.720714693,0.4546785776,-0.09875719249,-0.07444492607,8.619891167,3.666275501,71.76899211,0,false,false,daofind,,0,None,false,low_snr
857,2305.786076,446.4767403,1277.841645,474.0611852,2.695520505,39.45972061,5.346004325,0.8159153963,0.4016019702,0.1422814565,9.880496979,3.859009504,253.2139237,0,false,false,daofind,,0,None,false,low_snr
858,518.0037566,690.8281492,1269.57014,499.1192668,2.543620783,16.41543579,8.26170971,0.1632440257,0.7957796454,1.454465029,9.913227081,4.061727524,518.0037566,0,false,false,daofind,,0,None,false,low_snr;not_star_like;too_elongated
859,1834.127884,1888.268428,1268.166113,431.0609685,2.941964607,19.68896103,7.539533274,0.3331549917,-0.44296664,-0.6878581421,6.991709232,3.506164074,30.73157219,0,false,false,daofind,,0,None,false,low_snr
860,942.2682281,291.6375899,1267.187868,454.4090437,2.788650195,25.59212875,6.610511835,0.6145517346,-0.03331062943,-0.3210886397,9.405056953,3.696750164,291.6375899,0,false,false,daofind,,0,None,false,low_snr
861,1993.236052,278.5641478,1264.890366,481.7749146,2.625479923,46.61225891,4.893776793,0.6126672234,0.7275860906,0.008844393589,10.05440903,3.919780016,278.5641478,0,false,false,daofind,,0,None,false,low_snr
862,2025.598646,137.7969514,1248.164698,464.9562912,2.684477491,24.16928482,6.751057976,0.9132018259,0.3562666774,-0.1332314219,9.164048195,3.783371925,137.7969514,0,false,false,daofind,,0,None,false,low_snr
863,1081.946133,458.966845,1244.734881,472.260176,2.635697322,33.58795929,5.718925127,0.7096787043,0.07137117535,-0.4240637728,10.41204262,3.841187239,458.966845,0,false,false,daofind,,0,None,false,low_snr
864,930.3837442,1774.657506,1244.126456,457.9920762,2.716480308,35.12044525,5.591393355,0.8900744113,-0.04660891369,0.1504359769,8.547207832,3.725991011,144.3424944,0,false,false,daofind,,0,None,false,low_snr
865,1713.443278,1120.249713,1240.193422,465.087804,2.666579108,34.74619293,5.612532749,0.814404028,0.2270712256,0.1325382215,9.587141037,3.78455162,798.7502871,0,false,false,daofind,,0,None,false,low_snr
866,638.4578695,1495.986605,1235.046282,452.7021737,2.728165124,49.43218231,4.695745102,0.8741302499,0.1615028977,-0.2140105339,9.567817688,3.682564259,423.0133945,0,false,false,daofind,,0,None,false,low_snr
867,834.178331,962.6369691,1217.438456,465.4178536,2.615796637,33.79099274,5.638853641,0.8706888808,0.2215778828,0.6711294582,9.209724426,3.784173727,834.178331,0,false,false,daofind,,0,None,false,low_snr
868,268.3329008,1861.579058,1216.455617,511.7095246,2.377238566,38.45848083,5.283477488,0.8262787866,0.5973095894,0.3000546092,9.539792061,4.162781239,57.42094186,0,false,false,daofind,,0,None,false,low_snr
869,1957.945627,1451.214752,1208.231001,456.170856,2.648636986,35.00176239,5.519475642,0.7265964165,0.06412018836,0.4445210549,9.331567764,3.709058523,467.7852478,0,false,false,daofind,,0,None,false,low_snr
870,996.1608414,167.2858623,1192.905848,475.0385704,2.511176822,31.86317444,5.748126975,0.7644437927,0.264013797,0.004686102494,9.120305061,3.867342472,167.2858623,0,false,false,daofind,,0,None,false,low_snr
871,2004.059606,1766.221725,1190.569801,478.0131072,2.490663504,44.06841278,4.882941448,0.8165422986,0.2848743498,-0.2952547326,9.264918327,3.888742447,152.7782746,0,false,false,daofind,,0,None,false,low_snr
872,1969.184325,1717.029076,1189.544326,479.6384675,2.480085329,20.04693222,7.236592934,0.4791391537,-0.02462694049,-0.4371820231,9.618067741,3.902204752,201.9709241,0,false,false,daofind,,0,None,false,low_snr
873,25.68634811,1778.752409,1188.284794,420.5685401,2.825424825,58.5,4.233992911,0.9500939911,-0.4440355897,-0.3196479656,5.5,3.42199707,25.68634811,0,false,false,daofind,,0,None,false,low_snr
874,1597.98149,398.3042641,1187.361938,478.9464848,2.479111916,22.12600708,6.881891604,0.7371197658,0.7512381077,0.4176908959,9.873630524,3.896351814,398.3042641,0,false,false,daofind,,0,None,false,low_snr
875,952.0167441,908.87659,1182.821294,470.2864012,2.515108434,43.66975021,4.889190995,0.9904963297,-0.273355633,-0.2372039539,9.663581848,3.825472116,908.87659,0,false,false,daofind,,0,None,false,low_snr
876,2514.571426,7.542256476,1180.784947,401.4616501,2.9412148,37.74566269,5.254358083,0.8953080239,0.1918273717,0.1461974433,6.594650745,3.314042091,7.542256476,0,false,true,daofind,,0,None,false,low_snr;too_close_to_edge
877,1874.301074,1519.328296,1178.259687,460.3309322,2.559592685,33.92564011,5.536359384,0.9710195247,-0.2921393514,0.2567670106,9.407691956,3.74534893,399.6717036,0,false,false,daofind,,0,None,false,low_snr
878,1427.822059,766.6973456,1175.504179,482.596158,2.435792659,17.72263527,7.650956428,0.4228752392,-0.7840753198,-0.3535437179,9.944030762,3.928922653,766.6973456,0,false,false,daofind,,0,None,false,low_snr
879,1305.80263,616.5626094,1167.574549,431.6152682,2.705128003,25.3188324,6.379523809,0.9939220199,-0.1187629551,0.08285558396,9.347834587,3.509352207,616.5626094,0,false,false,daofind,,0,None,false,low_snr
880,416.6991248,1916.711623,1166.549659,404.4106982,2.884566763,27.74363327,6.091689205,0.6442143322,0.03168243915,-0.4160415255,8.923035622,3.963675022,2.288377166,0,false,true,daofind,,0,None,false,low_snr;too_close_to_edge
881,638.1232877,1247.91578,1159.379558,451.5633494,2.567479312,16.73679352,7.818878778,0.4790661495,-0.6481819749,-0.2795570568,9.596541405,3.673136711,638.1232877,0,false,false,daofind,,0,None,false,low_snr
882,2538.527852,180.3836618,1157.176097,420.5664211,2.75147049,36.96886444,5.255928656,0.8935826374,0.1712453365,0.1124785204,8.693994522,3.416827202,20.47214783,0,false,false,daofind,,0,None,false,low_snr
883,2151.300341,160.2942478,1150.041274,471.7924162,2.437600169,20.93348694,6.963117366,0.7394282495,0.5990117788,-0.2634217634,9.067059517,3.839191914,160.2942478,0,false,false,daofind,,0,None,false,low_snr
884,386.0137398,1813.764847,1148.009549,498.1844958,2.304386344,21.15702057,6.920114589,0.6640582102,-0.4079624414,0.09273282641,9.504919052,4.054036617,105.2351526,0,false,false,daofind,,0,None,false,low_snr
885,2337.887919,138.434303,1147.764258,447.5146372,2.564752441,31.37529755,5.681986683,0.6854800751,0.2594289482,0.1853432455,9.291370392,3.640637398,138.434303,0,false,false,daofind,,0,None,false,low_snr
886,1397.965914,504.6181537,1144.233788,442.1822173,2.587697431,29.39627838,5.861098202,0.745213826,0.6033306122,0.4139525449,9.603720665,3.595074892,504.6181537,0,false,false,daofind,,0,None,false,low_snr
887,1798.688691,1486.544319,1139.660834,483.1013151,2.359051402,31.04182434,5.692224014,0.4947091193,0.9565514326,0.646818532,9.624843597,3.929857254,432.4556805,0,false,false,daofind,,0,None,false,low_snr
888,1841.49669,796.01483,1137.111484,505.1379158,2.251091135,27.93540573,5.993656104,0.6164688832,-0.5405607224,0.07471997361,9.726071358,4.112616539,717.5033095,0,false,false,daofind,,0,None,false,low_snr
889,1016.47127,813.4599381,1130.496069,440.9791751,2.563604209,21.97282028,6.738440786,0.4713104846,0.5617908239,0.3589784455,9.682447433,3.586389065,813.4599381,0,false,false,daofind,,0,None,false,low_snr
890,2457.843977,812.8288555,1127.215468,440.6069106,2.558324531,30.28430557,5.731422837,0.9828174318,0.1861879826,0.04616460265,8.715695381,3.583670855,101.1560225,0,false,false,daofind,,0,None,false,low_snr
891,1116.521992,216.5383442,1122.244758,481.2603857,2.331886835,17.6843338,7.483714837,0.4391312314,-0.3308311999,-0.4081502293,9.648000717,3.912412882,216.5383442,0,false,false,daofind,,0,None,false,low_snr
892,558.3257967,711.8855165,1118.478415,483.7531959,2.312084809,27.64726639,5.975241944,0.7288119519,-0.5573189855,0.6711279098,9.690011024,3.935804844,558.3257967,0,false,false,daofind,,0,None,false,low_snr
893,2435.188636,1340.717422,1115.052681,479.5358513,2.325274904,25.27196884,6.240163145,0.7527291627,0.001454544719,-0.2160519362,9.06136322,3.901078939,123.8113636,0,false,false,daofind,,0,None,false,low_snr
894,1784.754992,449.0677921,1112.514652,453.1570883,2.455030894,19.43442535,7.107793594,0.8459719493,1.067470789,0.2765498508,9.567970276,3.686095953,449.0677921,0,false,false,daofind,,0,None,false,low_snr;too_elongated
895,664.0722603,1268.437182,1109.625934,449.9619242,2.466044069,41.31088257,4.868821496,1.000986139,0.3202079237,-0.01814065332,9.694461823,3.660539389,650.5628177,0,false,false,daofind,,0,None,false,low_snr;not_star_like
896,1958.164969,114.3065084,1109.368429,440.3705448,2.519170371,19.82211685,7.027982558,0.6044213685,-0.4325554669,0.4253135075,8.177883148,3.5788517,114.3065084,0,false,false,daofind,,0,None,false,low_snr
897,93.60213644,190.3957477,1105.374941,444.89435,2.484578509,28.55690193,5.844764972,0.7679664973,-0.3651697338,-0.6359761134,8.443374634,3.617801428,93.60213644,0,false,false,daofind,,0,None,false,low_snr
898,278.3143439,750.0954099,1098.82609,503.5656424,2.182091067,21.97105026,6.643651795,0.8121534348,-0.9010300636,-0.2917257692,10.68263626,4.098263741,278.3143439,0,false,false,daofind,,0,None,false,low_snr
899,708.8867439,328.21869,1096.572873,474.875213,2.309181113,39.04151535,4.978783091,0.8497426976,0.2228890955,-0.3146038022,9.95848465,3.85780406,328.21869,0,false,false,daofind,,0,None,false,low_snr
900,2380.537026,823.5175353,1094.824677,434.8648456,2.517620561,18.56352615,7.214559866,0.6013388685,-0.2388212085,0.07574720574,9.437229156,3.537905216,178.4629737,0,false,false,daofind,,0,None,false,low_snr
901,1540.852925,108.4573694,1094.379074,415.6528418,2.632916135,22.59070396,6.538630525,0.6469897936,-0.01297602896,0.03454079203,7.058517456,3.378792048,108.4573694,0,false,false,daofind,,0,None,false,low_snr
902,384.9777599,1139.671659,1086.31425,432.9654728,2.509008959,31.41914368,5.52393241,0.8354733701,-0.1857855171,-0.290593288,8.914188385,3.52067852,384.9777599,0,false,false,daofind,,0,None,false,low_snr
903,474.5126874,1756.208862,1086.185436,461.3100721,2.35456692,29.29561234,5.720295806,0.7240591909,-0.3503053188,0.8224673135,8.704387665,3.750650883,162.7911379,0,false,false,daofind,,0,None,false,low_snr
904,2229.12908,187.4042959,1083.376978,453.7518431,2.387597966,17.4796257,7.395908451,0.4492602713,-0.8655548096,-0.195456382,9.18599987,3.689383268,187.4042959,0,false,false,daofind,,0,None,false,low_snr
905,2477.735852,1294.658308,1080.835428,478.7678312,2.257535611,30.67540741,5.57638058,0.8513424397,-0.3664000928,-0.1673829812,8.991260529,3.897364616,81.26414792,0,false,false,daofind,,0,None,false,low_snr
906,977.4923158,1407.17562,1080.611919,424.5457768,2.545336636,36.98594284,5.077902053,0.9956111007,0.2565492094,-0.2983855509,10.01323414,3.452193499,511.8243804,0,false,false,daofind,,0,None,false,low_snr
907,1310.702831,833.0415525,1077.681653,500.2784593,2.154163612,24.38398743,6.245405935,0.7590947413,-0.5765680671,0.4100681256,8.173802376,4.037163734,833.0415525,0,false,false,daofind,,0,None,false,low_snr
908,2330.0186,103.7503245,1077.582424,440.3125473,2.447312553,39.9083786,4.881586594,1.060989043,0.3755326867,0.6885683004,9.091623306,3.581680298,103.7503245,0,false,false,daofind,,0,None,false,low_snr;not_star_like
909,1021.668542,1644.375005,1076.986117,450.4787322,2.390759074,40.04759979,4.871745539,1.069516495,-0.1391344368,-0.007494640138,9.619068146,3.66340971,274.6249951,0,false,false,daofind,,0,None,false,low_snr;not_star_like
910,411.0818011,1133.704987,1076.051924,434.2470476,2.477971769,19.00679398,7.068544078,0.4167833128,-0.8109702468,0.1300346869,8.993206978,3.529863834,411.0818011,0,false,false,daofind,,0,None,false,low_snr
911,1361.569849,872.8184003,1075.513452,496.1028146,2.167924512,38.28384781,4.979295753,0.7423161208,0.406240344,-1.176690119,10.02501106,4.029454708,872.8184003,0,false,false,daofind,,0,None,false,low_snr;too_elongated
912,2477.515257,1715.961258,1074.870439,451.8023881,2.379072062,28.0479126,5.815614045,1.056929371,0.4713820219,0.4171955489,8.952087402,3.675514698,81.48474334,0,false,false,daofind,,0,None,false,low_snr;not_star_like
913,149.0798482,607.2791375,1074.69437,458.4953075,2.343959365,33.00183105,5.360943849,0.9335575554,-0.03038269654,-0.3082482048,9.332777977,3.73094964,149.0798482,0,false,false,daofind,,0,None,false,low_snr
914,1895.896354,254.2685106,1069.826661,468.3950557,2.284026375,28.30331421,5.775716288,0.9114972677,-0.2615195513,0.4849317247,9.361902237,3.809986591,254.2685106,0,false,false,daofind,,0,None,false,low_snr
915,417.425208,193.3463699,1067.69699,446.4677047,2.391431627,37.04078674,5.043728464,0.9283008762,0.1368272752,-0.04170444581,8.959214211,3.630783319,193.3463699,0,false,false,daofind,,0,None,false,low_snr
916,881.5616085,51.58371827,1063.405424,423.5045269,2.510965898,38.33644867,4.947790312,0.945847253,-0.2572223842,0.2963589208,6.663553238,3.443094254,51.58371827,0,false,false,daofind,,0,None,false,low_snr
917,699.9861991,984.2220003,1061.311813,472.6633942,2.245386094,30.61897278,5.530876747,0.667401036,-0.933763504,-0.2616336375,10.04769611,3.844734192,699.9861991,0,false,false,daofind,,0,None,false,low_snr
918,1264.3007,759.9301428,1060.546787,462.012826,2.295492088,16.30681801,7.576141788,0.511525108,-0.6877054572,-0.0449477938,9.026515961,3.751076698,759.9301428,0,false,false,daofind,,0,None,false,low_snr
919,1817.406047,1261.065066,1059.990888,455.0351312,2.32947044,18.41885567,7.126684508,0.4121166439,0.06043796614,-0.2824363895,9.247810364,3.69975543,657.9349335,0,false,false,daofind,,0,None,false,low_snr
920,584.7172678,198.1619072,1055.811897,658.9599745,1.602239799,33.66570282,5.260986929,0.7008215139,-0.3182336688,0.1937797825,11.33429527,5.329451561,198.1619072,0,false,false,daofind,,0,None,false,low_snr
921,1137.159108,1628.708998,1054.44733,463.118008,2.276843723,41.6807518,4.725115879,0.9791059842,-0.103581585,0.2283590082,9.652579308,3.76804328,290.2910022,0,false,false,daofind,,0,None,false,low_snr
922,4.957706402,209.572844,1048.166739,394.7116406,2.655525279,26.4300499,5.916079285,0.7143589126,-0.02216485888,0.7705683076,6.900501251,3.480584383,4.957706402,0,false,true,daofind,,0,None,false,low_snr;too_close_to_edge
923,530.1199427,1741.991599,1046.209336,492.6618495,2.123585045,23.01740265,6.333575149,0.7961076511,-0.1824198514,0.02861525939,8.990104675,4.009045601,177.0084013,0,false,false,daofind,,0,None,false,low_snr
924,1025.370032,772.5105617,1044.243911,440.9436926,2.3682024,34.87576294,5.140518272,1.109528037,-0.6218931675,-0.5464742042,9.449784279,3.585621834,772.5105617,0,false,false,daofind,,0,None,false,low_snr;not_star_like
925,1649.979841,498.2290711,1044.20763,479.1830418,2.179141454,44.74936676,4.538034299,0.7938964546,-0.1930683404,0.04889390861,9.917300224,3.897928238,498.2290711,0,false,false,daofind,,0,None,false,low_snr
926,1104.336249,783.2859565,1042.627166,461.8505515,2.257499017,38.48278809,4.889889481,0.777138156,-0.2246966809,-0.2456563156,10.18387794,3.754945755,783.2859565,0,false,false,daofind,,0,None,false,low_snr
927,1201.458559,1608.222125,1036.650681,475.3451274,2.180837925,26.64393806,5.859827085,0.9983981115,-0.4745958745,-0.1086602949,9.686887741,3.865481138,310.7778755,0,false,false,daofind,,0,None,false,low_snr
928,1258.861432,1590.036034,1036.478656,484.3821994,2.139795098,22.50625229,6.37523767,0.4442685875,-0.595133841,-0.2553507648,9.827079773,3.940934658,328.9639657,0,false,false,daofind,,0,None,false,low_snr
929,1290.707088,125.7025343,1035.628923,431.206239,2.401702085,32.56287384,5.297958011,0.9855130952,0.3676721454,0.1012245832,7.784605026,3.506977797,125.7025343,0,false,false,daofind,,0,None,false,low_snr
930,360.9988996,211.1462747,1026.63439,439.3561345,2.336679311,48.858078,4.306331956,1.012480907,0.216850996,-0.2669219989,9.141921997,3.57000947,211.1462747,0,false,false,daofind,,0,None,false,low_snr;not_star_like
931,2438.753025,235.802376,1025.088067,446.8217425,2.294176781,20.07769012,6.712611386,0.4954263416,-0.8574202657,0.1354383172,8.923997879,3.63428545,120.2469755,0,false,false,daofind,,0,None,false,low_snr
932,87.91386207,673.3217302,1017.303288,396.141802,2.568028122,43.13261414,4.562366017,0.8427748759,-0.3720087111,-0.077262314,8.534234047,3.219184875,87.91386207,0,false,false,daofind,,0,None,false,low_snr
933,209.2978008,337.340969,1016.747331,482.4874162,2.107303313,13.74644661,8.079399544,0.4567312177,0.8938581347,0.5959935364,10.24116421,3.925387383,209.2978008,0,false,false,daofind,,0,None,false,low_snr
934,461.24243,1263.153445,1016.486913,470.5813332,2.160066373,39.63431168,4.757546323,0.766772181,-0.1540186852,-0.05222415456,9.36568737,3.829922199,461.24243,0,false,false,daofind,,0,None,false,low_snr
935,1287.878402,659.6382699,1012.831432,452.6993287,2.237315958,26.6840744,5.787757199,0.6776196436,0.3185561299,0.1468350648,9.318975449,3.684278488,659.6382699,0,false,false,daofind,,0,None,false,low_snr
936,1429.196961,1704.227304,1010.021831,458.0372917,2.205108294,38.43159485,4.816027593,0.7225447491,-0.3303850591,0.2646022635,9.235072136,3.726955652,214.7726955,0,false,false,daofind,,0,None,false,low_snr
937,218.7902126,1362.023329,1009.556187,478.5803107,2.10948124,23.65207291,6.137597902,0.550807106,0.08309310675,-0.5675930524,9.681259155,3.896443129,218.7902126,0,false,false,daofind,,0,None,false,low_snr
938,478.4121149,1887.28004,1000.406743,463.1411409,2.160047239,45.15533829,4.42182494,0.7097051757,0.09541800618,0.2269051899,8.513953209,3.76870656,31.71996038,0,false,false,daofind,,0,None,false,low_snr
939,1021.994612,925.6180669,1000.406395,482.6795796,2.072609734,24.60414314,5.990345851,0.4859403899,-0.3984358311,-0.6557282318,10.07124901,3.930473566,925.6180669,0,false,false,daofind,,0,None,false,low_snr
940,1273.882547,432.1565713,998.3488836,472.5590456,2.112643685,16.27947617,7.356796535,0.6492457892,-0.9474736452,0.09408739624,9.720524788,3.844712019,432.1565713,0,false,false,daofind,,0,None,false,low_snr
941,223.1075982,796.2901429,997.3187718,522.1581128,1.909993826,35.68078995,4.966695743,0.8193537289,-0.3009169698,0.04049625552,10.98587799,4.246378422,223.1075982,0,false,false,daofind,,0,None,false,low_snr
942,1414.221829,244.9953498,996.0414359,477.3596473,2.08656396,20.78170967,6.503780208,0.6657990339,-0.8060280085,-1.080917786,10.21534443,3.884180069,244.9953498,0,false,false,daofind,,0,None,false,low_snr;too_elongated
943,1821.484227,721.6551161,991.5146049,469.377803,2.11240199,30.02491379,5.398541735,0.5762784906,-0.1093879417,0.04445895621,9.309811592,3.817112207,721.6551161,0,false,false,daofind,,0,None,false,low_snr
944,2043.029516,1493.039033,990.5032438,470.476792,2.105317968,26.5081749,5.742563778,0.7937565621,0.7005910277,0.2217149347,9.825156212,3.826993704,425.960967,0,false,false,daofind,,0,None,false,low_snr
945,1236.400446,1600.320707,983.8251767,481.0271388,2.045259191,32.9017868,5.137088102,0.9615958847,0.07809447497,0.08779891025,9.764879227,3.91229105,318.6792927,0,false,false,daofind,,0,None,false,low_snr
946,1686.870461,473.5864731,982.6911751,470.9825145,2.086470612,27.67451477,5.598044035,0.7799905026,-0.767873466,0.3106403263,9.992152214,3.831171036,473.5864731,0,false,false,daofind,,0,None,false,low_snr
947,1371.521904,1505.618054,978.8666919,486.7169916,2.011161946,31.66736984,5.223042602,1.025460507,-0.1167886928,0.1372503758,10.33457279,3.961037159,413.381946,0,false,false,daofind,,0,None,false,low_snr;not_star_like
948,547.8356057,745.2122398,967.2913122,468.804623,2.063314363,22.01208496,6.227530213,0.4836100934,-0.4581529796,-0.6479523187,9.655351639,3.81284976,547.8356057,0,false,false,daofind,,0,None,false,low_snr
949,135.8856277,1844.763204,960.1334978,458.7199104,2.093071341,22.37170219,6.154376854,0.5570560607,-0.3992511928,-0.4858923698,8.628297806,3.731337547,74.23679566,0,false,false,daofind,,0,None,false,low_snr
950,2194.364675,771.5400752,957.1188125,638.0809193,1.499995978,33.38655853,5.02996414,0.9744574468,0.2175530344,0.1812747697,10.94626045,5.203172207,364.6353246,0,false,false,daofind,,0,None,false,low_snr
951,892.0170712,1848.473893,956.7651021,459.6032891,2.081719441,29.98400879,5.30671305,0.7752902008,0.86426723,0.1773830706,8.35041523,3.738748074,70.52610673,0,false,false,daofind,,0,None,false,low_snr
952,682.8545726,1727.337,948.9483604,450.7005736,2.105496234,20.34188843,6.416429779,0.9617322332,-0.6198239326,0.4162000379,8.991444588,3.668614388,191.6629998,0,false,false,daofind,,0,None,false,low_snr
953,353.3713365,1105.964348,945.5632649,438.935641,2.15421847,44.72219086,4.319679748,0.9957808721,-0.4097142816,-0.4734733128,8.956315994,3.570653439,353.3713365,0,false,false,daofind,,0,None,false,low_snr
954,2359.580062,1714.736805,942.7260589,449.4926404,2.097311445,43.48988342,4.373875572,0.7019735289,-0.02358333953,-0.3383640475,9.510115623,3.656119585,199.4199378,0,false,false,daofind,,0,None,false,low_snr
955,2436.645483,1149.706297,941.3964157,445.2622272,2.114251689,25.53582001,5.703995258,0.7277096855,-0.1344516277,-0.1369242006,9.130846977,3.622901201,122.3545171,0,false,false,daofind,,0,None,false,low_snr
956,1174.987762,33.29534403,938.2504107,451.7929271,2.076726647,19.56457901,6.505668321,0.733296708,-0.0763258338,0.591454737,7.100295544,3.676548719,33.29534403,0,false,false,daofind,,0,None,false,low_snr
957,1102.944673,241.9194862,936.8124512,480.0505205,1.95148721,20.22099876,6.394297167,0.6481986642,0.03970308229,0.01288476564,9.779001236,3.904722452,241.9194862,0,false,false,daofind,,0,None,false,low_snr
958,1019.025623,401.0663871,933.9046816,479.7433748,1.946675516,32.37207413,5.045843808,0.8886575478,-0.1520852894,-0.2270887334,10.29459476,3.903931141,401.0663871,0,false,false,daofind,,0,None,false,low_snr
959,2057.8922,1812.352946,931.4722503,475.0175587,1.960921724,25.86450958,5.637682663,0.7348228077,-0.2145595104,-0.0866238021,8.468821526,3.864911556,106.6470543,0,false,false,daofind,,0,None,false,low_snr
960,1366.048398,1433.054135,927.379848,463.7305138,1.999824942,33.71951294,4.926698331,0.7250809571,-0.4875047803,-0.441094137,9.947154045,3.771818638,485.9458651,0,false,false,daofind,,0,None,false,low_snr
961,1504.470725,191.834936,927.0415263,455.5914574,2.034808843,23.06628799,5.955641247,0.8440502382,-0.08398284018,0.2939515226,9.239030838,3.70177865,191.834936,0,false,false,daofind,,0,None,false,low_snr
962,1213.405901,389.0805827,926.0695494,469.2081357,1.973686045,22.26708221,6.058399886,0.6750168032,-0.3468315005,0.2858671709,9.732917786,3.816647291,389.0805827,0,false,false,daofind,,0,None,false,low_snr
963,1850.588018,1527.490766,924.6525621,464.8865699,1.988985318,27.6448822,5.433125121,0.6842279214,0.2250448614,-0.1087258174,9.355725288,3.781481266,391.5092343,0,false,false,daofind,,0,None,false,low_snr
964,468.2489909,895.903968,922.9621034,447.9021469,2.060633354,24.6719017,5.745904605,0.5938435953,0.01308153942,0.6093111094,9.328099251,3.643123865,468.2489909,0,false,false,daofind,,0,None,false,low_snr
965,491.9255498,952.923973,922.1124924,469.5000226,1.964030773,35.52376175,4.786303881,1.029604522,-0.3062482476,-0.08266491901,9.476239204,3.819618464,491.9255498,0,false,false,daofind,,0,None,false,low_snr;not_star_like
966,2318.058897,1116.416671,922.0310749,458.6050141,2.010512416,25.08373642,5.695665223,0.9909468497,-0.7874845862,-0.5197471098,9.916264534,3.731306791,240.9411028,0,false,false,daofind,,0,None,false,low_snr
967,15.98339868,127.1668947,920.7360112,395.8741748,2.325829947,32.91329956,4.968778571,0.6558617665,-0.0515823476,0.6101409295,6.746851921,3.21902895,15.98339868,0,false,true,daofind,,0,None,false,low_snr
968,503.2858392,1731.088242,917.4229223,488.5067807,1.878014715,37.04558182,4.67502969,0.9174598498,-0.2568046451,0.1170437993,8.954417229,3.973270893,187.9117584,0,false,false,daofind,,0,None,false,low_snr
969,1363.922173,1188.22966,912.2136335,466.178614,1.956789965,44.2168808,4.266993859,0.7608577213,-0.2177344412,0.1419283652,9.449788094,3.791909218,730.7703405,0,false,false,daofind,,0,None,false,low_snr
970,1093.729774,1240.353591,907.5037343,483.7336342,1.87604018,17.30407715,6.803271125,0.6791216463,0.320953697,-0.523601102,10.01842022,3.934826136,678.6464091,0,false,false,daofind,,0,None,false,low_snr
971,270.4370638,792.2269067,906.7042251,510.4058234,1.776437853,33.48382568,4.888583903,0.9252045359,-0.6793586612,-0.2101845049,11.1810503,4.154563427,270.4370638,0,false,false,daofind,,0,None,false,low_snr
972,2373.049639,1865.106928,906.4227408,437.7185057,2.070789169,19.92434311,6.3363795,0.5690640031,0.4469800293,0.07587167545,8.070173264,3.560717583,53.8930718,0,false,false,daofind,,0,None,false,low_snr
973,697.7609478,1815.215346,905.1901458,435.6645878,2.077722567,20.2013855,6.288500799,0.763182951,-0.4585770369,-0.09423977478,8.131948471,3.543784618,103.7846536,0,false,false,daofind,,0,None,false,low_snr
974,2439.426138,47.40395239,904.9805601,422.7001561,2.140951563,29.04457474,5.24390607,0.9208988216,-0.3692530394,-0.06400540437,7.288756847,3.43985343,47.40395239,0,false,false,daofind,,0,None,false,low_snr
975,1197.792806,678.0941176,901.9730041,481.360552,1.873799173,26.33916092,5.49747916,1.063174359,-0.3809726834,0.05489208108,9.660838127,3.917759657,678.0941176,0,false,false,daofind,,0,None,false,low_snr;not_star_like
976,1250.566742,1677.354058,901.0910686,486.1987533,1.853338912,29.88475227,5.158545937,0.8903659813,0.2575511336,-0.1446887264,9.448579788,3.956906557,241.6459422,0,false,false,daofind,,0,None,false,low_snr
977,633.4862365,963.8571923,898.614964,478.9219717,1.87632854,27.81363678,5.339809007,0.6034047221,-0.4564397633,0.4388856725,9.853030205,3.896058559,633.4862365,0,false,false,daofind,,0,None,false,low_snr
978,568.2210093,754.4201691,898.5702503,468.4818863,1.918046944,28.99193764,5.230042125,0.7001903198,0.1931744367,-0.128572118,9.673843384,3.810930014,568.2210093,0,false,false,daofind,,0,None,false,low_snr
979,157.9550052,1691.921635,898.4616838,477.1773507,1.882867413,33.35471725,4.875722034,0.7068496159,-0.0407108441,-0.2414518787,9.645283699,3.883789301,157.9550052,0,false,false,daofind,,0,None,false,low_snr
980,1297.651036,770.8620963,897.775695,502.6629089,1.78603927,10.3479929,8.750314263,0.3705277508,-0.03472503647,-0.7254496888,9.970344543,4.096018314,770.8620963,0,false,false,daofind,,0,None,false,low_snr
981,2433.691666,968.0158867,893.9574428,429.7501724,2.08017937,26.14380264,5.493407725,0.9838030527,0.1175967753,-0.0111106848,8.856196404,3.495303392,125.3083344,0,false,false,daofind,,0,None,false,low_snr
982,1961.411655,765.9992533,887.3821609,517.5649761,1.714532864,22.72650528,5.870252845,0.452818721,-0.01865754835,-0.2607552256,9.938389778,4.213305473,597.5883448,0,false,false,daofind,,0,None,false,low_snr
983,828.4342921,1626.232801,882.9976077,466.2600961,1.893787642,31.48402786,4.975106813,0.8213589738,0.3290458322,0.04708876448,9.515973091,3.793256283,292.7671988,0,false,false,daofind,,0,None,false,low_snr
984,2349.706755,1604.887523,882.7167007,481.5252242,1.833168142,20.78930092,6.121509372,0.6710535801,-0.3870623112,0.0544593617,10.21262836,3.917026281,209.2932448,0,false,false,daofind,,0,None,false,low_snr
985,1718.291604,311.1925395,876.067463,493.3393462,1.775790781,24.15427399,5.657695518,0.5849475776,-0.1382823437,0.2963367678,9.512393951,4.01740694,311.1925395,0,false,false,daofind,,0,None,false,low_snr
986,1053.52407,374.5365084,873.1170113,461.3768127,1.892416323,26.22056198,5.421045057,0.7313586272,0.4568734765,0.1617095815,10.11168957,3.751734972,374.5365084,0,false,false,daofind,,0,None,false,low_snr
987,715.0253475,1267.916024,864.4102243,456.3098534,1.89434924,19.66867828,6.227878754,0.4953536458,-0.05459008738,0.1462208048,9.668774605,3.711743355,651.0839763,0,false,false,daofind,,0,None,false,low_snr
988,865.1332983,693.9359039,860.611607,464.5399961,1.852610355,27.11330795,5.292734829,0.8697052994,-0.05221562833,0.1860985404,9.886693001,3.778476715,693.9359039,0,false,false,daofind,,0,None,false,low_snr
989,427.4033123,1637.779122,860.2750194,465.3438103,1.848686928,30.08858109,5.023259242,0.5623229356,0.8804095387,0.5381298942,9.578085899,3.783123732,281.2208783,0,false,false,daofind,,0,None,false,low_snr
990,1236.885308,1052.297454,859.9011359,464.3013484,1.85203239,27.38439178,5.264298432,0.9300320291,0.6261699796,0.1706425631,10.61560917,3.766520739,866.7025456,0,false,false,daofind,,0,None,false,low_snr
991,1778.285019,592.6458944,857.0414594,471.4451054,1.817902974,24.34742737,5.573681733,0.4131417257,0.272128433,0.1177503559,9.652572632,3.83673954,592.6458944,0,false,false,daofind,,0,None,false,low_snr
992,1096.093281,1583.493164,853.3509704,445.3074015,1.916318857,80.66251373,3.055594764,1.047327233,-0.05991436169,0.1275535534,9.67082119,3.621681929,335.5068362,0,false,false,daofind,,0,None,false,low_snr;not_star_like
993,1624.767741,452.9764929,853.0683443,478.2092711,1.783880815,35.76609039,4.588005905,0.6074734757,0.02488125861,0.30570382,9.900575638,3.890105009,452.9764929,0,false,false,daofind,,0,None,false,low_snr
994,2372.246254,1316.372393,848.072575,467.2572835,1.815001296,37.04711151,4.494766374,0.9438031787,0.3602667153,0.02041074107,9.283542633,3.800608635,186.753746,0,false,false,daofind,,0,None,false,low_snr
995,336.0886518,1134.242179,845.1431009,438.044,1.929356642,34.77506638,4.631257529,0.8126688301,0.4946330786,0.5570209838,9.224934578,3.563910723,336.0886518,0,false,false,daofind,,0,None,false,low_snr
996,986.8928528,576.8215739,842.9471827,534.1557604,1.578092469,30.21882629,4.961684846,0.7853290914,-0.5654422641,-0.2921435908,10.44784164,4.350269318,576.8215739,0,false,false,daofind,,0,None,false,low_snr
997,2017.809768,445.2488766,840.4397706,474.8304645,1.769978621,42.45458603,4.179831575,0.7612258522,0.2481438369,-0.02078119723,9.878746033,3.862601042,445.2488766,0,false,false,daofind,,0,None,false,low_snr
998,1515.280918,1065.055546,837.3200661,480.2796728,1.743401009,18.0319519,6.401653584,0.6166196035,-0.3738458753,-0.2506771585,9.632581711,3.906014442,853.9444536,0,false,false,daofind,,0,None,false,low_snr
999,1497.098284,354.0341559,834.6167451,473.4674615,1.762775297,28.06584167,5.122975764,0.8945772446,0.3286828399,0.243474038,9.60082531,3.84910655,354.0341559,0,false,false,daofind,,0,None,false,low_snr
1000,686.2609426,1137.618774,830.6769722,474.7638022,1.749663661,19.87376976,6.073565904,0.6902897971,-0.09500387311,0.3956608006,9.794322968,3.861700773,686.2609426,0,false,false,daofind,,0,None,false,low_snr
1001,399.5764197,82.47693285,830.4305082,440.4808485,1.885281758,24.77755165,5.438639126,0.673471198,-1.130636454,-0.2999716115,7.889116764,3.581743956,82.47693285,0,false,false,daofind,,0,None,false,low_snr;too_elongated
1002,349.0363476,1707.970137,829.8238528,479.5957123,1.73025703,24.25376892,5.49504343,0.7679078681,0.09247777611,-0.5328791116,10.07956219,3.900217056,211.0298629,0,false,false,daofind,,0,None,false,low_snr
1003,2340.80517,1758.739355,827.2940648,450.6773091,1.835668333,26.25330544,5.273582549,0.9162764477,-0.4482698739,-0.1001876364,9.075774193,3.666634083,160.2606446,0,false,false,daofind,,0,None,false,low_snr
1004,1529.398258,1614.141884,827.286979,453.5279257,1.82411475,19.17956543,6.169876953,0.6157093944,-0.01537526678,0.4081564348,9.817299843,3.689418793,304.8581163,0,false,false,daofind,,0,None,false,low_snr
1005,1399.179865,1503.836556,826.6886457,487.4355332,1.695995859,23.31403732,5.594097514,0.6929973187,0.5524446368,0.2119685676,10.35262966,3.966689825,415.1634435,0,false,false,daofind,,0,None,false,low_snr
1006,1625.85894,1422.742695,823.7165705,481.2691858,1.711550614,28.99476242,5.007222775,0.9255236457,-0.1195847988,0.08991174953,10.00523853,3.915430307,496.2573046,0,false,false,daofind,,0,None,false,low_snr
1007,145.3978626,96.53869701,817.957236,440.9962556,1.854794061,18.81046677,6.194885775,1.003944923,0.1883336306,0.4267970988,8.17904377,3.587042809,96.53869701,0,false,false,daofind,,0,None,false,low_snr;not_star_like
1008,174.3455882,570.1823186,816.487806,452.7163808,1.803530512,24.87481308,5.382235896,0.7000026742,-0.4793052971,-0.6385900781,9.458518028,3.681048632,174.3455882,0,false,false,daofind,,0,None,false,low_snr
1009,519.4402503,1867.941049,811.8201983,460.9616463,1.761144783,22.03160858,5.702622358,0.7587375364,0.4968601763,0.148365922,8.294416428,3.74996233,51.05895108,0,false,false,daofind,,0,None,false,low_snr
1010,708.5266753,884.6197115,811.4510545,468.5850943,1.731704795,26.43140411,5.205216969,0.610673873,0.4789346159,-0.4110660289,9.90378952,3.813022375,708.5266753,0,false,false,daofind,,0,None,false,low_snr
1011,1683.265796,343.0493398,809.276175,473.4950127,1.709154591,26.29163551,5.212035509,0.9433180996,0.7974240184,0.05009080636,9.712565422,3.850892782,343.0493398,0,false,false,daofind,,0,None,false,low_snr
1012,1888.492856,1740.163313,808.3216434,474.9602876,1.701872061,40.65111923,4.18912809,0.8580027323,0.2877909243,-0.09129021347,8.682211876,3.864827633,178.8366872,0,false,false,daofind,,0,None,false,low_snr
1013,1099.562373,728.4125637,806.3605481,454.0672009,1.775861693,17.49599838,6.377684932,0.5481640138,0.3456901312,0.188885923,9.504001617,3.692913771,728.4125637,0,false,false,daofind,,0,None,false,low_snr
1014,1879.736,485.5837745,802.7385479,467.353585,1.717625741,25.14442062,5.308038113,0.5596684741,0.1221107617,-0.4874574936,9.528553963,3.801487684,485.5837745,0,false,false,daofind,,0,None,false,low_snr
1015,808.9966888,820.5237506,800.3045979,474.3923008,1.68701009,35.43233871,4.464733453,0.8276854554,0.3673803806,-0.09361585389,9.567660332,3.858909607,808.9966888,0,false,false,daofind,,0,None,false,low_snr
1016,2095.082887,547.1186834,795.735832,465.0196646,1.711187489,35.87774658,4.424250089,0.8959451787,-0.4090242088,-0.1357470665,9.455584526,3.783693075,463.9171125,0,false,false,daofind,,0,None,false,low_snr
1017,991.3820511,793.0794713,791.4797323,443.8275799,1.783304527,22.70400238,5.546722989,0.6047810181,-0.3636353314,0.09208501367,9.295996666,3.61081934,793.0794713,0,false,false,daofind,,0,None,false,low_snr
1018,1443.988475,1336.827365,790.4390758,452.8587848,1.745442735,31.69600868,4.691370171,0.965647768,-0.4749411047,-0.1869019675,9.303991318,3.684502363,582.1726349,0,false,false,daofind,,0,None,false,low_snr
1019,1372.757669,99.67996465,790.22648,428.9334389,1.842305608,21.94732285,5.63706189,0.7447079264,0.03645045683,0.004955457746,8.062420845,3.493575335,99.67996465,0,false,false,daofind,,0,None,false,low_snr
1020,194.1756147,407.8201175,789.9391296,461.9634138,1.709960369,25.19982147,5.259759314,1.016647719,-0.9214212298,-0.3633155963,9.800178528,3.755185843,194.1756147,0,false,false,daofind,,0,None,false,low_snr;not_star_like
1021,2414.414668,671.8668743,788.562074,470.1245481,1.677347157,47.54561996,3.825872347,0.6941919899,-0.1904074848,-0.09010516495,9.454380989,3.8256495,144.5853318,0,false,false,daofind,,0,None,false,low_snr
1022,1861.132839,1209.788683,783.4940193,454.5916922,1.723511522,29.77704239,4.818866036,0.8352753439,0.09224683046,-0.4883507764,9.222956657,3.697480202,697.8671606,0,false,false,daofind,,0,None,false,low_snr
1023,1882.420977,353.5599249,781.4103791,477.0874054,1.637876771,15.00605011,6.779133421,0.432603057,-0.01856558397,0.1781406308,9.327283859,3.880471945,353.5599249,0,false,false,daofind,,0,None,false,low_snr
1024,2173.965791,1726.773551,781.208515,478.8170509,1.631538629,25.18243408,5.232417881,1.036939652,0.01854303107,0.0003087447818,9.484232903,3.895526171,192.2264489,0,false,false,daofind,,0,None,false,low_snr;not_star_like
1025,1215.143031,466.6982658,780.1529079,465.131286,1.677274635,34.37237167,4.47561691,0.7627399669,-0.0522621721,0.01268649277,9.62762928,3.783035755,466.6982658,0,false,false,daofind,,0,None,false,low_snr
1026,2224.534889,559.7186018,778.4970926,465.3895454,1.67278595,13.19896317,7.214834593,0.3378799218,-0.8815168142,-0.7290044073,9.801610947,3.786965609,334.4651112,0,false,false,daofind,,0,None,false,low_snr
1027,262.4046961,1134.815406,775.3644126,448.4807499,1.728868882,23.03825188,5.449993205,0.5278977597,-0.5847961903,0.1019045709,9.628416061,3.649605274,262.4046961,0,false,false,daofind,,0,None,false,low_snr
1028,72.61880489,1018.59318,774.9719291,446.6884289,1.734927253,37.99938965,4.242506001,0.7170897054,0.4774939418,0.353403315,7.333943844,3.635718822,72.61880489,0,false,false,daofind,,0,None,false,low_snr
1029,2107.666134,1512.458336,773.1586036,476.8503045,1.621386411,16.24206543,6.481588548,0.6115216365,-0.3317888379,0.3430484033,10.09289646,3.877613306,406.5416643,0,false,false,daofind,,0,None,false,low_snr
1030,276.8315049,1173.28445,772.9797782,449.5397575,1.71949147,30.58522415,4.722761588,0.8657247153,0.1344794184,0.1994699978,9.414776802,3.655259848,276.8315049,0,false,false,daofind,,0,None,false,low_snr
1031,2191.46786,1131.522635,769.5800691,475.8476389,1.617282521,15.25596142,6.67228986,0.6196867965,-1.060710669,-0.1114012084,9.411417961,3.873198032,367.5321403,0,false,false,daofind,,0,None,false,low_snr;too_elongated
1032,1481.230308,1420.697259,768.4341645,459.5578764,1.672116188,18.06980324,6.1262457,0.6334051026,0.30665043,0.1838078602,9.263530731,3.738913774,498.302741,0,false,false,daofind,,0,None,false,low_snr
1033,482.1267016,661.9986422,768.3245769,497.9032623,1.54312019,41.32648849,4.050661014,0.7604303119,0.9587519765,0.03326739977,10.00684357,4.050886631,482.1267016,0,false,false,daofind,,0,None,false,low_snr
1034,150.3345587,1009.54649,768.1886575,462.1667237,1.662146187,16.36962128,6.435501845,0.4774222234,-0.1416174322,-0.1017465836,8.96355629,3.759559631,150.3345587,0,false,false,daofind,,0,None,false,low_snr
1035,142.5635033,1775.25209,766.4334144,467.9455633,1.637868749,35.03134155,4.39416763,0.9081322962,0.3263458908,0.3862446371,8.635324478,3.807829142,142.5635033,0,false,false,daofind,,0,None,false,low_snr
1036,428.5420992,325.4969997,764.5939043,494.5114837,1.546160058,28.84604263,4.836599036,0.9102300838,0.346044004,-0.2621505936,9.820625305,4.023185253,325.4969997,0,false,false,daofind,,0,None,false,low_snr
1037,775.396692,353.653285,764.3370326,475.8323115,1.606315952,19.69993591,5.851643156,0.7323276793,0.4173265994,-0.02820218915,9.629722595,3.86985898,353.653285,0,false,false,daofind,,0,None,false,low_snr
1038,1343.183556,836.4252709,763.79475,454.4646322,1.680647284,23.90329361,5.310400198,0.726752379,0.4578033388,-0.4382852081,7.763371468,3.685728312,836.4252709,0,false,false,daofind,,0,None,false,low_snr
1039,1788.706503,989.564458,763.2112036,473.8416685,1.610688241,15.86029243,6.516802555,0.7421557993,-0.6896728277,-0.3532517374,9.473033905,3.852874041,770.2934967,0,false,false,daofind,,0,None,false,low_snr
1040,2141.485383,117.5754091,759.0657118,456.8730935,1.661436671,33.8379364,4.449441918,0.8496654624,-0.05765030906,0.5536160512,8.829063416,3.720679522,117.5754091,0,false,false,daofind,,0,None,false,low_snr
1041,167.7436267,1738.624595,758.4564693,487.2863627,1.556490243,36.25586319,4.296788679,0.9917208624,0.03027345985,-0.146678473,9.398752213,3.965419531,167.7436267,0,false,false,daofind,,0,None,false,low_snr
1042,529.3452225,375.148306,757.1443188,499.6225723,1.51543257,30.70013046,4.665379893,0.7411104117,0.008393709548,-0.6702761163,9.96001339,4.065474033,375.148306,0,false,false,daofind,,0,None,false,low_snr
1043,595.336047,580.0817495,754.4887113,458.6780498,1.64492003,29.50680161,4.750431878,0.8653318174,0.3960608244,0.5175017802,9.823360443,3.731180906,580.0817495,0,false,false,daofind,,0,None,false,low_snr
1044,1011.319909,284.9867811,752.5058936,462.5412153,1.62689479,24.88871193,5.165609025,0.6744374289,0.5595046878,0.1040283873,9.777956009,3.76266551,284.9867811,0,false,false,daofind,,0,None,false,low_snr
1045,2507.974442,690.4824058,751.6498032,469.9031607,1.59958448,10.95983028,7.779893454,0.3139116788,0.5053011775,-0.765624833,8.374137878,3.823866606,51.02555756,0,false,false,daofind,,0,None,false,low_snr
1046,2420.855777,1194.51565,748.6037199,452.6707014,1.653749,20.77494431,5.639282436,0.7185592577,0.2675176263,0.4199392797,9.225054741,3.682757616,138.144223,0,false,false,daofind,,0,None,false,low_snr
1047,2311.146201,1774.886324,746.0629687,448.677951,1.662802835,16.09725189,6.395575967,0.5716619696,0.7481786609,-0.1240544331,9.225972176,3.650038004,144.1136765,0,false,false,daofind,,0,None,false,low_snr
1048,927.1215734,1472.929534,744.2380523,479.3668,1.552544006,30.3638382,4.650989845,0.6915831829,-0.4976669848,0.02362680556,9.636161804,3.902450562,446.070466,0,false,false,daofind,,0,None,false,low_snr
1049,2411.228685,144.4881742,743.9439086,436.6339529,1.703815985,27.21627808,4.911605976,0.8213121604,-0.741389513,-0.3124527798,9.106207848,3.551434517,144.4881742,0,false,false,daofind,,0,None,false,low_snr
1050,123.5716079,1806.852285,742.4800149,458.5997797,1.619015202,22.30431366,5.42020537,0.9368911687,-0.6558449864,0.128105291,8.381399155,3.732472897,112.1477151,0,false,false,daofind,,0,None,false,low_snr
1051,558.1937826,1311.915385,741.0591428,444.103375,1.668663614,23.67068481,5.256404923,0.7262675645,-1.127749324,-0.1416072162,9.329784393,3.611097097,558.1937826,0,false,false,daofind,,0,None,false,low_snr;too_elongated
1052,2418.987128,770.948849,740.5828382,438.5351664,1.688764995,46.41706085,3.752457594,1.151881383,0.2086040676,-0.06907959817,9.24960804,3.566487789,140.0128718,0,false,false,daofind,,0,None,false,low_snr;not_star_like
1053,656.4407438,722.7234837,740.19645,448.5810752,1.650083989,21.69979286,5.486728805,0.8447745373,-0.7602058649,0.07623770709,9.633541107,3.648432255,656.4407438,0,false,false,daofind,,0,None,false,low_snr
1054,820.1697856,73.78543557,739.5263012,449.2140916,1.646266925,20.68916702,5.616594872,0.6601801638,-0.355086118,0.3243275169,6.306997776,3.66052556,73.78543557,0,false,false,daofind,,0,None,false,low_snr
1055,1154.346152,987.2733871,737.9761586,466.5140546,1.581894803,23.14310455,5.304911546,0.8329310605,0.5129303932,-0.2044446522,8.856894493,3.771665812,931.7266129,0,false,false,daofind,,0,None,false,low_snr
1056,1799.197351,1115.994202,736.4762344,446.8722446,1.648068868,30.01413918,4.653548155,0.810088177,0.3387894332,0.06988253168,9.319192886,3.633989811,759.802649,0,false,false,daofind,,0,None,false,low_snr
1057,1.798181862,1001.111917,735.7875329,343.7785743,2.140294911,48.35371017,3.664621294,0.7474920012,-0.07295879722,0.06298734749,5.979622364,3.450805426,1.798181862,0,false,true,daofind,,0,None,false,low_snr;too_close_to_edge
1058,2313.245328,1546.446828,735.4111331,499.8030121,1.471401963,17.70069885,6.055328148,0.8436253662,-0.1657506824,-0.4255367699,10.2993021,4.067100048,245.7546717,0,false,false,daofind,,0,None,false,low_snr
1059,1149.691537,429.2020559,732.6891215,480.4407416,1.525035364,36.27776718,4.2218946,0.7538773907,-0.0523648262,0.6800825858,10.05556583,3.90878129,429.2020559,0,false,false,daofind,,0,None,false,low_snr
1060,1795.915705,1196.854222,729.1888017,442.9113497,1.646353841,30.58788872,4.586834119,1.006832182,-0.7067474723,-0.5829939773,9.078779221,3.60243988,722.1457784,0,false,false,daofind,,0,None,false,low_snr;not_star_like
1061,2143.843707,854.6538529,726.9350379,639.6567739,1.136445462,17.88637733,5.989001153,0.7243542072,-0.9347592592,0.2572058436,10.09894657,5.098223209,415.1562925,0,false,false,daofind,,0,None,false,low_snr
1062,1799.543276,758.0988126,724.2951288,478.4930746,1.513700338,26.18327713,4.940985403,0.8591950374,-0.04527823627,0.003690188588,9.483390808,3.892864704,758.0988126,0,false,false,daofind,,0,None,false,low_snr
1063,1638.049985,1189.967537,722.1148205,466.1812605,1.549000103,22.34609604,5.340354519,0.5183043645,-0.0954940021,-0.1291717649,9.320569992,3.792159081,729.0324632,0,false,false,daofind,,0,None,false,low_snr
1064,2114.741251,1796.991173,720.0575546,469.0877531,1.535016742,31.85129547,4.466710906,0.9732040289,-0.3832083941,-0.8503320105,8.813707352,3.815381289,122.0088269,0,false,false,daofind,,0,None,false,low_snr
1065,2510.050505,46.7780481,718.9793631,407.9231756,1.762536198,36.08314896,4.193472379,1.042587442,-0.03854789212,-0.1134398862,6.583520412,3.318176031,46.7780481,0,false,false,daofind,,0,None,false,low_snr;not_star_like
1066,1653.75204,147.5321857,718.2056009,456.1522918,1.574486446,32.66652679,4.404947158,0.9818475741,-0.3274235725,0.2577185813,8.00014019,3.712437868,147.5321857,0,false,false,daofind,,0,None,false,low_snr
1067,2435.735426,384.012229,714.851857,468.2557137,1.526627089,19.3874073,5.704478498,0.6251840498,-0.5316862464,0.1896617286,9.279258728,3.809084654,123.264574,0,false,false,daofind,,0,None,false,low_snr
1068,2474.379434,256.795912,713.5578743,442.6927734,1.611857968,13.9336338,6.722800058,0.4914005936,-0.4776525497,-0.2591587594,8.738850594,3.599676847,84.62056614,0,false,false,daofind,,0,None,false,low_snr
1069,897.6223705,1670.254832,711.8191341,460.0901338,1.547129751,20.27328491,5.566606942,0.6899733239,0.3886218369,0.1026557006,9.399991035,3.74288559,248.7451682,0,false,false,daofind,,0,None,false,low_snr
1070,1288.139142,86.45032108,710.8676861,410.5595585,1.731460567,20.61250496,5.516921313,0.7662035642,0.1721371263,-0.3392213114,7.054160595,3.337158203,86.45032108,0,false,false,daofind,,0,None,false,low_snr
1071,1432.826207,1151.472806,708.5682639,464.5012134,1.525438994,24.63032341,5.038758932,0.5787968442,0.1838958561,-0.09036704686,9.369242668,3.778484583,767.5271937,0,false,false,daofind,,0,None,false,low_snr
1072,2033.430833,1917.349878,707.6953697,372.3316453,1.900712385,21.02347183,5.450530174,0.7641679481,-0.7293890715,-0.4253777068,7.310173035,3.768237591,1.6501222,0,false,true,daofind,,0,None,false,low_snr;too_close_to_edge
1073,1979.050682,1075.907178,706.452046,463.7762625,1.523260466,17.04240799,6.048443867,0.4657522948,0.386896193,0.373829589,9.291806221,3.772488356,579.9493182,0,false,false,daofind,,0,None,false,low_snr
1074,2151.331379,1377.978763,705.8558827,467.256304,1.510639614,24.6171093,5.03045516,0.7734633033,-0.3202811182,-0.1011786822,9.716846466,3.801914454,407.6686207,0,false,false,daofind,,0,None,false,low_snr
1075,1563.071167,1196.136132,703.9701541,469.2348437,1.500251236,24.02566147,5.085190613,0.8124364645,1.077180386,-0.1174507422,9.308282852,3.817661762,722.8638684,0,false,false,daofind,,0,None,false,low_snr;too_elongated
1076,2378.995578,698.0846396,702.8509786,469.6446778,1.49655902,29.44392776,4.589882258,0.94109224,0.0145727396,-0.04406038099,9.889404297,3.820907354,180.0044217,0,false,false,daofind,,0,None,false,low_snr
1077,2416.194955,435.3726118,702.4272843,469.0253555,1.497631794,19.12010193,5.694077508,0.5460835933,0.5252555013,0.188128069,9.214893341,3.816132545,142.8050455,0,false,false,daofind,,0,None,false,low_snr
1078,955.7202303,1134.850725,702.1579165,467.1612286,1.503031231,31.94688034,4.404239835,0.9775493724,-0.06174239889,-0.216571074,9.719787598,3.800539255,784.1492755,0,false,false,daofind,,0,None,false,low_snr
1079,2478.876414,1564.343284,701.4414093,482.0384429,1.455156574,28.13689423,4.690567728,0.6910767819,0.6848070025,0.1166479334,9.529772758,3.923148155,80.12358609,0,false,false,daofind,,0,None,false,low_snr
1080,2350.47844,704.3364612,701.1788261,480.3593294,1.459696488,31.28133011,4.447741933,0.8935083255,-0.3975600302,0.01738945688,10.05402851,3.912086964,208.5215604,0,false,false,daofind,,0,None,false,low_snr
1081,1694.910364,300.7210688,700.618651,499.4300946,1.40283627,25.97174835,4.879305873,0.9295669442,0.07928100973,0.1056220353,9.694919586,4.066866398,300.7210688,0,false,false,daofind,,0,None,false,low_snr
1082,1237.588093,1110.914629,695.5264164,431.288708,1.612670129,17.98979568,5.841326598,0.7028845074,0.7639354467,0.1163285011,9.336102486,3.507656336,808.0853709,0,false,false,daofind,,0,None,false,low_snr
1083,201.3116803,1379.315381,694.416413,467.3417981,1.485885525,15.0982542,6.371099854,0.4266810781,0.03746301308,-0.4260280207,9.558731079,3.800442696,201.3116803,0,false,false,daofind,,0,None,false,low_snr
1084,414.1659945,575.4607266,693.4481149,479.2618297,1.446908708,37.63778305,4.03239213,0.9432331081,0.3478544354,-0.3290332641,10.02888393,3.89828372,414.1659945,0,false,false,daofind,,0,None,false,low_snr
1085,2402.299194,788.8018241,692.1466603,437.1186913,1.583429567,39.98754501,3.9084493,0.9493259793,0.1876541078,0.03288660493,9.355602264,3.555713654,156.7008064,0,false,false,daofind,,0,None,false,low_snr
1086,492.5960864,1415.357968,689.2094007,481.2416836,1.432148179,17.70058632,5.862050561,0.6569696361,-0.0007343821926,0.9878616097,9.63274765,3.914372683,492.5960864,0,false,false,daofind,,0,None,false,low_snr
1087,1905.911294,1850.953616,687.4714025,432.4069889,1.589871163,26.54377747,4.780944966,0.9487460213,-0.006422838196,0.3011285538,7.456222534,3.516458988,68.04638418,0,false,false,daofind,,0,None,false,low_snr
1088,1475.291001,1738.550315,686.966632,454.5828737,1.511202185,32.80299377,4.299113098,0.6354613747,0.2776522636,-0.5424411888,8.863676071,3.697876453,180.4496854,0,false,false,daofind,,0,None,false,low_snr
1089,1267.646988,1763.00575,682.3667506,425.6605767,1.603077165,27.00255013,4.722525676,0.8804530634,-0.5807077289,-0.5250801417,8.997449875,3.458669662,155.9942501,0,false,false,daofind,,0,None,false,low_snr
1090,2192.640854,1034.675535,681.1782899,484.1637203,1.40691725,26.5442009,4.758974317,0.6195675306,0.775929749,1.197597687,9.455800056,3.939388037,366.3591458,0,false,false,daofind,,0,None,false,low_snr;too_elongated
1091,2421.01766,1310.616988,679.2180077,471.5319038,1.440449739,17.06275368,5.927176024,0.5273275088,0.3617237806,0.3522813049,8.938539505,3.836876154,137.9823404,0,false,false,daofind,,0,None,false,low_snr
1092,87.59178824,215.7748377,678.1422598,458.9967127,1.477444698,14.77474213,6.364557869,0.5506260116,0.5929679275,0.5457208631,8.225257874,3.738014221,87.59178824,0,false,false,daofind,,0,None,false,low_snr
1093,1021.57949,1832.971725,673.1062756,452.7853646,1.486590177,15.94403458,6.103943372,0.5710938266,-0.07431943715,-0.05760990903,7.728344917,3.682272434,86.02827473,0,false,false,daofind,,0,None,false,low_snr
1094,216.2037261,914.3341577,671.9363179,459.8376073,1.461246986,27.46377182,4.6467762,1.167712374,0.5013640523,-0.2287030066,9.866503716,3.739567518,216.2037261,0,false,false,daofind,,0,None,false,low_snr;not_star_like
1095,916.761624,427.5772675,668.7234309,464.3658297,1.440078895,22.38288498,5.134912276,0.8186941548,-0.5504190326,0.09815830025,9.950447083,3.774975538,427.5772675,0,false,false,daofind,,0,None,false,low_snr
1096,1282.288277,1869.826095,664.4218238,430.3197195,1.544019002,19.79314613,5.442924608,0.7664459403,-0.4895442724,-0.2151605643,7.2177248,3.500891924,49.17390452,0,false,false,daofind,,0,None,false,low_snr
1097,1899.002676,1406.812153,664.0540278,480.2565439,1.382706881,24.49297523,4.891575102,0.6227930866,-0.5887203813,-0.6374123778,9.507024765,3.905698061,512.1878473,0,false,false,daofind,,0,None,false,low_snr
1098,1430.147515,908.0908563,661.8927483,476.9556409,1.387744879,31.87653732,4.280810783,0.8878180989,0.5609791279,0.2301814775,9.790129662,3.878641129,908.0908563,0,false,false,daofind,,0,None,false,low_snr
1099,1507.830097,637.398946,660.9940063,431.5687567,1.531607643,34.71863937,4.099068748,0.7703853295,-0.05751129612,-0.1952500487,9.618457794,3.508507252,637.398946,0,false,false,daofind,,0,None,false,low_snr
1100,2532.416096,120.2342346,659.7014841,404.3142322,1.63165536,15.7663784,6.076808458,0.5877469111,-0.2367222458,-0.0985624791,7.567523003,3.288772821,26.58390365,0,false,false,daofind,,0,None,false,low_snr
1101,592.4858115,1864.06651,659.0418332,442.3790548,1.489767262,20.20554924,5.365237496,0.6764609576,0.1270859241,0.06653325449,8.127784729,3.599314451,54.93348956,0,false,false,daofind,,0,None,false,low_snr
1102,278.2848824,1824.578675,658.3395425,511.1320006,1.288002985,37.63946533,3.928900566,0.8548183787,-0.3766756356,-0.01598648586,9.693865776,4.158083916,94.4213248,0,false,false,daofind,,0,None,false,low_snr
1103,1189.206794,1469.015466,658.2878621,450.8298758,1.460169118,30.31275177,4.377871722,0.7208964693,-0.3338418901,0.01681042992,9.68724823,3.66656518,449.9845338,0,false,false,daofind,,0,None,false,low_snr
1104,1.89656275,1771.875915,655.4864363,341.0936958,1.921719587,23.5,4.961531048,0.6377337449,-0.3163376749,0.2778638686,5.5,3.410485029,1.89656275,0,false,true,daofind,,0,None,false,low_snr;too_close_to_edge
1105,2487.492805,1443.489709,655.1529029,496.3800144,1.319861566,15.48231316,6.111125476,0.4548475692,0.007157461252,-0.1777436533,8.843821526,4.040725708,71.50719536,0,false,false,daofind,,0,None,false,low_snr
1106,1356.134634,366.2512375,654.5092282,467.6918087,1.399445566,23.3977108,4.968656718,1.046096078,0.8089035153,0.00150637357,9.6022892,3.805012703,366.2512375,0,false,false,daofind,,0,None,false,low_snr;not_star_like
1107,479.2457635,1161.135941,654.449258,439.6352662,1.488618654,32.69337845,4.203159577,0.867704859,-0.2162569016,-0.08065854726,8.973288536,3.574883699,479.2457635,0,false,false,daofind,,0,None,false,low_snr
1108,1418.260689,809.8752565,652.5024933,489.4909933,1.333022471,24.49232101,4.848907575,0.8121346554,0.1642467827,-0.128224423,10.18031883,3.981435776,809.8752565,0,false,false,daofind,,0,None,false,low_snr
1109,2318.481416,270.2945376,650.3445392,484.6913261,1.341770533,19.01735497,5.493694214,0.7249647008,-0.1975834072,-0.1902531754,9.655357361,3.944292307,240.5185841,0,false,false,daofind,,0,None,false,low_snr
1110,1172.324288,1222.517343,648.6245383,477.9389895,1.357128321,31.75041008,4.246095988,1.115352343,0.2486903816,0.2536733171,9.582921982,3.890743256,696.4826566,0,false,false,daofind,,0,None,false,low_snr;not_star_like
1111,1074.269918,1081.942266,645.151913,448.2631481,1.439225856,23.38695717,4.934145186,0.6891255513,-0.04426265508,-0.3860679291,9.27971077,3.646116018,837.0577335,0,false,false,daofind,,0,None,false,low_snr
1112,1472.250045,629.878641,641.848505,423.574798,1.515313253,29.16755104,4.406908907,0.7023886696,-0.260823369,0.3935060963,9.499116898,3.444583893,629.878641,0,false,false,daofind,,0,None,false,low_snr
1113,175.635029,1660.515069,639.0042538,473.699282,1.348966059,33.68740845,4.091531163,0.792961816,-0.0791727826,0.2734362883,9.979257584,3.857122421,175.635029,0,false,false,daofind,,0,None,false,low_snr
1114,1796.802073,1277.547122,635.8376288,458.0701591,1.388079132,13.44814587,6.459660557,0.5329881035,-0.09927063435,0.03110545614,9.218192101,3.726267576,641.4528778,0,false,false,daofind,,0,None,false,low_snr
1115,952.5094734,1231.737113,635.0556808,486.0092199,1.306674143,29.04237938,4.392963505,0.8962954337,0.1497801542,-0.2417879619,9.954854965,3.953601599,687.2628871,0,false,false,daofind,,0,None,false,low_snr
1116,641.0912291,1824.011422,634.9362887,436.7014124,1.453936879,19.36577225,5.379172288,0.707219423,-1.137594581,-0.4738358887,8.300893784,3.552546263,94.98857822,0,false,false,daofind,,0,None,false,low_snr;too_elongated
1117,108.7687045,1771.884001,634.6603088,450.5827678,1.408532137,24.3157692,4.799482948,0.804732369,0.4803434908,0.6222769048,8.016421318,3.666349649,108.7687045,0,false,false,daofind,,0,None,false,low_snr
1118,214.0431124,694.2031743,633.6877781,464.0681545,1.365505846,22.1237278,5.027780418,0.6675347277,-0.6192873716,0.1500421157,9.876272202,3.773156881,214.0431124,0,false,false,daofind,,0,None,false,low_snr
1119,1150.587876,1809.403187,632.8127182,455.1986507,1.390190233,28.97801018,4.390066602,1.022149027,-0.3090144396,0.1044273609,8.021989822,3.70458293,109.5968126,0,false,false,daofind,,0,None,false,low_snr;not_star_like
1120,2435.543174,333.0179372,632.3465403,459.4970559,1.376171038,31.02613449,4.241129445,0.8810779973,0.3643674552,-0.6405288773,9.307197571,3.737224579,123.4568264,0,false,false,daofind,,0,None,false,low_snr
1121,1679.888987,1130.041413,631.1607901,470.2043797,1.342311593,22.68956947,4.954783329,0.7872879331,-0.2617175281,0.2164295482,9.643762589,3.825121641,788.958587,0,false,false,daofind,,0,None,false,low_snr
1122,2216.011412,53.18814243,631.1426334,410.114984,1.538940682,14.65037918,6.16605105,0.6401750793,-0.2903022468,-0.2635901245,8.349620819,3.33499527,53.18814243,0,false,false,daofind,,0,None,false,low_snr
1123,970.1215674,420.8987835,630.7268652,480.7651275,1.311923076,18.7179184,5.45330364,0.8887416898,0.3116512001,0.06658648481,10.27498531,3.911803007,420.8987835,0,false,false,daofind,,0,None,false,low_snr
1124,1941.117743,1376.995835,630.5010357,494.2180374,1.275754805,34.99761963,3.987415003,0.7536856211,0.4704416096,-0.2803338642,9.669049263,4.024622917,542.004165,0,false,false,daofind,,0,None,false,low_snr
1125,1983.346454,118.2667893,629.8393174,450.6723757,1.397554746,26.75813293,4.557794817,0.8573372945,0.297115624,0.2686258493,8.553449631,3.66397953,118.2667893,0,false,false,daofind,,0,None,false,low_snr
1126,1690.385764,1264.494582,626.3259682,470.2701244,1.331842989,16.02764893,5.872636075,0.7362648953,0.2305833399,-0.3671444172,9.308157921,3.824497461,654.5054183,0,false,false,daofind,,0,None,false,low_snr
1127,959.8050718,1506.097734,626.0322016,468.1671474,1.337198061,23.92793274,4.805222884,0.6525208203,0.5679217577,-0.2558568995,9.740617752,3.807732105,412.9022655,0,false,false,daofind,,0,None,false,low_snr
1128,1031.304635,247.8093102,624.6542243,468.1361072,1.334343185,25.33004379,4.665193482,0.6000211517,-0.4003170729,0.1643011248,9.669955254,3.806420326,247.8093102,0,false,false,daofind,,0,None,false,low_snr
1129,532.0240532,1542.208345,624.2507365,491.970651,1.268878001,31.26453781,4.197795862,0.9601200635,0.6068837047,0.5465369071,9.735462189,4.004099369,376.7916554,0,false,false,daofind,,0,None,false,low_snr
1130,1055.714294,902.6174347,623.8922402,461.48148,1.35193343,24.20287704,4.76967826,1.017915176,0.09425149858,-0.4254854944,9.750348091,3.756414652,902.6174347,0,false,false,daofind,,0,None,false,low_snr;not_star_like
1131,524.3757644,502.6704932,623.7964227,459.5660541,1.35735966,10.66193485,7.18573534,0.3892069095,0.4922509193,0.2448946651,9.673582077,3.737600088,502.6704932,0,false,false,daofind,,0,None,false,low_snr
1132,1278.60685,358.2553371,621.8775156,471.6846896,1.318417853,34.31250381,3.999392356,0.8157312159,0.05161727592,-0.3598374723,9.687496185,3.83719182,358.2553371,0,false,false,daofind,,0,None,false,low_snr
1133,1715.570404,1439.844257,621.7795168,495.7260559,1.254280483,22.96772766,4.88795254,0.9553367452,-0.0267332755,0.5650175879,10.03227139,4.03349781,479.1557434,0,false,false,daofind,,0,None,false,low_snr
1134,542.8821198,544.8862498,618.7077017,462.4201936,1.337977256,24.14679337,4.755331725,0.8055319417,-0.7266994119,0.3816004529,9.853206635,3.761790991,542.8821198,0,false,false,daofind,,0,None,false,low_snr
1135,641.2586995,1116.742565,615.7630123,483.6883499,1.273057357,33.93415451,4.001806381,0.9172224892,0.2108506411,0.006327466121,9.732512474,3.93533659,641.2586995,0,false,false,daofind,,0,None,false,low_snr
1136,2439.506725,595.3394426,615.1170754,455.6310307,1.350033325,34.27990723,3.979484912,0.9863500815,0.1286450624,-0.1911590975,9.707960129,3.705498457,119.4932747,0,false,false,daofind,,0,None,false,low_snr
1137,1815.125452,507.3147046,613.168007,463.8343841,1.32195462,26.16430664,4.547816344,0.8625815309,-0.7639363408,-0.2963931441,9.503869057,3.773897648,507.3147046,0,false,false,daofind,,0,None,false,low_snr
1138,2301.36021,341.7333128,612.0127491,505.2119413,1.211398027,25.32058716,4.61860837,0.7775118325,0.389805764,-0.2203044471,10.01274586,4.110949039,257.6397895,0,false,false,daofind,,0,None,false,low_snr
1139,1085.973828,665.700386,610.2164833,487.7348287,1.251123454,20.22131348,5.160657967,0.5855438963,-0.06141134351,-0.3278769564,9.44929409,3.969016552,665.700386,0,false,false,daofind,,0,None,false,low_snr
1140,1357.438752,639.3631218,608.4910173,425.545105,1.429909568,21.63357925,4.982309314,0.8295629782,-0.3292158544,0.4315017409,9.368148804,3.46041894,639.3631218,0,false,false,daofind,,0,None,false,low_snr
1141,1712.00647,135.4509061,607.9318949,452.1097227,1.344655654,19.62626457,5.228491783,0.7544648475,-0.3625991344,-0.2445632874,8.040401459,3.676896572,135.4509061,0,false,false,daofind,,0,None,false,low_snr
1142,1097.84083,1866.466923,607.463215,447.2287011,1.358283164,20.19736862,5.15205376,0.7793435615,0.2294941247,-0.00408336152,7.469296455,3.637957335,52.53307741,0,false,false,daofind,,0,None,false,low_snr
1143,331.0378154,4.917701665,606.3600079,418.1064201,1.450252803,35.11707687,3.903677088,0.872842749,0.03761716932,-0.1474204939,7.549591064,3.692410946,4.917701665,0,false,true,daofind,,0,None,false,low_snr;too_close_to_edge
1144,2294.082555,256.9452529,605.3664659,494.8699745,1.223283887,19.68944931,5.209069896,0.9064415156,-0.3571161032,-0.1782842823,9.643883705,4.028084278,256.9452529,0,false,false,daofind,,0,None,false,low_snr
1145,2237.891323,1353.463107,604.3663042,459.8233766,1.314344453,32.33865738,4.061223763,0.9610195134,-0.3320356905,-0.2760944102,9.661343575,3.740420341,321.1086773,0,false,false,daofind,,0,None,false,low_snr
1146,1145.039264,1562.447345,604.1656592,447.2043598,1.350983384,37.33015442,3.779339572,0.7604441755,-0.1075500622,-0.2152174284,9.669847488,3.636269569,356.5526549,0,false,false,daofind,,0,None,false,low_snr
1147,1504.573274,1108.839318,603.9234444,474.7538942,1.272076863,37.52931213,3.768542629,0.9510156636,0.3636811078,-0.1915502742,9.470687866,3.862484694,810.160682,0,false,false,daofind,,0,None,false,low_snr
1148,433.3882228,1882.784263,603.5929873,482.9508846,1.249802012,20.44359016,5.104595103,0.7842404551,0.2693013549,0.02082304719,8.889743805,3.929128647,36.21573705,0,false,false,daofind,,0,None,false,low_snr
1149,504.6744613,160.7152955,603.1331349,446.5947636,1.350515465,20.79213333,5.059701059,0.885786282,0.7648945451,-0.3482792263,9.184197426,3.627407551,160.7152955,0,false,false,daofind,,0,None,false,low_snr
1150,867.9828631,567.2988082,598.9605953,475.6009409,1.259376388,34.64829636,3.905943645,0.9838267696,-0.2378672063,-0.1108517315,10.01837254,3.87027216,567.2988082,0,false,false,daofind,,0,None,false,low_snr
1151,1814.108813,553.5082255,598.0984622,462.5214004,1.29312603,22.72169495,4.819852748,0.7409675708,0.1808138937,-0.02286347068,9.611638069,3.762554646,553.5082255,0,false,false,daofind,,0,None,false,low_snr
1152,1813.931621,72.94431318,596.6515649,420.3085465,1.419556109,19.58955383,5.184607807,0.7720875509,0.2406889945,-0.08879827642,7.077031612,3.419351816,72.94431318,0,false,false,daofind,,0,None,false,low_snr
1153,2011.06194,1145.871204,595.9430591,473.4885029,1.258622026,42.56461716,3.515165742,0.8154689907,-0.0759921819,-0.02040034579,9.435381889,3.85159874,547.9380599,0,false,false,daofind,,0,None,false,low_snr
1154,972.8164906,1191.541822,595.8902032,483.5755371,1.232258784,47.40739441,3.330641349,0.896031569,0.3174285591,0.03024949549,9.926757812,3.934667826,727.4581776,0,false,false,daofind,,0,None,false,low_snr
1155,783.9413898,1351.564041,595.6477233,458.6600879,1.298669187,26.88835526,4.4216098,0.8195744558,-0.06160543859,0.2579599482,9.439647675,3.731437206,567.4359594,0,false,false,daofind,,0,None,false,low_snr
1156,1010.946752,1456.223293,594.1297217,433.4908184,1.370570486,31.40884972,4.08584995,1.062000326,0.18611224,-0.3924854632,9.924482346,3.52358079,462.7767074,0,false,false,daofind,,0,None,false,low_snr;not_star_like
1157,1498.042871,1758.214939,590.8104459,453.3570628,1.303190122,37.03587341,3.752153327,0.9194445397,-0.4342982173,-0.09248684049,8.630795479,3.690154791,160.7850612,0,false,false,daofind,,0,None,false,low_snr
1158,528.9264427,1342.191712,589.7556443,454.5807619,1.297361643,27.63748169,4.339649046,0.6901708876,-0.1744523793,-0.3781389664,9.362519264,3.696524143,528.9264427,0,false,false,daofind,,0,None,false,low_snr
1159,1300.21095,1289.397026,587.7265212,482.1736506,1.218910491,18.69094467,5.267927729,0.7137272841,-1.010347605,-0.5273155242,9.30758667,3.924329758,629.6029738,0,false,false,daofind,,0,None,false,low_snr;too_elongated
1160,1946.308595,1475.563353,587.3212583,453.604831,1.294786162,17.69760895,5.411882425,0.6827215633,0.7394267917,0.7205973318,9.302392006,3.689489365,443.4366474,0,false,false,daofind,,0,None,false,low_snr
1161,306.0182808,283.2866422,585.4279776,493.8936206,1.185332131,34.44100952,3.873170275,0.8218917014,0.04556623474,-0.3304385798,10.22388268,4.018815041,283.2866422,0,false,false,daofind,,0,None,false,low_snr
1162,336.3019839,824.7958124,584.8836674,464.7901242,1.258382304,26.79727554,4.388915465,0.6864809314,-0.425103873,0.4737631263,9.869392395,3.781758308,336.3019839,0,false,false,daofind,,0,None,false,low_snr
1163,1902.633779,744.4582781,581.236562,479.055831,1.21329608,16.89973068,5.50940071,0.50827711,-0.5376344919,0.1301516582,9.766936302,3.892362118,656.366221,0,false,false,daofind,,0,None,false,low_snr
1164,1263.042701,90.32244774,578.7553568,429.2261561,1.348369265,25.54718208,4.471402858,1.023000711,-0.1906403154,-0.2089220162,7.119486332,3.491402864,90.32244774,0,false,false,daofind,,0,None,false,low_snr;not_star_like
1165,2318.278235,1036.164052,577.9273709,449.5026672,1.285703986,24.34997559,4.576728567,0.6512932383,-0.273652494,0.1019518388,9.98335743,3.656486273,240.7217653,0,false,false,daofind,,0,None,false,low_snr
1166,101.977366,1080.789657,577.7419858,452.1570336,1.27774632,14.00195885,6.034487004,0.6258790624,-0.4634287655,-0.002125110718,7.325572491,3.678035736,101.977366,0,false,false,daofind,,0,None,false,low_snr
1167,1217.871644,111.9413823,577.3331257,454.5702288,1.270063654,11.33113766,6.705702322,0.4853637459,0.2046680748,0.2021463897,8.025859833,3.698449373,111.9413823,0,false,false,daofind,,0,None,false,low_snr
1168,1745.860703,1520.051118,575.80382,481.8118108,1.195080334,12.03330326,6.498492616,0.304309226,-0.6155233979,0.852490768,9.971229553,3.919157505,398.9488815,0,false,false,daofind,,0,None,false,low_snr
1169,385.9312699,1667.056231,575.6592962,467.1859243,1.232184589,36.77730942,3.716726244,0.8483097277,0.6673822403,-0.08689692218,9.556022644,3.799706936,251.9437694,0,false,false,daofind,,0,None,false,low_snr
1170,1499.126689,1367.988072,573.8497107,450.9191663,1.272622132,26.65102005,4.359231723,0.8678217058,0.09031191468,0.2430541082,9.015646935,3.667073965,551.0119277,0,false,false,daofind,,0,None,false,low_snr
1171,1938.757373,1842.211911,573.5460397,448.5594933,1.278639842,23.48121262,4.64292504,0.9851725594,-0.8364087939,0.188261115,7.518787861,3.6496346,76.7880895,0,false,false,daofind,,0,None,false,low_snr
1172,864.3344238,1104.301269,571.9858386,456.3370816,1.253428357,28.31162071,4.222581711,0.6682623089,-0.1922646761,-0.100193574,9.355047226,3.712075472,814.6987306,0,false,false,daofind,,0,None,false,low_snr
1173,2251.607248,505.3858014,571.4436119,467.2404227,1.223018352,28.9301033,4.175221197,0.8705207653,0.4279145598,0.1980586141,9.736563683,3.800595045,307.3927521,0,false,false,daofind,,0,None,false,low_snr
1174,1175.979722,481.8227377,570.5907504,461.9575512,1.235158401,32.90560913,3.911967032,0.8446922778,0.6280406713,-0.09088600667,9.761060715,3.756115675,481.8227377,0,false,false,daofind,,0,None,false,low_snr
1175,1097.111761,573.7637174,569.9573517,476.4108354,1.196356819,20.75956917,4.922432865,0.7555767315,-0.7009865046,-0.4621792331,9.569254875,3.875202417,573.7637174,0,false,false,daofind,,0,None,false,low_snr
1176,739.1040533,1733.100175,569.7807418,439.1381381,1.29749774,30.40343857,4.066870288,0.583996148,0.1499204487,-0.3874696275,8.92989254,3.571184397,185.8998254,0,false,false,daofind,,0,None,false,low_snr
1177,1113.621129,1289.129311,567.059793,482.1723189,1.176052151,25.31282806,4.446434332,0.9795157528,0.4226477742,0.04885909356,10.020504,3.923072815,629.870689,0,false,false,daofind,,0,None,false,low_snr
1178,268.6182099,1405.863754,566.0940548,490.2672095,1.154664322,20.37415314,4.951904993,0.8515181737,0.2877013087,-0.1823411127,9.625845909,3.988183022,268.6182099,0,false,false,daofind,,0,None,false,low_snr
1179,1807.988639,813.4048187,564.0273846,497.0811974,1.134678575,23.67604065,4.585253452,0.7706534605,0.5892745852,0.01082212569,9.657290459,4.047343731,751.011361,0,false,false,daofind,,0,None,false,low_snr
1180,1034.038085,1583.288196,563.4695713,447.4952552,1.259163231,25.98564911,4.37457875,0.64804283,-0.4112181365,-0.0923130729,9.681017876,3.639778852,335.7118041,0,false,false,daofind,,0,None,false,low_snr
1181,986.8223785,379.8229255,563.4343562,476.807044,1.181682115,26.84950066,4.303495427,0.8149537421,0.2799602449,0.5058621942,10.15641403,3.881344557,379.8229255,0,false,false,daofind,,0,None,false,low_snr
1182,374.9414315,234.8000493,563.2874812,450.2517107,1.251050174,12.26940346,6.365332812,0.3056187515,0.6834658384,0.6617206456,9.410298347,3.661454916,234.8000493,0,false,false,daofind,,0,None,false,low_snr
1183,2328.526856,626.7303608,562.8043136,487.7061219,1.153982467,23.91753197,4.557097463,1.072661758,-0.206193015,-0.6550147234,9.752848625,3.971279621,230.4731443,0,false,false,daofind,,0,None,false,low_snr;not_star_like
1184,2117.761018,292.4740633,562.0449804,494.1584411,1.137378083,22.9699173,4.64701004,0.6875068672,-0.1363851875,-0.01854029833,10.03080654,4.021611691,292.4740633,0,false,false,daofind,,0,None,false,low_snr
1185,2148.87767,1835.638601,561.9950757,450.7710474,1.246741731,20.1711998,4.958703939,0.7648413322,-0.213064909,-0.1196580042,8.166374207,3.665624142,83.36139905,0,false,false,daofind,,0,None,false,low_snr
1186,146.7601618,491.8314938,561.6271086,454.7373597,1.235058208,35.22521973,3.751154617,0.8795809196,0.1511647999,0.07662984093,9.108112335,3.700515032,146.7601618,0,false,false,daofind,,0,None,false,low_snr
1187,509.4514317,1890.850821,561.1531426,449.5204987,1.24833716,29.77254486,4.078500411,0.6773741396,0.5739837885,0.098356309,8.235959053,3.65577507,28.14917936,0,false,false,daofind,,0,None,false,low_snr
1188,1102.505145,891.2256535,560.9137353,436.5071042,1.285004826,19.01388359,5.102469436,0.5938979603,0.2076188922,0.1990767862,8.697151184,3.543279171,891.2256535,0,false,false,daofind,,0,None,false,low_snr
1189,2348.339199,1543.034787,559.8792886,508.7514102,1.10049678,19.86218262,4.987713574,0.5696526282,0.3560991883,0.04330657997,10.13781643,4.141174793,210.6608014,0,false,false,daofind,,0,None,false,low_snr
1190,317.9299689,1470.091033,558.8716973,484.9090137,1.152528993,34.70770264,3.769735801,0.8655802555,-0.2058830261,-0.07522891493,9.625631332,3.944803238,317.9299689,0,false,false,daofind,,0,None,false,low_snr
1191,2553.855016,152.7712724,558.2646546,374.0510601,1.492482482,18.92747498,5.102012469,0.405642927,0.1951304078,0.5772757443,8.386332512,3.275746584,5.144984006,0,false,true,daofind,,0,None,false,low_snr;too_close_to_edge
1192,1989.758887,1033.655985,557.3612125,462.2972953,1.20563373,18.36961174,5.174711862,0.7048871432,0.5398560762,-0.3644602979,9.297288895,3.761166573,569.2411131,0,false,false,daofind,,0,None,false,low_snr
1193,794.4461625,526.7728201,556.1606446,450.3884465,1.234846606,28.71117401,4.134685119,1.015245922,-0.5378432274,-0.0670594185,9.622158051,3.662324905,526.7728201,0,false,false,daofind,,0,None,false,low_snr;not_star_like
1194,1795.983852,1066.395581,554.6941212,466.6504021,1.188671688,16.5689621,5.435592856,0.4640012088,0.3217125535,0.0249958397,9.431038857,3.797532082,763.0161478,0,false,false,daofind,,0,None,false,low_snr
1195,115.559341,1671.354468,551.4581847,440.6936176,1.251341437,32.02652359,3.898245476,1.002561129,0.5219551325,0.224946368,8.306807518,3.586911678,115.559341,0,false,false,daofind,,0,None,false,low_snr;not_star_like
1196,1904.252585,1815.320962,551.1800385,434.0856059,1.269749632,14.37099266,5.817965565,0.5206633742,0.5118435621,0.0133380105,7.960493088,3.528854847,103.6790378,0,false,false,daofind,,0,None,false,low_snr
1197,1880.012752,1023.936537,549.7964538,462.9163463,1.18767993,19.62014961,4.972990157,0.7367792009,0.7400040627,-0.1330798812,9.379850388,3.766171217,678.9872482,0,false,false,daofind,,0,None,false,low_snr
1198,1674.748255,923.9619325,549.5729237,496.1430642,1.107690429,12.01813316,6.352752676,0.4280427074,0.2814394236,-0.8551961384,9.314738274,4.035649776,884.2517445,0,false,false,daofind,,0,None,false,low_snr
1199,1317.467666,1172.123362,548.185019,467.3426935,1.172982967,29.61565781,4.041761471,0.9790899067,0.2296481133,0.2595958999,9.386538506,3.801731348,746.8766381,0,false,false,daofind,,0,None,false,low_snr
1200,325.4744361,1158.06589,548.1419922,437.356507,1.253307047,19.40077209,4.993497305,0.9029664198,0.3406783938,0.5836460014,9.271634102,3.557813406,325.4744361,0,false,false,daofind,,0,None,false,low_snr
1201,2090.674469,1232.141747,548.0376759,524.1756858,1.045522886,24.5996151,4.43413429,0.7509527148,0.2024559826,0.2122593092,9.733716965,4.267793179,468.3255308,0,false,false,daofind,,0,None,false,low_snr
1202,919.6137689,146.8793195,546.7937874,443.7859874,1.23211143,16.32719421,5.436555128,0.8749898255,-0.2332117707,-0.280768529,8.344601631,3.60932374,146.8793195,0,false,false,daofind,,0,None,false,low_snr
1203,1417.551849,113.0269755,546.5920878,432.77233,1.263001467,32.85428619,3.831805375,0.8161463271,0.3253518343,0.3646784754,8.479043961,3.520731211,113.0269755,0,false,false,daofind,,0,None,false,low_snr
1204,2090.008832,1577.562194,545.3458629,481.7429964,1.132026551,29.62084961,4.030928044,0.7180879852,-0.003836495336,-0.2710564853,10.04602432,3.919288158,341.4378064,0,false,false,daofind,,0,None,false,low_snr
1205,1870.254691,978.0198066,542.8645829,472.4052884,1.149150097,23.12757683,4.551436396,0.6647972617,-0.07781070471,-0.1069204935,9.53909111,3.843360424,688.7453085,0,false,false,daofind,,0,None,false,low_snr
1206,2308.525602,576.128099,540.384215,473.9408065,1.140193475,16.87417221,5.316280393,0.5969940291,-0.5335853696,-0.5486953943,9.792494774,3.855880499,250.4743978,0,false,false,daofind,,0,None,false,low_snr
1207,679.8369251,1018.367004,539.5260483,483.0055687,1.117018277,21.96665955,4.655775053,0.7197170018,-0.4723855555,-0.1328454305,10.03358459,3.929223299,679.8369251,0,false,false,daofind,,0,None,false,low_snr
1208,411.5426336,1723.372547,536.3017111,468.8953284,1.143755714,47.3292923,3.162331367,1.126347385,-0.5351124406,-0.07467915662,9.337377548,3.814292192,195.6274528,0,false,false,daofind,,0,None,false,low_snr;not_star_like
1209,1385.13526,669.5676663,534.3081621,430.4102992,1.241392604,13.67826939,5.871487191,0.6105834952,0.0406909436,0.2174332218,9.323022842,3.501042128,669.5676663,0,false,false,daofind,,0,None,false,low_snr
1210,1080.325386,1719.797283,533.6930327,460.2987196,1.15944931,22.68045425,4.557090802,1.034558199,-0.4940750301,0.3343679391,9.319544792,3.745195389,199.2027171,0,false,false,daofind,,0,None,false,low_snr;not_star_like
1211,970.1583226,692.8741091,532.6529296,465.0418611,1.145387059,41.57770538,3.362479855,0.8290492061,0.06586779654,0.5427609414,9.422293663,3.78132534,692.8741091,0,false,false,daofind,,0,None,false,low_snr
1212,1344.046386,996.6536465,532.5936754,416.868251,1.277606712,27.26228333,4.15226133,0.8301834566,-0.1252177656,0.09636814174,7.07104969,3.358026981,922.3463535,0,false,false,daofind,,0,None,false,low_snr
1213,2110.616041,917.8185651,531.5683209,456.685277,1.163970786,21.86959076,4.631556936,0.5730396564,-0.2429818213,-0.5742309514,10.13040829,3.720101357,448.3839595,0,false,false,daofind,,0,None,false,low_snr
1214,1081.183982,755.7440489,528.976418,447.7316038,1.181458743,25.65011978,4.266200348,0.8148884407,0.2058040798,0.05571989722,9.683213234,3.640510798,755.7440489,0,false,false,daofind,,0,None,false,low_snr
1215,1553.297497,1153.144958,527.8491406,471.3879542,1.119776473,16.19890976,5.36265436,0.4351375622,0.02045076154,-0.5078445482,9.467756271,3.834884644,765.8550423,0,false,false,daofind,,0,None,false,low_snr
1216,1536.403787,1835.099179,527.2051283,432.301119,1.219532185,25.2890358,4.289349825,0.9506814803,0.01814849302,-0.05516440894,7.377633095,3.514704943,83.90082128,0,false,false,daofind,,0,None,false,low_snr
1217,1383.173895,1762.174736,526.7403307,443.8560538,1.18673684,25.03780174,4.308915503,0.6713238477,-0.309979707,-0.06649153349,8.628866196,3.611547947,156.8252636,0,false,false,daofind,,0,None,false,low_snr
1218,2051.675322,242.9674287,526.5907456,471.7657889,1.116212235,15.56617737,5.46403426,0.5617719073,0.4041771591,-0.03341617454,10.10081863,3.836319447,242.9674287,0,false,false,daofind,,0,None,false,low_snr
1219,1754.827007,1569.748836,524.136683,482.8121335,1.085591365,34.93486404,3.638819715,0.8292969155,-0.3918899596,-0.07739931708,9.731804848,3.928126574,349.2511637,0,false,false,daofind,,0,None,false,low_snr
1220,1203.001122,52.4010891,523.9345296,435.4950444,1.203078052,27.29781342,4.115687294,0.6934035944,0.1508191973,0.1433508387,7.035518646,3.541656733,52.4010891,0,false,false,daofind,,0,None,false,low_snr
1221,703.1478682,1626.826208,522.6065304,466.5990802,1.120033349,28.32732391,4.035082622,0.787138706,-0.4664287269,0.08768002788,9.67267704,3.796004534,292.1737918,0,false,false,daofind,,0,None,false,low_snr
1222,2250.903054,1059.603694,521.2393524,441.6859354,1.180113086,19.83343124,4.816010894,0.6015092199,-0.1179272532,0.1638225963,9.833233833,3.587984324,308.0969461,0,false,false,daofind,,0,None,false,low_snr
1223,2141.081093,888.2863976,520.0248232,386.6049453,1.345106496,18.72503281,4.95072193,0.8524752502,-0.5435847044,-0.09297529882,9.938033104,3.108144045,417.9189067,0,false,false,daofind,,0,None,false,low_snr
1224,1215.116258,699.4396701,519.0193705,472.2063501,1.099136787,15.86214828,5.373763763,0.8843348045,0.3253931105,0.8873531201,10.13785172,3.843342066,699.4396701,0,false,false,daofind,,0,None,false,low_snr
1225,1816.160597,485.2603884,518.1379991,463.5796949,1.117689159,25.94273949,4.198388216,0.8489290267,-0.3088184297,-0.4337151808,9.390592575,3.771808863,485.2603884,0,false,false,daofind,,0,None,false,low_snr
1226,1954.042751,1321.798199,517.263834,448.8203445,1.152496406,27.32161903,4.087621092,0.7858695706,-0.4417059124,0.04556271634,9.678380966,3.644161224,597.2018005,0,false,false,daofind,,0,None,false,low_snr
1227,1264.893462,394.9543921,516.7253057,471.9492927,1.094874627,15.30782127,5.458093408,0.4718954346,-1.072220564,-0.4368842234,9.691069603,3.839400768,394.9543921,0,false,false,daofind,,0,None,false,low_snr;too_elongated
1228,1197.041292,1059.840063,513.6520053,451.6636101,1.137244608,16.60637665,5.224741906,0.4912107253,-0.7565147281,-0.3511888779,10.05745411,3.672101498,859.1599371,0,false,false,daofind,,0,None,false,low_snr
1229,169.7408692,1438.87432,513.4009771,435.7423615,1.178221404,34.44200134,3.627036664,1.062125818,0.5289008617,0.1969615753,9.558000565,3.544114828,169.7408692,0,false,false,daofind,,0,None,false,low_snr;not_star_like
1230,682.5769339,785.2772106,511.6860214,464.9203353,1.100588601,22.7244873,4.457819908,0.6990985244,-0.5947290659,-0.6138870856,9.608843803,3.781831264,682.5769339,0,false,false,daofind,,0,None,false,low_snr
1231,112.1462763,936.4876891,511.5389774,438.738822,1.165930507,21.74362183,4.556603215,0.7432148361,0.1652650982,0.003790733178,8.589711189,3.56636095,112.1462763,0,false,false,daofind,,0,None,false,low_snr
1232,8.437528477,1819.089907,510.2532696,404.4418237,1.261623402,24.83333397,4.258367841,1.03548173,-0.389439106,0.05569488528,5.5,3.295321226,8.437528477,0,false,true,daofind,,0,None,false,low_snr;too_close_to_edge;not_star_like
1233,1515.944549,715.399533,509.7767413,461.9874484,1.103442838,12.36478233,6.032044829,0.4777371235,-0.8289948106,0.247396271,9.635217667,3.754974842,715.399533,0,false,false,daofind,,0,None,false,low_snr
1234,2370.890197,1080.471266,509.3326396,447.5090284,1.138150534,34.31737137,3.619191278,1.085648889,-0.1436126232,0.1711312274,10.01596069,3.639353275,188.1098032,0,false,false,daofind,,0,None,false,low_snr;not_star_like
1235,1386.0614,718.4975823,506.3290849,449.1135616,1.127396561,13.8038435,5.689632478,0.8334962464,0.6193532944,-0.03247609513,9.515744209,3.651697397,718.4975823,0,false,false,daofind,,0,None,false,low_snr
1236,1056.894564,99.04224472,504.9811328,487.2373907,1.036417037,19.59013176,4.769651933,0.6550201932,-0.4269882143,0.460094662,7.743202209,3.966507435,99.04224472,0,false,false,daofind,,0,None,false,low_snr
1237,465.7952051,779.686419,504.5312584,456.4931356,1.105232958,23.56578827,4.34681186,0.7327147225,-0.04691480845,-0.3814023285,9.434212685,3.711081028,465.7952051,0,false,false,daofind,,0,None,false,low_snr
1238,2027.093798,1717.920961,502.5100445,486.7965164,1.032279459,40.07386398,3.326668711,0.713076225,-0.4148944318,-0.2961359453,9.592804909,3.960150003,201.0790391,0,false,false,daofind,,0,None,false,low_snr
1239,1960.670099,993.3765493,501.2597364,458.5100632,1.093236063,18.35362625,4.909511241,0.7286441408,-0.636531651,0.3329505685,9.313988686,3.729521036,598.3299009,0,false,false,daofind,,0,None,false,low_snr
1240,1168.634615,660.6573825,500.4142449,487.8284772,1.025799576,28.81251907,3.915092314,0.7866269,-0.1716321111,-0.06285889486,9.520813942,3.971829653,660.6573825,0,false,false,daofind,,0,None,false,low_snr
1241,878.7185153,170.1990992,499.9449111,450.2175497,1.11045185,34.84723663,3.558317476,0.9728342708,0.3395012915,0.1279887408,8.819432259,3.66635108,170.1990992,0,false,false,daofind,,0,None,false,low_snr
1242,2195.587393,1745.056644,497.2599684,477.0288959,1.042410581,17.28701782,5.038479536,0.5284356253,-0.5642045736,0.1080618583,9.379649162,3.882184029,173.9433556,0,false,false,daofind,,0,None,false,low_snr
1243,877.1885238,1403.79208,497.1835143,459.8710693,1.081136752,23.29154968,4.340372041,0.7030213406,-0.1164684892,-0.01740023944,9.375118256,3.738919497,515.2079196,0,false,false,daofind,,0,None,false,low_snr
1244,1109.795843,974.4780897,497.0450877,457.6323764,1.086123083,20.57335281,4.617566364,0.8215862356,-0.1127352491,-0.3351025035,10.09331322,3.720897675,944.5219103,0,false,false,daofind,,0,None,false,low_snr
1245,2319.986345,1596.485134,496.9881627,485.7291614,1.023179587,30.60336685,3.785787283,0.9635692508,-0.03252886236,-0.3050806459,10.40458965,3.953505516,239.0136548,0,false,false,daofind,,0,None,false,low_snr
1246,538.2917277,1389.396179,496.2724366,460.1702484,1.078453982,12.98754215,5.807167892,0.6667763568,0.2051492631,0.4147049461,9.345791817,3.744297743,529.6038209,0,false,false,daofind,,0,None,false,low_snr
1247,972.0286654,1307.814741,495.7480515,484.8084656,1.022564758,15.65660477,5.286271976,0.5004615674,-0.3788410425,-0.4497191284,10.01006126,3.945117235,611.1852589,0,false,false,daofind,,0,None,false,low_snr
1248,2351.023897,1462.985904,493.6214276,484.4076714,1.019020665,27.07579041,4.011199107,0.8830700862,0.02454168536,-0.1091079591,9.924210548,3.940071821,207.9761031,0,false,false,daofind,,0,None,false,low_snr
1249,268.8758838,1504.274633,492.8524357,486.7417081,1.012554354,25.28985405,4.147181876,1.008047853,0.7294592857,0.1437300758,9.71005249,3.960268974,268.8758838,0,false,false,daofind,,0,None,false,low_snr;not_star_like
1250,1578.490568,1651.481843,491.8918112,456.5324764,1.077451959,23.48649597,4.299257646,0.6761659247,-0.08401370794,-0.1484277772,9.186344147,3.712429762,267.5181573,0,false,false,daofind,,0,None,false,low_snr
1251,1421.352333,1820.085605,491.2400548,424.7217783,1.156616119,21.19752502,4.522432538,0.7071369482,-0.3546944559,-0.1368213539,7.807853222,3.456031322,98.91439519,0,false,false,daofind,,0,None,false,low_snr
1252,899.8132959,490.3407997,489.8960087,462.1177038,1.060110887,14.83228874,5.399028932,0.6418654854,0.1132322848,-0.4333897677,9.834377289,3.758189678,490.3407997,0,false,false,daofind,,0,None,false,low_snr
1253,1742.341768,178.3884055,488.7133224,460.4635236,1.061350786,19.62919235,4.687525718,1.056241227,0.8175081015,-0.2999527055,8.70414257,3.747673512,178.3884055,0,false,false,daofind,,0,None,false,low_snr;not_star_like
1254,1533.903349,217.8585352,488.0514246,509.9891389,0.9569839578,20.82459641,4.547914439,0.650438726,0.2427602857,0.3751867419,10.17540359,4.152617455,217.8585352,0,false,false,daofind,,0,None,false,low_snr
1255,757.8185209,475.4798466,487.1442045,466.6526727,1.043911742,25.68061829,4.091606144,0.9193098532,-0.3638007939,-0.3612691209,9.654686928,3.797327995,475.4798466,0,false,false,daofind,,0,None,false,low_snr
1256,258.3791782,313.9981624,486.8368518,488.1899402,0.9972283568,17.53258514,4.950357166,0.5356349274,0.3357597888,0.04038067994,10.46741581,3.970741034,258.3791782,0,false,false,daofind,,0,None,false,low_snr
1257,737.1400198,965.4127912,484.7770746,460.8157836,1.051997548,19.32379913,4.705356892,0.4877468406,-1.061619759,-0.3671402486,10.00953579,3.748442888,737.1400198,0,false,false,daofind,,0,None,false,low_snr;too_elongated
1258,1870.086518,299.2199561,484.1013981,470.8400731,1.028165243,31.40403366,3.6884444,0.865695116,0.8383448124,0.335678484,9.262633324,3.830206394,299.2199561,0,false,false,daofind,,0,None,false,low_snr
1259,161.3899742,1622.459993,479.8253673,452.0689825,1.061398561,32.22566605,3.62500359,0.7472415157,-0.004390809219,-0.1760889886,9.774334908,3.673754692,161.3899742,0,false,false,daofind,,0,None,false,low_snr
1260,842.0049573,705.5693137,479.4891401,465.6293187,1.029765783,16.56014252,5.055046356,0.7406603468,0.7296825051,-0.4700844413,9.771903038,3.786765814,705.5693137,0,false,false,daofind,,0,None,false,low_snr
1261,1314.135478,652.0202167,477.8502051,445.2340538,1.073256192,16.60300446,5.039881625,0.7230250937,-0.2159532756,-0.003929095582,9.396996498,3.623664618,652.0202167,0,false,false,daofind,,0,None,false,low_snr
1262,777.2740377,853.9257229,475.2755618,474.0582405,1.002567873,15.00665665,5.286869114,0.5103859859,-0.2881512642,-0.2905203629,9.660009384,3.856342554,777.2740377,0,false,false,daofind,,0,None,false,low_snr
1263,385.5269478,285.4231614,475.1592088,491.9656109,0.9658382585,25.03959846,4.092358623,0.5675169152,-0.3586729765,0.194364314,9.956423759,4.002355099,285.4231614,0,false,false,daofind,,0,None,false,low_snr
1264,2246.5894,1150.874031,474.5091891,448.7035007,1.057511672,26.09225082,4.006215723,0.9994300416,-0.273952961,-0.4532866003,9.236260414,3.64759779,312.4106004,0,false,false,daofind,,0,None,false,low_snr
1265,1893.69919,1109.257417,472.9157766,459.9836956,1.028114216,15.32502651,5.218660849,0.603547079,0.3349919915,0.4353128404,9.341639519,3.742865086,665.3008095,0,false,false,daofind,,0,None,false,low_snr
1266,1718.433317,474.2866959,472.6861764,461.1761787,1.024957919,21.65103531,4.389498516,0.8749737349,-0.2598513961,-0.01085001806,10.01563072,3.752282381,474.2866959,0,false,false,daofind,,0,None,false,low_snr
1267,176.7881636,787.3428811,472.5312833,597.7752961,0.7904831236,14.09436131,5.439517427,0.4844885265,-0.152591601,0.7244317998,10.22543907,4.872789383,176.7881636,0,false,false,daofind,,0,None,false,low_snr
1268,1467.009225,337.463868,470.5888994,475.2201756,0.9902544621,16.88465309,4.959553255,0.499162436,-0.142976135,0.4701318046,9.782012939,3.86623168,337.463868,0,false,false,daofind,,0,None,false,low_snr
1269,2211.965067,1570.961442,469.2084926,495.9679218,0.9460460485,13.79890347,5.4780808,0.4061385516,-0.5879352093,-0.001706977755,10.20109653,4.035990715,347.0349334,0,false,false,daofind,,0,None,false,low_snr
1270,1558.726606,1621.846101,468.5628597,453.953259,1.032183051,39.21904373,3.247156501,0.8711213813,-0.02756205015,-0.1515240517,9.447624207,3.692466736,297.1538995,0,false,false,daofind,,0,None,false,low_snr
1271,95.12329445,1400.863329,466.3297481,410.1529565,1.136965468,22.67787743,4.260034816,0.9533461323,0.137137413,0.2379873005,7.322122097,3.336433649,95.12329445,0,false,false,daofind,,0,None,false,low_snr
1272,1652.578443,734.7832182,465.554928,505.7595777,0.9205063997,21.67751503,4.353599814,1.086976759,-0.4752118886,-0.103985473,9.655818939,4.113615513,734.7832182,0,false,false,daofind,,0,None,false,low_snr;not_star_like
1273,1803.06773,1530.130039,463.2658651,476.2530243,0.9727305475,16.13010216,5.03459316,0.7786411601,-0.3870609999,-0.05915895779,9.536563873,3.874629498,388.8699614,0,false,false,daofind,,0,None,false,low_snr
1274,1684.621442,1063.05905,462.7865416,491.2013368,0.9421524472,25.96973419,3.965741462,0.9998265706,0.4099717438,0.1634352123,9.696287155,3.99673748,855.9409503,0,false,false,daofind,,0,None,false,low_snr
1275,1630.7028,1615.601994,461.9268394,471.8616293,0.9789455441,22.88212776,4.220910905,0.8031261336,0.5380740166,0.3856610808,9.450867653,3.839363813,303.3980056,0,false,false,daofind,,0,None,false,low_snr
1276,1798.490776,1703.601951,461.6180868,472.8022103,0.9763450271,24.68424988,4.06255479,0.7531029804,-0.1894217283,-0.3138385051,9.307754517,3.846935511,215.3980492,0,false,false,daofind,,0,None,false,low_snr
1277,1218.342923,1452.56275,461.1623218,454.4584269,1.014751393,18.46742249,4.694523917,0.6617122712,-0.001356051071,-0.3318395937,9.865911484,3.696598053,466.4372499,0,false,false,daofind,,0,None,false,low_snr
1278,1933.693687,1156.774654,456.4671532,464.1357283,0.9834777316,17.85804367,4.749584464,0.5136582286,-0.3070402741,0.5124717131,9.475290298,3.775503635,625.3063126,0,false,false,daofind,,0,None,false,low_snr
1279,1714.169962,256.6824683,456.418071,485.8041848,0.9395103733,32.98440552,3.494579097,0.8981473702,-0.1525607854,-0.3116925009,9.348927498,3.956213713,256.6824683,0,false,false,daofind,,0,None,false,low_snr
1280,750.4750617,1844.219283,455.8407993,440.1420967,1.035667351,13.69227791,5.420464868,0.5262018655,-0.9742540121,-0.2146667474,8.306352615,3.578735352,74.78071705,0,false,false,daofind,,0,None,false,low_snr
1281,1426.805967,666.3504528,454.5170145,431.0201093,1.054514638,22.37142181,4.234440836,0.7254395067,0.401278317,-0.08222978058,9.295245171,3.504907131,666.3504528,0,false,false,daofind,,0,None,false,low_snr
1282,728.9130314,1395.817232,453.9309131,452.2477078,1.003721866,13.28520966,5.491341634,0.6047704197,-0.007140103262,-0.09392150498,9.381456375,3.679217339,523.1827681,0,false,false,daofind,,0,None,false,low_snr
1283,2170.98458,1430.713382,452.5811206,467.7824075,0.9675035087,19.29207802,4.550158255,0.7193136705,0.5916159749,-0.03243857761,9.707921982,3.805584431,388.0154201,0,false,false,daofind,,0,None,false,low_snr
1284,1930.484306,1587.120068,452.204233,456.170462,0.9913053797,16.9565239,4.851395582,0.7034298105,-0.153701812,0.1267517396,9.37680912,3.710603476,331.879932,0,false,false,daofind,,0,None,false,low_snr
1285,867.1338604,442.4230127,451.9031118,479.3712577,0.9426996394,39.6840744,3.170168367,1.066050474,0.3164747357,0.1106504825,9.649258614,3.904593945,442.4230127,0,false,false,daofind,,0,None,false,low_snr;not_star_like
1286,2216.303212,242.7644374,447.7746765,465.9472588,0.9609986281,18.88360214,4.574621148,1.084959617,-0.418350637,-0.4061271095,9.450895309,3.787114143,242.7644374,0,false,false,daofind,,0,None,false,low_snr;not_star_like
1287,2000.394248,892.4880527,447.1604171,503.2521367,0.8885415173,19.47723007,4.501278343,0.790473706,0.689060688,-0.08243961007,9.529961586,4.099277973,558.6057517,0,false,false,daofind,,0,None,false,low_snr
1288,1748.084474,1165.617126,445.2693847,449.4190023,0.9907667064,14.04211426,5.290088728,0.6386646455,-0.03717304766,-0.0002195967435,9.291219711,3.65608573,753.3828738,0,false,false,daofind,,0,None,false,low_snr
1289,968.687332,742.1792337,443.7905063,451.067291,0.9838676296,20.25359535,4.397498795,0.9115176797,0.7394843102,-0.4427275009,9.40914917,3.669240236,742.1792337,0,false,false,daofind,,0,None,false,low_snr
1290,1321.644601,702.9198338,443.5496866,447.414993,0.9913608028,26.26086044,3.860863543,1.121487087,-0.3040609956,-0.3782356885,9.072471619,3.637771606,702.9198338,0,false,false,daofind,,0,None,false,low_snr;not_star_like
1291,683.7236468,739.6339786,442.181252,445.0749032,0.9934985074,45.72480011,2.921406859,0.9886540127,-0.2051453441,-0.3872822982,9.610899925,3.618630886,683.7236468,0,false,false,daofind,,0,None,false,low_snr
1292,233.5579568,890.207694,440.4499638,458.6799061,0.9602556334,36.80579758,3.249809939,0.8112005018,-0.1788945943,0.07663025886,9.860871315,3.730620623,233.5579568,0,false,false,daofind,,0,None,false,low_snr
1293,1056.399914,809.7493708,439.1807561,441.744501,0.9941963173,27.93206406,3.725099917,1.095096105,0.2226694971,-0.06702161607,10.06793499,3.591510534,809.7493708,0,false,false,daofind,,0,None,false,low_snr;not_star_like
1294,139.0332654,327.06724,439.1222834,473.3504076,0.9276896701,20.85791016,4.310475011,0.8600914504,0.2974424362,0.5965015882,8.808755875,3.851216793,139.0332654,0,false,false,daofind,,0,None,false,low_snr
1295,1270.077673,1473.536245,438.9847155,471.9101939,0.9302293554,44.87571716,2.938236764,0.8517933521,0.6107596755,0.4552100165,10.12428284,3.840760708,445.4637546,0,false,false,daofind,,0,None,false,low_snr
1296,2420.170171,737.5976208,438.6478188,442.621329,0.9910227775,28.64751625,3.676057447,0.7697507702,0.2695715129,0.1423798527,9.351276398,3.596446037,138.8298289,0,false,false,daofind,,0,None,false,low_snr
1297,1640.665564,1856.30554,438.186693,446.9919873,0.9803010018,25.44449997,3.898525882,0.7215030954,0.1948424876,-0.4538654758,7.555500984,3.635868073,62.69446032,0,false,false,daofind,,0,None,false,low_snr
1298,2440.454689,164.7391394,437.2271437,437.3033465,0.9998257437,49.38835907,2.795175295,1.038498265,-0.2003124803,-0.1784160756,8.956637383,3.558422327,118.5453107,0,false,false,daofind,,0,None,false,low_snr;not_star_like
1299,189.5369831,1104.320391,435.0831284,454.4778282,0.9573253114,21.40431786,4.235485656,0.8121591813,0.03519882262,0.1656268303,8.929596901,3.696675301,189.5369831,0,false,false,daofind,,0,None,false,low_snr
1300,121.9103213,906.887498,432.9808635,429.0459779,1.009171245,24.88663483,3.918492802,0.5249383024,-0.590900898,-0.07900622171,8.780032158,3.489852428,121.9103213,0,false,false,daofind,,0,None,false,low_snr
1301,153.7590607,546.638305,432.1023002,439.7869301,0.9825264704,19.13140869,4.464651908,0.5520819162,-0.2958914638,-0.05147707149,9.224125862,3.576743364,153.7590607,0,false,false,daofind,,0,None,false,low_snr
1302,1131.685534,380.7557773,431.2934233,480.4463885,0.897693132,22.22749329,4.138176059,0.7720272261,0.9516310692,0.2723249434,10.10583973,3.910039663,380.7557773,0,false,false,daofind,,0,None,false,low_snr
1303,1335.850143,1781.114558,425.928891,434.3290395,0.9806594824,31.66368484,3.445526643,0.9829614654,0.06008823216,0.01948066898,8.66964817,3.533488512,137.8854419,0,false,false,daofind,,0,None,false,low_snr
1304,2279.853767,383.8709191,424.2547597,498.1021652,0.8517424522,28.3020668,3.637240981,0.9581790658,0.3094413877,-0.5015780982,10.03274727,4.051553726,279.146233,0,false,false,daofind,,0,None,false,low_snr
1305,1350.791033,776.8144145,423.7852686,485.0333419,0.8737239937,23.50704193,3.988795092,0.7358686887,0.3423657417,-0.3131107118,10.15962696,3.946274042,776.8144145,0,false,false,daofind,,0,None,false,low_snr
1306,1287.320189,1651.799674,422.5747895,481.2346702,0.8781054558,23.1329155,4.015174236,0.6153773971,-0.1147615686,-0.4737067493,9.533752441,3.915040493,267.2003257,0,false,false,daofind,,0,None,false,low_snr
1307,2354.610221,1804.335156,421.5863206,446.5043171,0.9441931566,16.28495026,4.779889172,0.5517272549,-0.5541849732,0.125210133,8.722182274,3.633111238,114.6648445,0,false,false,daofind,,0,None,false,low_snr
1308,1913.399001,1083.894284,420.6772605,460.1273887,0.9142625952,29.00814438,3.577522174,0.7326262749,0.04175118357,-0.1620360147,9.325187683,3.743123531,645.6009995,0,false,false,daofind,,0,None,false,low_snr
1309,2409.558353,1340.515562,419.885347,473.3587675,0.887034055,15.86052418,4.833640883,0.570593273,-0.01874271967,-0.02132854297,9.134870529,3.851755142,149.4416472,0,false,false,daofind,,0,None,false,low_snr
1310,556.958406,316.3118411,419.8740202,500.7701654,0.83845654,24.04459953,3.92571274,0.8399403059,-0.6686505079,-0.2532107209,9.955400467,4.076869011,316.3118411,0,false,false,daofind,,0,None,false,low_snr
1311,1740.369679,823.6258455,417.5956285,471.4455051,0.885777092,20.44667053,4.24555491,0.7445848778,0.1572531909,-0.2996683304,9.553330421,3.833645344,818.6303208,0,false,false,daofind,,0,None,false,low_snr
1312,2184.687025,1581.777513,417.0520275,496.0764934,0.8407010474,21.53690338,4.134007674,0.9070849947,0.8719684482,-0.2297187504,10.12944317,4.036902905,337.2224872,0,false,false,daofind,,0,None,false,low_snr
1313,1277.691808,270.4875599,416.8716701,468.849791,0.8891369435,37.66782379,3.125242459,1.021121709,0.1906807423,0.3466734754,9.66550827,3.814030409,270.4875599,0,false,false,daofind,,0,None,false,low_snr;not_star_like
1314,96.31910537,1544.990177,416.7230967,428.5814381,0.9723311831,19.09171867,4.389035187,0.7537605074,-0.418622762,0.04902114536,7.574947834,3.485264301,96.31910537,0,false,false,daofind,,0,None,false,low_snr
1315,1172.701304,612.2150673,415.7967052,461.16949,0.9016136457,22.66148376,4.024057156,0.9093082855,-0.1016090885,0.4913570636,9.338516235,3.747633934,612.2150673,0,false,false,daofind,,0,None,false,low_snr
1316,1108.547343,522.5021362,415.5352187,475.6715373,0.8735759577,19.91136932,4.291618859,0.977438179,-0.40538764,-0.09216354298,10.07946587,3.870215654,522.5021362,0,false,false,daofind,,0,None,false,low_snr
1317,2183.531984,471.5145358,412.2790633,466.9575945,0.882904718,20.63866425,4.198775334,0.815265528,0.1466494501,0.9062328277,9.690052032,3.798850536,375.4680164,0,false,false,daofind,,0,None,false,low_snr
1318,929.4281207,934.5364434,409.0181407,477.5284174,0.8565315189,23.33855438,3.932802154,0.6820727866,0.3716090024,0.06554439561,9.661930084,3.885327578,929.4281207,0,false,false,daofind,,0,None,false,low_snr
1319,2009.813547,1870.005064,408.5955408,464.1296195,0.8803479108,25.51411057,3.759450618,0.7837667639,-0.05710680038,0.2761838123,7.485889435,3.775609016,48.99493589,0,false,false,daofind,,0,None,false,low_snr
1320,1604.248529,1389.45904,408.5039994,476.1309266,0.857965691,24.51951599,3.834511104,0.8042374605,-0.3064027727,0.1293956374,9.813817024,3.872983932,529.5409601,0,false,false,daofind,,0,None,false,low_snr
1321,1339.799116,1107.153658,405.879562,453.6095877,0.8947772999,19.12625122,4.32764326,0.8010077658,0.1016840115,0.2730350796,9.564667702,3.690605879,811.8463419,0,false,false,daofind,,0,None,false,low_snr
1322,85.18110689,383.7907241,404.315315,446.9333599,0.9046434016,14.56442642,4.949726393,0.5410619858,-0.1338558942,0.2549838017,7.435574055,3.634419203,85.18110689,0,false,false,daofind,,0,None,false,low_snr
1323,1852.602879,1745.345195,402.228325,465.6903403,0.8637248621,17.582407,4.493295188,0.7617732291,-0.7685140967,-0.2095126198,8.417593002,3.790459633,173.6548049,0,false,false,daofind,,0,None,false,low_snr
1324,1758.639928,1667.912176,402.1119674,484.0466882,0.8307297151,19.9539566,4.217225048,0.6608698693,0.6383106112,0.4059754572,9.709906578,3.93872118,251.087824,0,false,false,daofind,,0,None,false,low_snr
1325,189.260509,1254.244863,400.1859573,468.2214108,0.8546938438,19.31578827,4.276047238,0.7042241071,0.07171837986,-0.267630558,9.017546654,3.810591221,189.260509,0,false,false,daofind,,0,None,false,low_snr
1326,95.91497221,514.1832796,400.0607395,427.2246846,0.9364176601,20.90727043,4.109434741,0.9749686698,-0.338232398,-0.2606280852,7.767334461,3.476227045,95.91497221,0,false,false,daofind,,0,None,false,low_snr
1327,1093.546632,275.4872853,399.8963742,476.8502043,0.8386205365,30.99091339,3.374615795,0.8768320514,-0.09365514666,-0.2698980559,10.00908756,3.879827976,275.4872853,0,false,false,daofind,,0,None,false,low_snr
1328,142.9015279,940.7602774,399.6045924,460.3482178,0.8680485271,25.89107132,3.690693795,0.7244609526,-0.534969449,-0.3664252557,8.781210899,3.748280525,142.9015279,0,false,false,daofind,,0,None,false,low_snr
1329,612.110606,1468.938473,399.3530663,450.0263805,0.8873992363,27.14907837,3.603037282,0.6390151344,-0.6369526982,-0.478167147,9.517590523,3.660464287,450.0615275,0,false,false,daofind,,0,None,false,low_snr
1330,2176.805918,424.7768067,399.3435773,470.0179817,0.8496346797,31.87059784,3.325416419,0.913319477,-0.1702824533,-0.4488807136,9.796070099,3.823018312,382.1940824,0,false,false,daofind,,0,None,false,low_snr
1331,488.9869378,1353.856045,399.17459,474.5312639,0.8411976624,37.80924988,3.052461557,0.8919050071,-0.5084502101,-0.3954936712,9.527420044,3.861304998,488.9869378,0,false,false,daofind,,0,None,false,low_snr
1332,602.9143366,374.2245758,397.4551976,475.6231833,0.8356514391,36.61597443,3.095113519,0.9896893577,0.06503469497,0.03882897425,10.05069542,3.86439991,374.2245758,0,false,false,daofind,,0,None,false,low_snr
1333,2104.068686,1097.878752,397.3738127,476.7406026,0.8335220672,32.62415314,3.278670612,0.9072189691,-0.4554439187,0.07603323952,9.375847816,3.87864542,454.9313141,0,false,false,daofind,,0,None,false,low_snr
1334,1862.621675,715.408684,396.9237569,467.5727326,0.8489027038,16.2539978,4.642385896,0.6330897338,0.506319046,0.06178690485,9.417782784,3.802259445,696.378325,0,false,false,daofind,,0,None,false,low_snr
1335,706.9995485,922.8187148,395.0102933,473.1894818,0.8347824888,34.6871376,3.170208051,1.027095379,-0.2533044219,-0.3063253521,9.979529381,3.850273848,706.9995485,0,false,false,daofind,,0,None,false,low_snr;not_star_like
1336,2367.35465,1583.610258,394.6928681,481.4565683,0.8197891441,23.54345131,3.84647014,0.6786840845,0.3393933177,-0.2166212805,10.12468433,3.916270971,191.6453496,0,false,false,daofind,,0,None,false,low_snr
1337,731.7999297,1302.922725,393.2280551,453.5545206,0.8669918108,20.81264114,4.083442452,0.5671390755,-0.6596598625,-0.03254409731,9.520692825,3.689191103,616.0772748,0,false,false,daofind,,0,None,false,low_snr
1338,335.2651995,1636.510183,392.3885686,470.6474297,0.8337208361,16.98234367,4.515721508,0.5082426832,0.008008717559,0.07901523881,9.690749168,3.828984022,282.4898172,0,false,false,daofind,,0,None,false,low_snr
1339,76.94974713,1084.817848,391.4010912,448.9841922,0.8717480437,16.28029251,4.606252109,0.6788257178,0.5018395185,0.8800209328,6.719706535,3.652213097,76.94974713,0,false,false,daofind,,0,None,false,low_snr
1340,830.9519261,1019.088096,390.5233916,450.6292086,0.8666180181,38.04921722,3.009667044,1.127743387,0.07186299562,0.02457334993,9.284116745,3.664758921,830.9519261,0,false,false,daofind,,0,None,false,low_snr;not_star_like
1341,760.8653195,1639.457078,390.4581077,468.3222985,0.833738024,24.09644699,3.781625406,0.7446973051,-0.5145490766,-0.4018046295,9.570221901,3.810379505,279.542922,0,false,false,daofind,,0,None,false,low_snr
1342,2130.652805,683.7407005,389.2959746,420.6490233,0.9254650625,24.94708633,3.711058764,0.7278400236,0.03711105511,0.2929181614,9.719582558,3.409023762,428.3471954,0,false,false,daofind,,0,None,false,low_snr
1343,2172.322505,16.61796309,389.0020264,387.779926,1.003151531,15.34343815,4.730231308,0.6864182336,-0.02886858582,-0.02528280315,7.993271351,3.152265072,16.61796309,0,false,true,daofind,,0,None,false,low_snr
1344,444.0136787,1000.963419,387.9111734,483.714515,0.8019423882,41.75328827,2.86344333,1.042854238,-0.2024788707,-0.1574124336,9.5800457,3.936769485,444.0136787,0,false,false,daofind,,0,None,false,low_snr;not_star_like
1345,2077.374014,383.8852281,387.905463,487.9333489,0.7949968245,16.35011864,4.575834239,0.5174356167,-0.06477567554,0.1077730033,9.98563385,3.971024752,383.8852281,0,false,false,daofind,,0,None,false,low_snr
1346,752.6545674,200.1970386,387.3901264,642.6775627,0.6027752467,21.51334,3.986466722,0.5370149647,0.5655722618,0.5203504797,9.81653595,5.155926228,200.1970386,0,false,false,daofind,,0,None,false,low_snr
1347,489.6197637,558.6979755,387.3698881,479.2586734,0.8082689153,21.92747688,3.948538601,0.9955355864,-0.3344377279,-0.487890825,9.739189148,3.899204254,489.6197637,0,false,false,daofind,,0,None,false,low_snr
1348,987.2415299,1091.538892,386.2474252,465.0241729,0.8305964458,16.38559151,4.561099293,0.4677299438,0.3208372295,-0.5144196353,9.613705635,3.782924414,827.461108,0,false,false,daofind,,0,None,false,low_snr
1349,894.7345237,1487.085363,386.0860072,476.1464577,0.8108555696,31.7910614,3.273838916,1.04662672,0.5629684329,0.2908699331,9.542269707,3.874491692,431.9146373,0,false,false,daofind,,0,None,false,low_snr;not_star_like
1350,2065.373601,1250.551439,384.9066983,531.5036943,0.7241844269,15.87023354,4.626513838,0.5605488489,-0.1454316676,-0.4131573959,9.801415443,4.329183578,493.6263987,0,false,false,daofind,,0,None,false,low_snr
1351,211.472777,383.338587,384.67099,472.6144761,0.8139213025,20.95080948,4.025428376,0.7885855713,-0.1722427607,-0.7451620195,10.05843067,3.843648672,211.472777,0,false,false,daofind,,0,None,false,low_snr
1352,1361.588183,598.4698071,382.7631361,416.7655381,0.918413595,23.36678314,3.802186171,0.8676543492,0.5099771619,-0.4334368058,9.300805092,3.388758659,598.4698071,0,false,false,daofind,,0,None,false,low_snr
1353,1501.131456,1710.767702,382.6902414,455.283958,0.8405528785,32.83569336,3.207143469,0.9141817177,0.1937059164,0.0460576612,9.164308548,3.704057455,208.2322979,0,false,false,daofind,,0,None,false,low_snr
1354,2199.720547,1613.85947,382.6223615,487.1850832,0.7853737208,17.47179031,4.39626901,0.7087712545,-0.181385383,0.545640078,10.19498062,3.963875055,305.1405299,0,false,false,daofind,,0,None,false,low_snr
1355,393.5277074,411.1301272,382.4691863,494.96141,0.7727252642,27.91938782,3.477067087,0.9390265454,-0.05048239976,-0.2722735128,9.747281075,4.027019501,393.5277074,0,false,false,daofind,,0,None,false,low_snr
1356,1621.235283,401.5263301,381.3661771,476.5168785,0.8003203965,16.14052582,4.566463989,0.518143326,-0.2431987822,-0.4775656078,9.859474182,3.876325846,401.5263301,0,false,false,daofind,,0,None,false,low_snr
1357,1282.904956,1628.276533,381.0900737,483.8326656,0.7876485008,21.62340927,3.943842148,0.8270437053,-0.6287657619,-0.7973092998,9.709923744,3.935831547,290.7234669,0,false,false,daofind,,0,None,false,low_snr
1358,796.0985241,368.2416002,380.5828715,464.2232224,0.819827301,33.00727844,3.189976992,0.8773071622,0.164782837,-0.3969360988,9.657606125,3.775079966,368.2416002,0,false,false,daofind,,0,None,false,low_snr
1359,226.6595004,1539.72898,380.5416946,484.584479,0.7852948476,12.86377621,5.109573794,0.4579371341,0.02656487375,-0.72493263,10.13622379,3.943587303,226.6595004,0,false,false,daofind,,0,None,false,low_snr
1360,1829.628451,1509.581528,379.0982738,474.5474562,0.7988627244,41.25637436,2.847725759,0.948015506,-0.226141125,0.07098958706,9.409207344,3.859793425,409.4184721,0,false,false,daofind,,0,None,false,low_snr
1361,2470.799797,987.9446311,377.8799984,431.4426913,0.875852126,18.07850266,4.295003416,0.5928560197,-0.8380227685,-0.09915822187,8.254831314,3.51012516,88.20020284,0,false,false,daofind,,0,None,false,low_snr
1362,2411.254479,47.38051428,376.9621139,434.8845491,0.8668096273,18.30665588,4.262968592,0.7525899992,0.2622666657,0.1247189474,8.020874023,3.539042711,47.38051428,0,false,false,daofind,,0,None,false,low_snr
1363,1882.781048,1084.125883,374.2402041,458.0411537,0.8170449337,29.98345184,3.318961356,0.9109271237,-0.1508106887,0.2333341395,9.349881172,3.726415634,676.2189522,0,false,false,daofind,,0,None,false,low_snr
1364,812.3088391,499.3431722,374.1464409,451.519334,0.828638804,19.33467865,4.13256906,0.7323210579,1.214844942,-0.4358207828,9.663915634,3.671466827,499.3431722,0,false,false,daofind,,0,None,false,low_snr;too_elongated
1365,2253.257555,851.6213193,372.380014,486.7959568,0.7649611891,17.52433395,4.330521623,0.6469985537,0.5384954214,0.966325708,9.815753937,3.968180418,305.7424452,0,false,false,daofind,,0,None,false,low_snr
1366,440.8192575,1401.876584,372.3594978,491.2632415,0.7579632799,13.31298256,4.968340204,0.4316476827,-0.2197859436,0.4721440263,9.685724258,3.997111082,440.8192575,0,false,false,daofind,,0,None,false,low_snr
1367,394.500542,452.083907,371.7000643,486.4909579,0.7640431096,32.59317017,3.172493974,0.8634235157,-0.2379860133,-0.08538475169,9.734395027,3.957655191,394.500542,0,false,false,daofind,,0,None,false,low_snr
1368,2554.720227,1557.107229,371.2193369,428.7285261,0.865861062,11.53085709,5.330307827,0.4803609555,0.3504540622,0.197845944,9.135808945,3.870073795,4.279772708,0,false,true,daofind,,0,None,false,low_snr;too_close_to_edge
1369,340.4893908,379.2111797,371.1644724,495.5786414,0.748951713,22.26543999,3.835618005,0.5666721103,0.2371420413,-0.4108291713,10.06789207,4.03144455,340.4893908,0,false,false,daofind,,0,None,false,low_snr
1370,611.6865615,1225.476641,370.986157,454.8262096,0.8156657405,18.86756897,4.165706511,1.00535888,0.5467647314,-0.1015054501,9.469244957,3.699360371,611.6865615,0,false,false,daofind,,0,None,false,low_snr;not_star_like
1371,950.056643,1358.522964,369.2275279,466.7505558,0.7910596427,37.9013443,2.932159016,1.082033686,0.116286926,-0.3661090079,10.0986557,3.795922041,560.4770363,0,false,false,daofind,,0,None,false,low_snr;not_star_like
1372,923.1365233,797.3646088,368.222293,454.3652112,0.810410401,14.66526031,4.707365724,0.4542995232,-0.04982352257,-0.8352770272,9.334838867,3.695261955,797.3646088,0,false,false,daofind,,0,None,false,low_snr
1373,1419.200291,155.2781593,367.6557331,434.0586956,0.847018472,33.60134125,3.107492968,0.9724051356,-0.5179749131,-0.2393514228,9.065328598,3.528342247,155.2781593,0,false,false,daofind,,0,None,false,low_snr
1374,805.5706823,291.2117214,366.6972007,450.8111816,0.8134163829,11.35955811,5.33753663,0.4175292222,-0.8761317134,-0.2712237501,9.639741898,3.660266638,291.2117214,0,false,false,daofind,,0,None,false,low_snr
1375,238.6035781,468.4886315,366.33355,495.2717548,0.7396617037,20.9797821,3.925596434,0.6628389059,0.6611560583,0.8787886294,10.02021885,4.030006886,238.6035781,0,false,false,daofind,,0,None,false,low_snr
1376,1677.708388,228.9497824,363.8939056,455.3267196,0.7991929529,21.63724136,3.852602802,0.7668271339,-0.3186023831,0.4413614227,9.029424667,3.702682972,228.9497824,0,false,false,daofind,,0,None,false,low_snr
1377,90.10416797,1572.173161,363.5856471,426.5901558,0.8523066981,21.82224274,3.834612327,0.8731338354,0.6757894158,0.1801300189,7.511091709,3.469683409,90.10416797,0,false,false,daofind,,0,None,false,low_snr
1378,273.4660251,1529.184232,363.3209877,482.7374783,0.7526264358,27.96371841,3.386223137,0.7835541632,0.353123337,-0.02024202167,9.70294857,3.928220987,273.4660251,0,false,false,daofind,,0,None,false,low_snr
1379,880.7127591,728.6087316,359.7143596,454.2290695,0.7919228067,15.70100212,4.496586903,0.5655281411,0.6121473908,-0.2860596468,9.624164581,3.692894936,728.6087316,0,false,false,daofind,,0,None,false,low_snr
1380,1717.928966,1141.813452,359.4503476,459.5975094,0.7820981189,30.52812767,3.223570399,0.7328242225,-0.1942764819,-0.01437337076,9.47187233,3.7380023,777.1865476,0,false,false,daofind,,0,None,false,low_snr
1381,392.0754541,1095.917781,358.8839719,446.1578937,0.8043878119,19.48213196,4.032056238,0.8361023531,0.5112557411,0.2290657812,8.851202011,3.628823519,392.0754541,0,false,false,daofind,,0,None,false,low_snr
1382,542.1714307,1687.132398,358.4819099,507.2251132,0.7067511063,33.66026688,3.065791634,1.168482388,-0.126891911,0.06066969144,9.33973217,4.130944252,231.8676023,0,false,false,daofind,,0,None,false,low_snr;not_star_like
1383,1610.500808,1261.025099,358.2894807,465.5087352,0.7696729485,14.67798233,4.641428219,0.6471989536,0.594838202,-0.3066768433,9.32139492,3.786597729,657.9749013,0,false,false,daofind,,0,None,false,low_snr
1384,1525.279289,981.273767,358.0275762,499.2296297,0.7171601101,43.54628372,2.693707777,0.8917716638,-0.2413886935,-0.2699561134,9.787047386,4.062088013,937.726233,0,false,false,daofind,,0,None,false,low_snr
1385,1849.083114,1140.803839,357.4042336,448.1082309,0.7975846213,15.44434357,4.51921402,0.3817042553,0.1271664798,0.6571987337,9.215620041,3.644700766,709.9168863,0,false,false,daofind,,0,None,false,low_snr
1386,1536.934062,1007.582488,357.2739932,493.2985477,0.7242551085,29.68879318,3.258908895,0.8316911124,-0.2514113486,-0.3291045543,9.642359734,4.012348175,911.4175119,0,false,false,daofind,,0,None,false,low_snr
1387,1821.868457,678.9555297,355.9650793,472.3211009,0.7536505963,42.33130264,2.724210553,0.9595350662,0.6947429776,0.1465472943,9.335366249,3.842823744,678.9555297,0,false,false,daofind,,0,None,false,low_snr
1388,1815.648229,174.3810721,354.5958488,439.5015393,0.8068136675,19.4520092,4.010997398,0.8641641075,-0.368643254,0.3246447363,8.883893967,3.571579933,174.3810721,0,false,false,daofind,,0,None,false,low_snr
1389,1620.269237,543.5393,354.5794835,481.0795449,0.7370495946,25.87495041,3.477641648,0.6066095761,-0.1544689983,0.1643987218,9.789683342,3.913143873,543.5393,0,false,false,daofind,,0,None,false,low_snr
1390,305.9502355,1010.48667,354.3358113,451.9329086,0.7840451637,22.14571953,3.75777191,0.7327728144,-0.2558028698,0.01240170535,9.854280472,3.677967072,305.9502355,0,false,false,daofind,,0,None,false,low_snr
1391,1468.479895,533.3484057,350.6553753,438.8076088,0.7991096059,27.68745804,3.343231865,0.7064626243,0.2154079229,0.663134719,9.316290855,3.56915307,533.3484057,0,false,false,daofind,,0,None,false,low_snr
1392,638.5249998,757.3456483,350.1033997,461.2946531,0.758958287,13.24463844,4.829986315,0.5636457149,0.5562157035,-0.419434455,9.755361557,3.750288725,638.5249998,0,false,false,daofind,,0,None,false,low_snr
1393,1204.512553,1491.418859,349.163086,461.1132422,0.7572176507,29.23333359,3.246704629,0.952751647,0.2460421473,0.1796579551,9.766666412,3.752362013,427.5811409,0,false,false,daofind,,0,None,false,low_snr
1394,2005.516494,9.921320396,348.0865471,429.8734201,0.8097419632,18.41926765,4.083901229,0.6820274885,0.3422705829,-0.5755961646,6.915503502,3.497093678,9.921320396,0,false,true,daofind,,0,None,false,low_snr
1395,527.1363358,593.297815,347.1747515,463.7954831,0.7485513856,27.81907463,3.318719267,0.6515997407,-0.1478001922,-0.6544167032,9.8484869,3.771120071,527.1363358,0,false,false,daofind,,0,None,false,low_snr
1396,2358.871834,937.9919586,344.9431954,437.7354325,0.7880175326,33.66992188,3.006910673,1.043477435,-0.0265338812,-0.1220686941,9.663409233,3.559346676,200.1281663,0,false,false,daofind,,0,None,false,low_snr;not_star_like
1397,1101.286737,1264.206455,344.1026361,484.7157642,0.7099060139,20.95782661,3.806612489,0.7712874674,0.617048502,0.1604553993,10.04217339,3.943250418,654.7935453,0,false,false,daofind,,0,None,false,low_snr
1398,1551.980402,1071.9641,343.8946495,488.7142558,0.7036722286,22.9836235,3.633885591,0.5997895844,-0.5932633281,-0.7831429007,9.683044434,3.976431131,847.0358997,0,false,false,daofind,,0,None,false,low_snr
1399,2476.700805,1687.058404,343.2403195,451.5047156,0.7602142516,30.31073952,3.161321554,0.6680078394,0.2558961213,0.4617685198,9.02555275,3.672630787,82.29919535,0,false,false,daofind,,0,None,false,low_snr
1400,1749.090286,387.640954,343.170346,455.1389978,0.7539902044,12.76937389,4.870099837,0.6742240908,-0.6565561295,0.1778649718,9.563529968,3.701906443,387.640954,0,false,false,daofind,,0,None,false,low_snr
1401,1941.194965,1634.869519,340.6634532,461.7238434,0.7378078003,16.43491554,4.277074586,0.6551604195,0.3396970034,0.03506220401,9.568681717,3.756119967,284.130481,0,false,false,daofind,,0,None,false,low_snr
1402,2216.325951,1795.500606,340.0127138,449.4907665,0.7564398184,14.26169014,4.587011932,0.747900117,0.5529369712,0.4200926998,9.071643829,3.654078484,123.4993935,0,false,false,daofind,,0,None,false,low_snr
1403,2458.597716,1843.929833,339.5091044,440.8028107,0.7702063058,27.77515984,3.284469391,0.7042943256,0.07552928478,0.4600296138,7.891508579,3.585860491,75.07016662,0,false,false,daofind,,0,None,false,low_snr
1404,1784.839504,565.7532801,338.8677363,460.3338443,0.7361347434,18.5729599,4.012752187,0.5902111653,-0.07380205393,0.5306157745,9.760375023,3.744366169,565.7532801,0,false,false,daofind,,0,None,false,low_snr
1405,674.0922037,491.8806531,337.4001123,465.919408,0.7241598149,31.78167152,3.060920386,0.7256997834,0.4978100657,-0.03269456697,9.884996414,3.792817831,491.8806531,0,false,false,daofind,,0,None,false,low_snr
1406,721.9151312,1365.405824,335.8210915,450.7034207,0.745104377,19.63936424,3.884705154,0.6736776592,0.230773896,0.6469637233,9.360635757,3.666315794,553.5941757,0,false,false,daofind,,0,None,false,low_snr
1407,2262.342495,281.9227554,334.0329437,505.6659569,0.6605802489,14.05350304,4.58004921,0.446295671,0.1478031725,-0.856803076,9.948764801,4.115012169,281.9227554,0,false,false,daofind,,0,None,false,low_snr
1408,861.2161494,1856.993815,333.8382219,459.3117548,0.7268227264,28.34372711,3.224091362,1.230041631,-0.5413492918,-0.3851676144,8.32192421,3.736531496,62.00618497,0,false,false,daofind,,0,None,false,low_snr;not_star_like
1409,1582.939332,1218.228751,332.1567643,468.0373689,0.7096800093,26.36547089,3.334429767,1.019274606,-0.2240407616,0.04344086592,9.301197052,3.807811975,700.7712492,0,false,false,daofind,,0,None,false,low_snr;not_star_like
1410,451.0422924,481.1021487,331.8719177,471.5018815,0.7038612796,31.02503014,3.07253569,0.7608370315,-0.6602497697,-0.07435758519,9.641637802,3.833693027,451.0422924,0,false,false,daofind,,0,None,false,low_snr
1411,1400.452723,1272.850353,331.747587,455.222254,0.7287595984,31.95013046,3.027159875,0.9219534487,-0.1648812145,-0.06098723294,9.383396149,3.703416586,646.1496474,0,false,false,daofind,,0,None,false,low_snr
1412,2282.626127,161.0845529,331.0849052,444.9021251,0.7441746994,16.31864166,4.23151103,0.7661842303,-0.7870602608,0.1564959881,9.348023415,3.61753273,161.0845529,0,false,false,daofind,,0,None,false,low_snr
1413,1338.254212,558.3998014,330.899889,430.5831723,0.7684923849,24.36679077,3.461919249,0.7477867209,0.0577060841,-0.1459570205,9.302137375,3.504431725,558.3998014,0,false,false,daofind,,0,None,false,low_snr
1414,2058.046188,1162.187632,330.5662201,475.710031,0.6948901613,20.76885986,3.747923327,0.7427776758,0.2904843986,0.1051932736,9.564473152,3.867984772,500.9538119,0,false,false,daofind,,0,None,false,low_snr
1415,1686.776964,1203.544914,330.4135748,465.3622109,0.7100137635,26.02127457,3.347591435,0.9000185412,-0.2708075047,-0.09103337406,9.31196022,3.785637379,715.4550864,0,false,false,daofind,,0,None,false,low_snr
1416,2108.783846,498.5354179,330.3375996,468.0098492,0.7058347173,20.72668457,3.750437005,0.8970957848,0.4539135695,0.2200682493,9.605208397,3.80773735,450.2161543,0,false,false,daofind,,0,None,false,low_snr
1417,1661.825455,877.2377504,329.1510187,490.907523,0.6704949574,29.77901649,3.123274939,1.039608715,-0.2574326694,0.03516652049,9.220983505,3.991164446,877.2377504,0,false,false,daofind,,0,None,false,low_snr;not_star_like
1418,200.5107921,1527.525248,324.9324497,477.0877959,0.6810747467,21.92243958,3.616761669,0.6066461473,-0.3830667436,0.2290939008,10.40001297,3.883743525,200.5107921,0,false,false,daofind,,0,None,false,low_snr
1419,1540.329289,790.0070374,324.4107278,498.5224117,0.6507445205,13.49380875,4.606256502,0.6186065431,0.2714876533,0.3615704588,10.16658211,4.055513382,790.0070374,0,false,false,daofind,,0,None,false,low_snr
1420,1578.522406,1069.197474,322.8042709,493.3930086,0.6542538409,20.98149681,3.684844728,1.010690003,-0.2423845828,-0.07981090584,9.684877396,4.015944481,849.8025259,0,false,false,daofind,,0,None,false,low_snr;not_star_like
1421,1348.422121,253.0851679,322.7731627,463.7824101,0.6959581815,20.36833763,3.73971672,0.8857232867,0.637257278,-0.1535546507,9.959447861,3.77290535,253.0851679,0,false,false,daofind,,0,None,false,low_snr
1422,758.0247332,530.2270926,322.319677,451.3346525,0.7141478617,41.72746277,2.610959951,0.7533651376,-0.1994669735,-0.08949728812,9.605870247,3.671220541,530.2270926,0,false,false,daofind,,0,None,false,low_snr
1423,2489.545699,1243.77389,321.6780788,454.4196764,0.7078876543,27.69554901,3.201647641,0.793199892,0.271227628,0.352379101,8.971119881,3.695984364,69.45430145,0,false,false,daofind,,0,None,false,low_snr
1424,1189.677371,1192.638626,320.4426652,460.5218762,0.6958250667,23.64078522,3.458692951,0.7044565128,-0.06759367883,-0.5163802215,9.359215736,3.746165752,726.3613745,0,false,false,daofind,,0,None,false,low_snr
1425,396.2010277,1864.869677,319.6702576,501.4452311,0.6374978518,19.77502441,3.777116595,0.6958358146,-0.1901791692,-0.3945223618,9.229904175,4.080214977,54.1303228,0,false,false,daofind,,0,None,false,low_snr
1426,1370.803756,1475.75163,318.4135405,479.8336812,0.6635914755,24.08400154,3.415853455,0.4937390808,-0.1580094397,-0.1147863165,10.24933052,3.904670715,443.2483704,0,false,false,daofind,,0,None,false,low_snr
1427,612.2455693,1119.084865,318.0462815,482.1032147,0.6597057889,19.08831787,3.834679941,0.4474221202,0.08299376816,-1.048518517,9.573817253,3.922893524,612.2455693,0,false,false,daofind,,0,None,false,low_snr;too_elongated
1428,986.1363116,1851.361778,317.891583,459.7229913,0.691485066,18.56044006,3.887882846,0.8407494027,0.4925149381,0.5875849641,7.761973381,3.740136623,67.63822187,0,false,false,daofind,,0,None,false,low_snr
1429,1690.946917,1029.261103,317.3793019,492.1680131,0.6448596687,23.39800262,3.459933067,0.5619820055,-0.05464639515,-0.1479014029,9.601996422,4.003551483,868.0530833,0,false,false,daofind,,0,None,false,low_snr
1430,10.21847342,1026.261034,316.9821323,439.3377287,0.7214999114,16.31277466,4.141152869,0.651878132,-0.3379522264,-0.7439925066,6.019928932,3.572731972,10.21847342,0,false,true,daofind,,0,None,false,low_snr
1431,650.4528648,928.5318824,316.8934863,468.4141447,0.6765241612,16.62701797,4.101259628,0.6484995164,0.1427054256,0.1878211306,9.706315041,3.810898304,650.4528648,0,false,false,daofind,,0,None,false,low_snr
1432,2347.848898,1874.465697,315.9504912,436.5383051,0.7237634991,13.5803833,4.531284112,0.4098035374,-0.1699521542,-0.2604727788,8.095368385,3.551560163,44.53430326,0,false,false,daofind,,0,None,false,low_snr
1433,343.1706768,235.9743914,315.4355301,457.3399365,0.689717877,23.77780914,3.421662549,0.8350242648,0.4559674263,0.8093984268,9.555521965,3.718429804,235.9743914,0,false,false,daofind,,0,None,false,low_snr
1434,2346.692884,378.9762056,313.8276616,497.9305375,0.6302639384,38.99631882,2.665026882,0.9410795437,-0.1194744408,-0.1215053126,10.00368023,4.051235676,212.3071163,0,false,false,daofind,,0,None,false,low_snr
1435,293.8767536,372.3450287,312.7913047,495.8058072,0.6308746291,26.3345623,3.237666215,0.7859354938,-0.03547869995,-0.05260882688,10.33210564,4.033411026,293.8767536,0,false,false,daofind,,0,None,false,low_snr
1436,2225.384749,1032.552672,312.5914265,475.4987823,0.6573969021,15.64812946,4.1987992,0.5261517301,-0.0007741773734,-0.4375646093,9.669747353,3.868931532,333.6152513,0,false,false,daofind,,0,None,false,low_snr
1437,1346.062522,1347.466503,310.8908952,456.121631,0.6815964735,22.35482597,3.503371114,0.7590965762,0.1098690554,-0.3007082966,9.311840057,3.710930347,571.533497,0,false,false,daofind,,0,None,false,low_snr
1438,2394.91011,1470.370829,309.868174,493.3344003,0.6281098049,18.18244171,3.878199752,0.9475858605,-0.1468262374,0.3702661338,9.817558289,4.010946274,164.0898905,0,false,false,daofind,,0,None,false,low_snr
1439,530.706133,1133.448492,309.6532018,457.6816556,0.6765689602,23.02539635,3.445101487,0.5307791136,-0.3342355192,0.2149769033,9.30832386,3.722746849,530.706133,0,false,false,daofind,,0,None,false,low_snr
1440,2326.289732,783.9582259,308.2358671,453.0143035,0.6804108938,23.24263573,3.421107243,0.7409490209,-0.591601193,-0.1108281982,9.757364273,3.685855389,232.7102685,0,false,false,daofind,,0,None,false,low_snr
1441,243.2908362,500.3320311,307.198243,491.8170219,0.6246189728,38.5837059,2.65078915,0.8525797206,0.05132861808,-0.06472774934,10.08427525,4.003619194,243.2908362,0,false,false,daofind,,0,None,false,low_snr
1442,1163.503908,1913.204138,306.9721612,413.2482427,0.7428275053,9.77132988,5.265510075,0.3816360276,-0.1357775778,-0.8821408038,7.56071949,3.550671101,5.795861723,0,false,true,daofind,,0,None,false,low_snr;too_close_to_edge
1443,720.6800831,999.9766855,306.5198439,463.0669857,0.6619341334,34.28684998,2.8088807,0.9729789579,0.03463998437,-0.07987205433,10.04648304,3.764271259,720.6800831,0,false,false,daofind,,0,None,false,low_snr
1444,2244.009943,464.0026607,306.3044201,463.390448,0.6610071946,16.94913864,3.99365556,0.5959271549,-0.2949383259,-0.4058253814,9.71752739,3.768555164,314.9900566,0,false,false,daofind,,0,None,false,low_snr
1445,2394.375394,1280.080076,305.7636033,460.7246437,0.6636580168,33.84866333,2.823513848,0.9364902888,0.6682095528,-0.04357343706,9.151338577,3.747148991,164.6246058,0,false,false,daofind,,0,None,false,low_snr
1446,1050.611512,1733.267545,303.7001822,463.8927802,0.6546775359,19.22149277,3.734192994,0.6305638366,0.4056789279,-0.03190807776,9.111841202,3.774759054,185.732455,0,false,false,daofind,,0,None,false,low_snr
1447,536.6743283,867.9480661,303.2230908,447.5823668,0.6774688042,11.40914059,4.843089101,0.6850405276,-0.8948457837,-0.5091990578,9.596043587,3.640370846,536.6743283,0,false,false,daofind,,0,None,false,low_snr
1448,257.8929574,24.0490849,302.4284966,452.8189573,0.667879495,31.4236908,2.914409331,1.037352864,0.4643137753,-0.2444787382,7.57630825,3.684105873,24.0490849,0,false,false,daofind,,0,None,false,low_snr;not_star_like
1449,1208.192483,1416.563452,302.04605,454.7190849,0.6642475761,35.90369034,2.724801222,1.152444071,-0.1955394298,0.08052709787,9.7629776,3.698301792,502.4365482,0,false,false,daofind,,0,None,false,low_snr;not_star_like
1450,618.8312666,820.5214089,301.6722721,467.1736863,0.6457390066,27.66678238,3.102102616,0.8616598094,-0.05913331732,0.531939323,9.666550636,3.800379038,618.8312666,0,false,false,daofind,,0,None,false,low_snr
1451,911.1830205,675.3754331,300.1783567,470.1804725,0.638432207,22.9515686,3.397436056,0.7070015796,0.1202538908,0.2150222356,10.0550108,3.82561636,675.3754331,0,false,false,daofind,,0,None,false,low_snr
1452,758.5449799,752.2551152,299.5631802,465.9138637,0.6429582881,28.91937637,3.023552712,0.7868277611,-0.1870092303,0.5857320809,9.413956642,3.790888548,752.2551152,0,false,false,daofind,,0,None,false,low_snr
1453,114.1221438,1901.587158,298.2420361,433.3890131,0.6881624293,13.11610603,4.479708534,0.5387893718,-0.1256143451,0.09718551456,7.883894444,3.523637295,17.4128422,0,false,true,daofind,,0,None,false,low_snr
1454,1331.921018,591.8105872,297.9511534,420.7567894,0.7081315405,12.70812511,4.54882872,0.5641855039,0.6112941504,-0.1693116205,9.291874886,3.420023203,591.8105872,0,false,false,daofind,,0,None,false,low_snr
1455,392.5153547,1231.014672,297.2456014,459.3430728,0.6471102299,29.14921188,2.99993676,1.247446419,-0.3361450732,0.009821409559,9.18625164,3.739645958,392.5153547,0,false,false,daofind,,0,None,false,low_snr;not_star_like
1456,1230.072449,1150.510789,295.8655537,466.6886655,0.6339677295,32.09981155,2.852093448,0.8143231291,0.1640278101,0.03100095299,9.890106201,3.799650669,768.4892113,0,false,false,daofind,,0,None,false,low_snr
1457,804.5592206,1096.553996,294.2410258,455.7249946,0.6456547903,39.65956116,2.558853667,1.066059434,0.1089712605,0.01244498756,9.34044075,3.705983877,804.5592206,0,false,false,daofind,,0,None,false,low_snr;not_star_like
1458,573.5894455,523.6803743,293.0430703,458.4986309,0.6391361949,27.49729729,3.066821599,0.902707005,0.3308181763,-0.1328381007,9.836034775,3.729771137,523.6803743,0,false,false,daofind,,0,None,false,low_snr
1459,1290.066238,390.3800205,291.9393831,472.9189401,0.6173137897,33.62480164,2.768115884,0.9878417759,0.5028808117,0.0301845506,9.70853138,3.847522497,390.3800205,0,false,false,daofind,,0,None,false,low_snr
1460,2331.767769,909.5902092,291.6973562,435.5716089,0.6696886349,27.35890961,3.067500513,0.7137273084,-0.06134739518,0.1495467016,9.641523361,3.541318893,227.232231,0,false,false,daofind,,0,None,false,low_snr
1461,1244.919577,209.2145928,291.6850163,469.0592523,0.621851109,19.12542534,3.668759969,0.7814206074,0.7133689523,0.04107664792,9.541240692,3.815233231,209.2145928,0,false,false,daofind,,0,None,false,low_snr
1462,163.5762782,910.139762,291.1739125,452.364438,0.6436710935,25.05107498,3.202807504,0.8945047847,-0.2291421145,0.1285580667,9.282258034,3.680402517,163.5762782,0,false,false,daofind,,0,None,false,low_snr
1463,2499.392449,1580.029376,290.1342964,477.246823,0.6079334265,33.70935059,2.75608198,0.8980862999,-0.6649838686,-0.3239928559,9.290651321,3.883959532,59.60755084,0,false,false,daofind,,0,None,false,low_snr
1464,1402.640077,331.8195736,289.203372,466.3798533,0.6201026265,26.46002197,3.105806294,0.754804266,-0.03738052025,0.5907728793,9.864267349,3.794556141,331.8195736,0,false,false,daofind,,0,None,false,low_snr
1465,1496.553506,1173.133383,288.385425,471.0871514,0.6121700074,28.6294136,2.981592018,0.9678189098,-0.7662988305,-0.05281565502,9.371007919,3.833454132,745.8666168,0,false,false,daofind,,0,None,false,low_snr
1466,809.9705628,944.4590153,287.8065706,469.995531,0.6123602281,19.09681702,3.647015833,1.215524723,-0.2777824104,0.4425578402,9.237249374,3.8250494,809.9705628,0,false,false,daofind,,0,None,false,low_snr;not_star_like
1467,1330.601632,1133.61985,287.8003698,448.1963833,0.6421300584,18.86204147,3.669603285,0.6356822937,0.0506173037,-0.08999361442,9.139233589,3.644541025,785.3801503,0,false,false,daofind,,0,None,false,low_snr
1468,2244.692967,95.94474064,287.5136313,430.7522172,0.6674687206,19.13017654,3.6419797,0.658507641,0.07484480739,0.05522289078,8.869822502,3.505122423,95.94474064,0,false,false,daofind,,0,None,false,low_snr
1469,872.7624736,334.2671068,286.6803448,457.7005459,0.6263491432,13.03089523,4.40635641,0.4169704166,-0.9569790363,0.2690922428,9.635770798,3.723216295,334.2671068,0,false,false,daofind,,0,None,false,low_snr
1470,1977.656793,430.0914134,286.0458286,480.0933185,0.5958129754,25.8622303,3.124299159,0.7817663712,-0.2698169351,-0.2445532319,9.804437637,3.905511141,430.0914134,0,false,false,daofind,,0,None,false,low_snr
1471,2335.01619,656.7253017,285.6748733,487.5055643,0.5859930517,33.73979568,2.73358503,0.8132889058,0.3198028207,0.2969371459,9.926872253,3.967564821,223.9838098,0,false,false,daofind,,0,None,false,low_snr
1472,2382.689944,851.7943807,285.2260664,437.6177612,0.6517698587,17.54071236,3.788251315,0.6170149051,-0.4665096998,0.1115949828,9.459287643,3.559956074,176.3100564,0,false,false,daofind,,0,None,false,low_snr
1473,1769.136041,487.9839407,284.6456373,451.3127648,0.6307059306,19.81442833,3.560649969,0.6575931277,0.1458534151,0.4529228784,9.852237701,3.670128822,487.9839407,0,false,false,daofind,,0,None,false,low_snr
1474,2105.85475,1162.655345,283.306507,476.0948607,0.5950631489,20.73163986,3.472795712,0.8624382112,0.291607976,-0.07763976188,9.601694107,3.8722682,453.1452499,0,false,false,daofind,,0,None,false,low_snr
1475,438.4258243,1544.577434,282.7778864,479.9090828,0.5892322037,52.99228668,2.17012216,0.9304981175,-0.2111070454,-0.03336336649,9.67438221,3.903649569,374.4225657,0,false,false,daofind,,0,None,false,low_snr
1476,2344.723086,1131.159135,281.7609802,471.6799001,0.597356343,23.41016769,3.259162031,0.6707508507,0.3746986091,0.6734808061,9.923163414,3.840579271,214.2769141,0,false,false,daofind,,0,None,false,low_snr
1477,1396.605513,1121.046038,280.9604178,461.1916463,0.609205349,17.98499298,3.713087841,0.8739253252,-0.0003813973162,0.3096429034,9.348341942,3.752331972,797.9539624,0,false,false,daofind,,0,None,false,low_snr
1478,1650.8394,1242.111044,278.7182599,466.2858162,0.5977412355,24.65969086,3.158324046,0.7308541211,0.1279692948,0.4415193879,9.340646744,3.793111086,676.8889558,0,false,false,daofind,,0,None,false,low_snr
1479,1155.058714,1128.579957,278.6006361,453.3941244,0.6144778264,18.12436676,3.683217969,0.6589406737,-0.7583277225,-0.09911787833,9.531370163,3.686742783,790.4200435,0,false,false,daofind,,0,None,false,low_snr
1480,914.1014486,1395.252321,277.5583264,481.0078107,0.5770349675,15.54552841,3.969558216,0.7502858673,0.4091438949,-0.0211984044,9.777999878,3.916286707,523.7476787,0,false,false,daofind,,0,None,false,low_snr
1481,633.5181583,618.859107,275.2808721,459.9435069,0.5985101822,19.11426163,3.56514374,0.6685166818,0.5132105947,0.2097165937,9.552323341,3.74164176,618.859107,0,false,false,daofind,,0,None,false,low_snr
1482,756.6895378,1451.2985,274.3267562,455.7146504,0.6019704566,18.15999603,3.651270424,0.4830437065,0.1214508936,-0.1589388016,9.506669044,3.707272291,467.7014997,0,false,false,daofind,,0,None,false,low_snr
1483,256.2660853,1789.812752,274.0657263,519.2758944,0.5277844191,23.1770153,3.230475114,0.7549407683,-0.9486436844,-0.3996170565,10.15463352,4.225617886,129.1872484,0,false,false,daofind,,0,None,false,low_snr
1484,1302.15808,1365.985771,273.3657966,458.0456388,0.5968090806,11.84189606,4.513664292,0.491519515,0.3351686001,-0.8419002937,9.48678875,3.72586751,553.0142286,0,false,false,daofind,,0,None,false,low_snr
1485,907.2885009,171.9620273,272.9499849,447.7664541,0.6095811386,25.15849686,3.094332525,0.8307776742,-0.2734090686,0.1298823879,8.841503143,3.643603563,171.9620273,0,false,false,daofind,,0,None,false,low_snr
1486,1700.228391,1774.487439,272.5723837,454.4384035,0.5998005046,25.43951607,3.07506495,1.055009857,-0.00659185648,-0.2932707005,8.560483932,3.697445393,144.5125615,0,false,false,daofind,,0,None,false,low_snr;not_star_like
1487,304.7619104,36.85323798,270.8387346,453.1977104,0.5976171731,20.40551567,3.422546763,0.6910158783,0.05516030639,-0.4730991219,7.594483852,3.686874151,36.85323798,0,false,false,daofind,,0,None,false,low_snr
1488,1563.125807,1096.292083,270.4893174,481.911743,0.5612839308,31.30216789,2.761567357,0.8856725008,-0.3200067878,-0.07443817833,9.698669434,3.921319485,822.7079165,0,false,false,daofind,,0,None,false,low_snr
1489,2313.989449,867.3984632,269.723354,439.4761916,0.6137382621,37.34276962,2.524781521,0.8981037921,-0.2522464097,0.1283540635,9.65788269,3.573816299,245.0105505,0,false,false,daofind,,0,None,false,low_snr
1490,2438.866869,875.7071785,268.5433138,438.8626648,0.6119074036,9.115320206,5.099046789,0.3800461784,1.074437499,1.322826561,8.886874199,3.570069075,120.133131,0,false,false,daofind,,0,None,false,low_snr;too_elongated
1491,2450.167319,1219.044432,268.3430559,451.796483,0.593946757,30.95047569,2.766172798,0.7960415637,-0.1891581714,0.037923409,9.049524307,3.674948215,108.8326815,0,false,false,daofind,,0,None,false,low_snr
1492,957.2824766,382.7368554,267.7709501,467.6237735,0.5726204809,28.31032562,2.889196548,1.013228229,-0.5680052042,-0.4368664982,10.02893829,3.803122997,382.7368554,0,false,false,daofind,,0,None,false,low_snr;not_star_like
1493,21.26709736,585.8133216,267.6308119,379.5537105,0.7051197355,16.96309471,3.731498765,0.9649850668,-0.2082585394,0.4061649735,6.020998478,3.085731745,21.26709736,0,false,false,daofind,,0,None,false,low_snr
1494,534.3993453,1780.060578,266.6156079,483.0175725,0.5519791061,15.18585682,3.936324781,0.6803910677,1.025684595,-0.5932600205,8.822943687,3.930860281,138.939422,0,false,false,daofind,,0,None,false,low_snr;too_elongated
1495,1800.381121,1601.699009,265.2801801,476.2678578,0.5569978653,14.45401001,4.024630519,0.6867434979,0.7655234337,0.2530503812,9.549072266,3.875128269,317.3009907,0,false,false,daofind,,0,None,false,low_snr
1496,452.168217,1861.279181,264.1914769,481.5610908,0.5486146657,16.17789459,3.796349524,0.6547743434,0.2137711793,-0.6598218032,8.831459999,3.918694496,57.72081893,0,false,false,daofind,,0,None,false,low_snr
1497,2059.701289,1697.090433,264.0981056,497.855857,0.5304710226,12.33283424,4.347293738,0.4389443354,-0.945794642,-0.1252408633,9.667165756,4.052947998,221.9095674,0,false,false,daofind,,0,None,false,low_snr
1498,615.7743965,596.0603683,262.4203411,458.9383085,0.5717987281,21.62414932,3.272630863,0.8343002535,-0.09003651142,-0.06388805431,9.7091856,3.73344636,596.0603683,0,false,false,daofind,,0,None,false,low_snr
1499,1073.511706,1563.680496,261.2925254,444.2812217,0.5881241715,14.6693182,3.964845955,0.5877806937,0.2527954578,-0.2804660094,9.66401577,3.613049507,355.3195038,0,false,false,daofind,,0,None,false,low_snr
1500,1506.600336,1209.968406,260.834299,462.3311079,0.5641720719,23.64925766,3.119905093,0.8423276181,-0.1574027091,0.2575694784,9.35074234,3.761133671,709.0315936,0,false,false,daofind,,0,None,false,low_snr
1501,1705.783867,509.1474768,260.4843261,469.789155,0.5544707096,20.28232002,3.366663979,0.6883518509,0.4824178815,0.04644401895,10.05101395,3.820862055,509.1474768,0,false,false,daofind,,0,None,false,low_snr
1502,917.3780213,975.7946225,259.9575475,475.9398624,0.5461983079,19.07484055,3.46807553,0.5960850406,0.3157447278,0.4129075447,9.587985992,3.871108055,917.3780213,0,false,false,daofind,,0,None,false,low_snr
1503,2308.872685,1710.399216,259.0330332,450.0583665,0.5755543114,26.79362106,2.920987241,0.9958594028,-0.04682709649,-0.6420341628,9.545247078,3.660144567,208.6007843,0,false,false,daofind,,0,None,false,low_snr
1504,508.3486039,1156.067174,258.9962061,449.65447,0.575989395,19.87277603,3.391448465,0.7533426044,-0.1299456656,-0.0924338696,9.127223969,3.656705856,508.3486039,0,false,false,daofind,,0,None,false,low_snr
1505,1384.244667,933.7649236,258.5686618,462.8054406,0.5586984056,21.07997894,3.290187495,0.732918287,0.1783675998,-0.005185207809,9.25335598,3.750386,933.7649236,0,false,false,daofind,,0,None,false,low_snr
1506,1553.22997,315.8270808,257.8246121,522.189724,0.4937374296,17.64921379,3.590602214,0.6638139082,-0.1562426984,0.01927857272,10.35078621,4.249060154,315.8270808,0,false,false,daofind,,0,None,false,low_snr
1507,1027.368758,1061.511161,255.7011561,461.3768252,0.5542132638,19.18165779,3.429975882,0.7272537844,0.7996096015,0.2167466523,9.48500824,3.754221678,857.4888392,0,false,false,daofind,,0,None,false,low_snr
1508,638.1055156,1282.661505,253.9730154,447.9035532,0.5670261233,24.18099213,3.044559877,0.8979383175,0.03349254653,-0.5138607576,9.482586861,3.643167973,636.3384949,0,false,false,daofind,,0,None,false,low_snr
1509,2461.655946,755.2913601,253.6331171,453.5236887,0.5592499872,26.63550568,2.898947139,0.9901027041,0.1290148497,0.1730257445,8.697827339,3.692006111,97.34405362,0,false,false,daofind,,0,None,false,low_snr
1510,2359.090959,189.855024,253.0222726,449.2630726,0.5631940126,19.93475723,3.346891937,0.5932599126,0.6262151599,-0.4719343117,9.39857769,3.654542685,189.855024,0,false,false,daofind,,0,None,false,low_snr
1511,810.195352,1697.917558,251.6816634,459.4295974,0.5478133424,33.90480804,2.559545962,0.9163374949,-0.1591286659,-0.2858679279,8.761859894,3.738176823,221.0824425,0,false,false,daofind,,0,None,false,low_snr
1512,842.6503051,450.3966865,251.6806391,467.9862998,0.5377948866,45.05330658,2.22039049,0.9694637199,-0.4714499712,-0.2857332366,9.613363266,3.81026721,450.3966865,0,false,false,daofind,,0,None,false,low_snr
1513,1101.189861,1477.060067,251.3718016,445.9242884,0.5637095986,25.32234573,2.959879983,0.8658609602,-0.4453847706,-0.3548354197,9.677653313,3.627839565,441.9399333,0,false,false,daofind,,0,None,false,low_snr
1514,990.5065345,1129.057969,250.8822805,469.4861781,0.5343762867,37.96535492,2.414955053,0.9433413303,0.2747559845,-0.06466399994,9.701313972,3.819381475,789.9420308,0,false,false,daofind,,0,None,false,low_snr
1515,850.0149932,1170.263726,248.5884727,463.3065219,0.536552932,14.40444946,3.902653113,0.6040692227,0.4150395691,0.5057975664,9.590920448,3.768092632,748.7362738,0,false,false,daofind,,0,None,false,low_snr
1516,1909.217966,1046.319321,247.9484273,457.0966012,0.5424420717,20.3323555,3.28061013,0.8439387213,-0.425832063,-0.05455340454,9.334311485,3.718296051,649.7820339,0,false,false,daofind,,0,None,false,low_snr
1517,1.608572471,1705.847483,247.0071593,312.2686289,0.7910085626,12.00858116,4.260658358,0.4869058554,0.6828768849,0.8638647551,5.991418839,3.165195227,1.608572471,0,false,true,daofind,,0,None,false,low_snr;too_close_to_edge
1518,2042.381558,1264.855203,246.6452656,514.7707529,0.4791361285,33.76586914,2.539014699,1.099726686,0.4862241745,-0.3144113114,9.900799751,4.187835693,516.6184417,0,false,false,daofind,,0,None,false,low_snr;not_star_like
1519,313.6739533,1554.600032,246.2160692,472.0293196,0.5216118131,35.42050171,2.476843876,0.8538646355,0.2602268159,0.02939855913,9.579498291,3.838796377,313.6739533,0,false,false,daofind,,0,None,false,low_snr
1520,2142.976612,383.5951431,246.0620686,468.160759,0.5255931085,15.17355728,3.783087802,0.6867843221,0.1980914921,-0.7352785275,9.826442719,3.805391073,383.5951431,0,false,false,daofind,,0,None,false,low_snr
1521,1480.227119,206.3815422,246.0234744,461.6868496,0.5328795365,31.75182724,2.615000054,0.8028746841,0.2126087099,0.5160842598,9.581505775,3.751720428,206.3815422,0,false,false,daofind,,0,None,false,low_snr
1522,487.5978769,1261.174779,244.7256326,461.6416248,0.530120378,29.65041351,2.698933242,0.9282345208,0.5594497919,-0.04505048727,9.349886894,3.754649162,487.5978769,0,false,false,daofind,,0,None,false,low_snr
1523,1109.70583,1142.847693,244.0815127,460.8479623,0.5296356558,22.20487976,3.114662686,0.9167648064,-0.4692863822,-0.3161003054,9.795120239,3.749231339,776.1523069,0,false,false,daofind,,0,None,false,low_snr
1524,2466.804672,920.7604641,243.3648293,432.5754238,0.5625951358,11.54982758,4.312299806,0.5243533547,-0.3006441593,-0.7738214334,8.442249298,3.517791748,92.19532846,0,false,false,daofind,,0,None,false,low_snr
1525,626.1838141,789.7332286,241.8601786,469.4591493,0.5151889765,17.30406189,3.512173362,0.7309763932,0.4664759636,0.121945777,9.694189072,3.820060492,626.1838141,0,false,false,daofind,,0,None,false,low_snr
1526,768.7792325,452.6628385,239.3818688,470.7745695,0.5084851313,19.97692871,3.251988914,0.8564034084,0.7945745587,0.1227927426,9.689738274,3.827920198,452.6628385,0,false,false,daofind,,0,None,false,low_snr
1527,867.4156886,1130.122926,238.6464191,457.7586355,0.5213367932,20.90888596,3.173801814,0.6541467269,0.6695643663,0.486501292,9.424448967,3.723181725,788.8770738,0,false,false,daofind,,0,None,false,low_snr
1528,1964.807078,549.9350548,237.6993634,466.4728031,0.5095674643,18.78418159,3.341840055,0.7525487811,-0.2413887829,-0.5310817251,9.882484436,3.79458642,549.9350548,0,false,false,daofind,,0,None,false,low_snr
1529,830.4587563,230.0485944,237.6468235,503.4173545,0.472067205,19.96906281,3.240820335,0.7863538692,0.7433595657,0.2042192991,9.697604179,4.111886501,230.0485944,0,false,false,daofind,,0,None,false,low_snr
1530,214.9052285,1234.280901,236.0445302,466.9398536,0.5055137795,33.77430725,2.483542152,0.9492599254,-0.3488484323,0.07839686531,8.892360687,3.798131227,214.9052285,0,false,false,daofind,,0,None,false,low_snr
1531,1870.187878,1784.496973,234.935261,445.9204809,0.5268546099,20.95955658,3.145218682,0.9146210866,-0.4268353581,0.4995466737,8.043195724,3.630181313,134.5030273,0,false,false,daofind,,0,None,false,low_snr
1532,872.5459837,880.9108937,234.3698879,481.2603939,0.4869918466,19.30556107,3.273237229,0.7684441063,-0.00857082475,-0.2162807161,9.361104012,3.91538167,872.5459837,0,false,false,daofind,,0,None,false,low_snr
1533,342.9978005,1470.363204,234.0693722,484.0141495,0.4836002676,37.00005722,2.362864879,0.884417424,-0.09887385368,-0.4129648247,9.666611671,3.938246965,342.9978005,0,false,false,daofind,,0,None,false,low_snr
1534,174.8014272,484.4600304,230.2752581,474.948114,0.4848429782,26.43166924,2.7728676,0.7206127299,0.05705002323,0.5761224174,9.566771507,3.868062973,174.8014272,0,false,false,daofind,,0,None,false,low_snr
1535,436.6346358,1471.063523,229.4814829,481.4604673,0.4766361902,27.70670319,2.703642019,0.859392911,0.4153961539,-0.2144410673,9.626627922,3.916633129,436.6346358,0,false,false,daofind,,0,None,false,low_snr
1536,2291.93935,836.5366074,228.9129653,458.2975983,0.4994854133,21.27625465,3.081451918,0.8256087103,-0.03213299438,0.3347462602,9.719896317,3.726906776,267.0606505,0,false,false,daofind,,0,None,false,low_snr
1537,1441.325009,1514.086977,228.0467111,481.7605261,0.4733611384,26.06519508,2.778748278,1.067525677,-0.4274655879,-0.3415967451,10.27450371,3.921108246,404.9130231,0,false,false,daofind,,0,None,false,low_snr;not_star_like
1538,2469.491024,47.593722,227.6589122,411.6723433,0.5530099749,22.99333191,2.956032223,0.7068375412,0.1313547343,-0.2738954259,6.673333645,3.348789215,47.593722,0,false,false,daofind,,0,None,false,low_snr
1539,1252.52124,1736.178099,227.5226384,447.0447104,0.5089482845,29.15871048,2.624194015,0.9980683178,-0.4838909805,-0.4535978602,9.175206184,3.634307384,182.8219008,0,false,false,daofind,,0,None,false,low_snr
1540,1570.008614,564.8916322,227.3862145,482.6420749,0.4711280396,38.34651184,2.287636005,1.000854097,0.0639436245,0.1254335819,9.653487206,3.928029299,564.8916322,0,false,false,daofind,,0,None,false,low_snr;not_star_like
1541,2043.266176,1010.69407,226.8960538,467.5595619,0.4852773258,16.73589706,3.459049391,0.6531597925,-0.3749185205,0.2721809087,9.264101982,3.803026199,515.7338237,0,false,false,daofind,,0,None,false,low_snr
1542,681.2936651,1570.874875,225.941163,457.7981566,0.4935388222,23.66641235,2.902680639,0.9495204742,0.924470067,-0.2753933351,9.666918755,3.724079847,348.125125,0,false,false,daofind,,0,None,false,low_snr
1543,247.3916902,1813.621454,225.8581795,521.8493493,0.4328034131,21.15552521,3.069543523,0.6733754456,-0.2746224403,0.4095125618,9.844475746,4.24723196,105.3785461,0,false,false,daofind,,0,None,false,low_snr
1544,592.0089736,491.7900035,224.1969986,459.3073019,0.4881198223,15.87103939,3.530855969,0.5624360588,0.5600439906,0.09083324658,9.79562664,3.734580517,491.7900035,0,false,false,daofind,,0,None,false,low_snr
1545,1294.334811,583.377101,224.1161203,438.5741667,0.5110107648,24.30456161,2.852728505,0.8018731936,-0.5251552463,-0.4752576028,9.362106323,3.568952799,583.377101,0,false,false,daofind,,0,None,false,low_snr
1546,2118.817853,1395.988325,222.8245797,479.8241574,0.4643879977,26.63968658,2.71696962,0.9729100738,0.6173495054,0.4173921805,9.691822052,3.903717518,440.1821468,0,false,false,daofind,,0,None,false,low_snr
1547,1180.491532,1103.383344,222.4246096,458.692442,0.4849101255,32.63063812,2.45271126,0.9024679775,0.09971482307,-0.2479468272,10.04247379,3.736462831,815.616656,0,false,false,daofind,,0,None,false,low_snr
1548,1921.638697,444.1823698,222.1127777,475.8254349,0.4667946718,16.27800369,3.470195883,0.6941923827,0.6364904642,0.3390825945,9.721996307,3.871436596,444.1823698,0,false,false,daofind,,0,None,false,low_snr
1549,2274.012492,305.8662194,219.5050448,510.5523487,0.4299364118,25.60463333,2.750621051,0.845544661,0.3920155168,0.2297625334,10.06203365,4.155228138,284.987508,0,false,false,daofind,,0,None,false,low_snr
1550,265.3625554,990.0309067,219.0835426,464.2861969,0.4718717551,21.55762482,2.99483026,0.8802555743,-0.5151484013,0.08290211116,10.10904026,3.778440952,265.3625554,0,false,false,daofind,,0,None,false,low_snr
1551,2145.731751,1702.576988,218.7092317,482.6398169,0.4531520691,18.70770264,3.212115242,0.7712244504,-0.04487870634,-0.269313752,9.625312805,3.925726891,216.423012,0,false,false,daofind,,0,None,false,low_snr
1552,539.1964738,427.0624553,217.8488728,502.0851852,0.4338882707,32.40722275,2.435704179,0.9826499127,0.3096446693,-0.1267329685,9.926109314,4.086908817,427.0624553,0,false,false,daofind,,0,None,false,low_snr
1553,176.6288755,869.8271299,217.6840751,460.5794175,0.4726309228,18.94705963,3.184272369,0.6211202399,0.262535274,0.3976795936,10.05293941,3.739667892,176.6288755,0,false,false,daofind,,0,None,false,low_snr
1554,687.5699531,1242.459334,217.0920661,455.8866359,0.4761974776,10.50041676,4.271559868,0.3544864496,-0.1476291567,-0.4435660586,9.835216522,3.709512472,676.5406659,0,false,false,daofind,,0,None,false,low_snr
1555,1445.701765,516.2230802,216.86158,446.1760557,0.4860448634,7.211981773,5.151477276,0.4904919594,0.2816202939,-0.4460452816,9.458156586,3.631227016,516.2230802,0,false,false,daofind,,0,None,false,low_snr
1556,1363.155677,409.0804571,215.756424,460.7919498,0.4682295862,28.95046997,2.564613053,0.7979699052,0.3067513704,-0.4902916757,9.382863045,3.74804759,409.0804571,0,false,false,daofind,,0,None,false,low_snr
1557,1768.722794,949.6739052,213.3802762,480.9149616,0.4436964813,12.25210476,3.920483005,0.4195725063,0.8095558882,1.02571659,9.417609215,3.912178516,790.2772063,0,false,false,daofind,,0,None,false,low_snr;too_elongated
1558,2446.325904,671.2947711,213.1346654,470.9320825,0.4525804745,18.08254814,3.225262155,0.9384903458,-0.4606633782,0.634016034,8.917451859,3.831741095,112.6740957,0,false,false,daofind,,0,None,false,low_snr
1559,861.8330718,1758.58403,212.5500955,446.3630905,0.4761820589,23.99808311,2.795826168,0.7013762596,-0.04072989896,-0.1349502983,8.668584824,3.629766464,160.4159696,0,false,false,daofind,,0,None,false,low_snr
1560,1501.676752,1441.60657,212.4181357,459.9592314,0.4618194858,10.31635666,4.262853545,0.4070397693,0.6322960258,-0.02246857934,9.349676132,3.741734982,477.39343,0,false,false,daofind,,0,None,false,low_snr
1561,1191.11382,143.8701206,212.2532949,471.741807,0.4499353073,20.90327835,2.993558905,0.5621250162,0.6015765071,-0.842446141,8.76338768,3.838154554,143.8701206,0,false,false,daofind,,0,None,false,low_snr
1562,1473.250585,1679.287667,211.9750129,455.4499828,0.4654188626,20.75127792,3.002532393,0.768190109,0.07840162516,0.2136420868,9.582056046,3.704920053,239.7123325,0,false,false,daofind,,0,None,false,low_snr
1563,1180.619256,764.9678357,211.4700567,468.5323734,0.4513456672,41.61112213,2.117812547,0.7813104436,-0.3496617377,-0.05892063054,9.388878822,3.808585882,764.9678357,0,false,false,daofind,,0,None,false,low_snr
1564,538.029028,206.4961389,211.0447285,510.1491261,0.4136922278,26.75784111,2.638332388,0.8075782473,0.03548532352,0.07778989971,10.21702862,4.159369469,206.4961389,0,false,false,daofind,,0,None,false,low_snr
1565,16.87329969,77.21742846,210.8589715,383.7544951,0.5494631963,27.44239235,2.604071156,0.8075117931,-0.03300415725,-0.2818270622,6.557607174,3.120087147,16.87329969,0,false,true,daofind,,0,None,false,low_snr
1566,1840.495966,615.260112,210.668637,462.47769,0.4555217291,26.07374573,2.670336669,1.106847926,-0.07693631202,0.1035184193,9.259585381,3.762369156,615.260112,0,false,false,daofind,,0,None,false,low_snr;not_star_like
1567,4.925085211,614.7437725,210.2463611,346.2599069,0.6071923341,16.65991974,3.337302558,1.203018052,-0.3129636049,0.4900899926,6.006746292,3.055346727,4.925085211,0,false,true,daofind,,0,None,false,low_snr;too_close_to_edge;not_star_like
1568,452.1003392,1652.83793,210.1090803,476.1226697,0.4412919057,11.4472332,4.024759513,0.4015860433,1.089689851,0.2474811934,9.551389694,3.873247147,266.16207,0,false,false,daofind,,0,None,false,low_snr;too_elongated
1569,941.3811138,334.815075,209.4960543,458.7227463,0.4566942799,24.3771553,2.754001685,0.694152458,-0.5096336007,0.08153320214,9.618027687,3.731187105,334.815075,0,false,false,daofind,,0,None,false,low_snr
1570,673.202594,529.8491586,209.1904068,456.0722851,0.4586781824,40.28918457,2.140643928,0.830937663,-0.2675766647,-0.09576802933,9.710816383,3.709004879,529.8491586,0,false,false,daofind,,0,None,false,low_snr
1571,696.8826361,1044.131267,208.3163214,479.2508884,0.4346707048,37.34772491,2.218693766,0.9704589629,-0.207102403,-0.4827515533,9.98560524,3.898499489,696.8826361,0,false,false,daofind,,0,None,false,low_snr
1572,1204.873144,1662.972285,207.9830239,488.1839306,0.4260341458,26.31544113,2.641048682,1.071044887,-0.6848330498,-0.2454657161,9.684557915,3.972772121,256.0277148,0,false,false,daofind,,0,None,false,low_snr;not_star_like
1573,2130.768913,1764.425721,207.6610298,472.9318666,0.4390929105,13.7134285,3.655714474,0.400626396,0.3782910407,0.3503701981,9.298341751,3.847197533,154.5742788,0,false,false,daofind,,0,None,false,low_snr
1574,2441.791699,1741.04203,207.4372967,450.7211789,0.46023419,30.8965416,2.434200107,0.8703216107,0.2302883714,-0.1686398017,9.103459358,3.666609764,117.2083006,0,false,false,daofind,,0,None,false,low_snr
1575,1924.422338,1229.988625,205.1092066,491.3312355,0.4174560699,22.36340904,2.845059566,0.9425032459,-0.6390476227,-0.1222625602,9.636590958,3.998692274,634.5776622,0,false,false,daofind,,0,None,false,low_snr
1576,32.37525794,470.4377808,204.6238912,424.9904678,0.4814787782,18.6648674,3.11052363,1.119355368,0.5364854932,-0.1742102068,6.335133553,3.457634926,32.37525794,0,false,false,daofind,,0,None,false,low_snr;not_star_like
1577,2473.203103,1085.216196,204.2151391,442.0949851,0.4619259345,15.81344318,3.375969667,0.5762674287,0.3415075243,0.6113273264,8.519890785,3.596438169,85.7968966,0,false,false,daofind,,0,None,false,low_snr
1578,1300.160029,41.29812771,204.1374965,387.7592589,0.5264542155,12.13398838,3.853251841,0.4536675698,-0.3042035103,0.09575854399,6.522823334,3.153041363,41.29812771,0,false,false,daofind,,0,None,false,low_snr
1579,972.4562832,1729.344773,202.7415835,457.0613889,0.4435762643,27.33628082,2.558406167,0.9673629019,-0.1747304201,-0.1229163789,8.997051239,3.718086958,189.6552272,0,false,false,daofind,,0,None,false,low_snr
1580,1367.106346,692.1984337,202.310684,439.0938669,0.460745866,26.02524376,2.619267149,0.6314468181,-0.4467899203,0.1884789178,9.3090868,3.570944309,692.1984337,0,false,false,daofind,,0,None,false,low_snr
1581,814.3865826,1354.881872,201.9404105,454.1160192,0.4446890265,14.59016514,3.495017088,0.6290815633,-0.08289764822,-0.1769373535,9.411846161,3.694900513,564.1181284,0,false,false,daofind,,0,None,false,low_snr
1582,2295.163577,1507.222275,201.1658635,501.9183324,0.4007940147,21.15427017,2.896982751,0.9066109963,0.7319642305,0.4940203269,10.1790638,4.084415436,263.8364233,0,false,false,daofind,,0,None,false,low_snr
1583,2355.930062,812.17836,201.1228881,432.3881295,0.4651443331,37.43302536,2.177564732,0.9561735999,0.1594535261,-0.1568496063,9.566975594,3.514307261,203.0699384,0,false,false,daofind,,0,None,false,low_snr
1584,1759.159154,1775.226797,200.8803953,459.9715401,0.4367235314,11.19384575,3.979668596,0.5529107432,-0.1398936659,0.2596300552,8.472820282,3.74368763,143.7732031,0,false,false,daofind,,0,None,false,low_snr
1585,1552.176771,1044.898318,198.6640205,493.0101526,0.4029613173,17.69128418,3.14809421,0.7961594526,-0.6350077391,0.01000384826,9.642048836,4.01113987,874.1016823,0,false,false,daofind,,0,None,false,low_snr
1586,365.8771687,1213.464883,198.4393297,440.2717171,0.4507201393,15.26437569,3.387210152,0.681273195,-0.5414485335,-0.7542948916,9.068958282,3.578966379,365.8771687,0,false,false,daofind,,0,None,false,low_snr
1587,2466.075051,946.8461077,198.2511794,430.167459,0.4608697736,12.61578465,3.724076093,0.5345031148,-0.3483693302,0.347193464,8.384215355,3.498725176,92.92494863,0,false,false,daofind,,0,None,false,low_snr
1588,869.8929233,475.1990123,197.5102792,463.0684793,0.4265249916,20.3275528,2.928330511,0.901205911,-0.9240650535,-0.3510728651,9.672448158,3.766475439,475.1990123,0,false,false,daofind,,0,None,false,low_snr
1589,315.6631724,1230.377075,197.1828523,454.5274614,0.4338194477,16.48000717,3.249553293,0.91371163,0.4635575414,0.8744371314,9.519992828,3.694890738,315.6631724,0,false,false,daofind,,0,None,false,low_snr
1590,1799.606565,659.9116287,195.7277457,478.1180119,0.409371203,31.5554924,2.339680234,0.8003137686,0.4930494726,0.07641547308,9.439199448,3.889548779,659.9116287,0,false,false,daofind,,0,None,false,low_snr
1591,2278.434801,1582.382022,195.6194803,473.650253,0.4130040659,13.00005531,3.644191914,0.4233407191,0.7415915728,0.06410451378,10.6700201,3.849624395,280.5651993,0,false,false,daofind,,0,None,false,low_snr
1592,1094.836525,1549.040568,191.3747955,446.3199109,0.4287839077,12.33791065,3.699894573,0.4431727957,1.068760633,0.7167162363,9.661910057,3.630546808,369.9594319,0,false,false,daofind,,0,None,false,low_snr;too_elongated
1593,2368.749757,1508.439926,191.0202801,516.2044431,0.3700477255,18.22631454,3.04129185,0.6663233702,0.2663819492,0.007315874562,10.10701847,4.202660084,190.2502432,0,false,false,daofind,,0,None,false,low_snr
1594,308.8569206,716.8909172,190.9421223,489.1516607,0.3903536216,33.37691879,2.246961036,0.9765091739,0.416644007,-0.2003048181,10.2897501,3.978773355,308.8569206,0,false,false,daofind,,0,None,false,low_snr
1595,1467.70122,1883.987987,190.8811552,395.7753736,0.4822966963,22.0597496,2.763433563,0.8472832173,-0.09282298386,0.1543159749,6.606915951,3.218471527,35.0120127,0,false,false,daofind,,0,None,false,low_snr
1596,2554.860476,1255.309752,189.7848544,412.3385349,0.4602646571,29.99361801,2.363111084,0.6018548429,0.1331562996,-0.04383497261,9.006382942,3.738419771,4.13952449,0,false,true,daofind,,0,None,false,low_snr;too_close_to_edge
1597,1480.85262,1607.092914,188.7477792,457.7847003,0.4123068749,33.84249115,2.218592564,0.8925565908,0.362351656,-0.3429033009,10.1575079,3.723555326,311.9070864,0,false,false,daofind,,0,None,false,low_snr
1598,2549.504868,971.9804181,188.4247897,427.1446786,0.4411263892,24.09900284,2.626862091,0.9679106437,0.003530250164,0.1138179799,8.234330177,3.474243641,9.495132172,0,false,true,daofind,,0,None,false,low_snr
1599,905.2000906,1169.118154,188.0699583,471.9164169,0.3985238732,12.23161125,3.683712002,0.5468510922,0.07521120459,-1.090088461,9.772618294,3.838619232,749.8818455,0,false,false,daofind,,0,None,false,low_snr;too_elongated
1600,645.9129368,1148.387344,186.2939344,473.0694036,0.3937983158,17.95177078,3.026310608,0.6699496869,0.2828192413,-0.3898238313,9.714896202,3.849759579,645.9129368,0,false,false,daofind,,0,None,false,low_snr
1601,213.379046,2.452247687,185.5306122,372.3045802,0.4983301901,20.40565681,2.832698089,0.8703375959,0.3473370373,0.1089121039,7.59180212,3.622137785,2.452247687,0,false,true,daofind,,0,None,false,low_snr;too_close_to_edge
1602,903.1647099,313.9531567,185.2277329,457.9810555,0.4044440937,22.49422646,2.695785071,0.6602590087,-1.096179128,-0.5828156904,9.505773544,3.726246119,313.9531567,0,false,false,daofind,,0,None,false,low_snr;too_elongated
1603,417.8401168,400.1141541,185.2061486,496.9518472,0.3726842946,12.35532475,3.637210262,0.5989490024,-1.050302386,0.4420875348,9.643227577,4.04309988,400.1141541,0,false,false,daofind,,0,None,false,low_snr;too_elongated
1604,2417.043207,1722.751274,185.1160603,450.3447333,0.4110541251,27.57741737,2.433957795,0.6926280307,0.7018318176,0.06677143294,9.422582626,3.663447618,141.9567931,0,false,false,daofind,,0,None,false,low_snr
1605,1669.044365,583.4545447,184.9680166,486.0911221,0.3805212813,28.60224152,2.388999588,1.012780418,-0.1010425463,-0.01816799417,9.735789299,3.953655005,583.4545447,0,false,false,daofind,,0,None,false,low_snr;not_star_like
1606,1445.458403,137.7315934,184.7392057,425.5810271,0.4340870338,15.03859615,3.29263566,0.6217686131,0.3200926483,0.5394198518,8.63993454,3.461159468,137.7315934,0,false,false,daofind,,0,None,false,low_snr
1607,2400.89602,1571.931221,184.1674188,472.3321076,0.3899108611,20.52135849,2.814304835,0.8165782335,0.6276034713,-0.04336096816,10.14530849,3.838396549,158.10398,0,false,false,daofind,,0,None,false,low_snr
1608,500.9899704,863.5869802,183.9615792,447.6665239,0.4109344107,17.61423111,3.035984215,0.6743811352,-0.01853827387,-0.01680782767,9.385769844,3.64174366,500.9899704,0,false,false,daofind,,0,None,false,low_snr
1609,2386.716816,989.5381698,183.6559125,436.9112813,0.4203505847,23.51074982,2.625651046,0.9632708508,-0.1095458642,-0.2689102536,9.83087635,3.552014351,172.2831841,0,false,false,daofind,,0,None,false,low_snr
1610,218.3691879,580.026783,183.0736593,463.7704156,0.3947506203,19.82286453,2.854943477,0.6149517051,0.5246520042,0.8327522248,9.506911278,3.769701004,218.3691879,0,false,false,daofind,,0,None,false,low_snr
1611,1632.152523,1519.675082,182.3390739,473.116833,0.3853996754,31.44263077,2.262289732,0.7798482758,-0.07125043124,-0.2586428053,9.890702248,3.848590374,399.3249177,0,false,false,daofind,,0,None,false,low_snr
1612,1100.13172,1048.608201,180.2036937,444.6702126,0.4052524512,38.30705261,2.037559337,1.027824554,0.01562121417,0.09212189441,9.359613419,3.615078449,870.3917986,0,false,false,daofind,,0,None,false,low_snr;not_star_like
1613,2346.999408,502.5410185,179.6368847,451.7168248,0.3976758776,10.05898094,3.969982155,0.4493436234,0.1794725955,-1.129859968,9.601220131,3.672095299,212.0005917,0,false,false,daofind,,0,None,false,low_snr;too_elongated
1614,1799.584746,1873.03476,179.0141593,430.7450682,0.4155918954,24.65686035,2.531294024,0.7440886706,-0.2353552133,-0.3714027894,7.343138695,3.503118277,45.96523991,0,false,false,daofind,,0,None,false,low_snr
1615,1864.560749,900.5901969,178.7161727,489.1054095,0.3653939809,23.36070633,2.598404337,0.7212958729,-0.7245520949,0.5896207157,9.639293671,3.978825331,694.4392514,0,false,false,daofind,,0,None,false,low_snr
1616,833.832376,1133.624053,177.4189998,456.789936,0.3884039156,22.93976212,2.612602861,0.992940038,0.4835134745,-0.321780069,9.398043633,3.715792894,785.3759473,0,false,false,daofind,,0,None,false,low_snr
1617,2428.702781,517.5326515,177.315494,458.7852446,0.3864890951,17.59321022,2.982418516,1.052326317,-0.4957971275,-0.2588188163,9.411973,3.732151747,130.2972186,0,false,false,daofind,,0,None,false,low_snr;not_star_like
1618,1828.466175,754.4402116,177.2674892,483.4674369,0.3666585909,27.90629768,2.367724812,0.6846909622,-0.2366070598,-0.03072198753,9.427034378,3.930595875,730.5338247,0,false,false,daofind,,0,None,false,low_snr
1619,2352.784408,68.96208438,174.412471,439.3478777,0.3969803425,22.3227253,2.625928821,0.9288469192,0.1148440093,-0.5868889712,8.677274704,3.574023485,68.96208438,0,false,false,daofind,,0,None,false,low_snr
1620,2199.456215,1442.921108,173.7895697,471.1135837,0.3688910186,15.23792553,3.172610231,0.599554763,-0.531099081,-0.1301619171,9.756601334,3.832415581,359.5437855,0,false,false,daofind,,0,None,false,low_snr
1621,1051.419687,1817.535627,173.4109529,450.5990059,0.3848453961,13.89443779,3.318834247,0.5244362638,0.3407421708,-0.2522210522,7.757592201,3.664202452,101.4643731,0,false,false,daofind,,0,None,false,low_snr
1622,1466.372823,1171.219944,171.4013535,468.0073915,0.366236424,15.97485161,3.077205479,0.6786121519,-0.1576764286,0.003670721304,9.357667923,3.807451248,747.7800558,0,false,false,daofind,,0,None,false,low_snr
1623,2493.791676,96.4069471,171.3853047,409.5319988,0.4184906312,5.25587225,5.364536197,0.3119168017,-0.3639122844,-0.2629373701,7.057088375,3.330347061,65.20832427,0,false,false,daofind,,0,None,false,low_snr
1624,803.8442538,718.614245,169.9581343,471.21086,0.3606838228,9.655959129,3.941314199,0.4373461374,-0.1801186502,0.6535378787,9.677802086,3.833960295,718.614245,0,false,false,daofind,,0,None,false,low_snr
1625,90.12572804,1375.1629,167.5705738,409.9622554,0.4087463459,27.8377018,2.304888808,1.179847147,-0.007440024521,0.04629715887,7.162298679,3.334434032,90.12572804,0,false,false,daofind,,0,None,false,low_snr;not_star_like
1626,425.2146272,72.85960467,166.9979865,446.6673743,0.3738754967,12.20454121,3.475062966,0.6384755419,-0.3925153315,-0.123948611,7.786545277,3.632138252,72.85960467,0,false,false,daofind,,0,None,false,low_snr
1627,1581.979084,1398.894345,166.6957714,470.2805136,0.354460299,15.05881405,3.125609341,0.6324405238,0.2750240266,0.1734802637,9.607851982,3.825858355,520.1056554,0,false,false,daofind,,0,None,false,low_snr
1628,750.369144,376.3419413,166.6511208,490.1022285,0.3400333871,14.41669464,3.194030503,0.5311304744,-0.2761543691,-0.616021047,9.582403183,3.987724543,376.3419413,0,false,false,daofind,,0,None,false,low_snr
1629,340.8893429,1196.232672,166.3565375,436.4515312,0.3811569571,14.89803791,3.13923038,0.5851736893,-0.4314300716,-0.03103001006,9.09522438,3.548533678,340.8893429,0,false,false,daofind,,0,None,false,low_snr
1630,795.1316594,1167.007035,164.2770532,463.3632976,0.354531863,18.07773972,2.831940844,0.5534163676,-0.3865064979,-0.01575309977,9.588925362,3.769320011,751.9929649,0,false,false,daofind,,0,None,false,low_snr
1631,1187.854601,590.1571124,163.6553925,454.2436412,0.3602810864,24.61152649,2.422499379,0.7340045706,-0.02953499369,-0.1286983296,9.388472557,3.692720652,590.1571124,0,false,false,daofind,,0,None,false,low_snr
1632,2516.137948,1044.349726,163.4456763,431.6192408,0.3786802368,23.23588562,2.491580327,0.9854618573,0.7614844441,-0.05702563876,8.097447395,3.510325909,42.86205238,0,false,false,daofind,,0,None,false,low_snr
1633,2248.867141,696.1247242,163.3199804,473.8942085,0.344633839,25.91871834,2.358200289,0.918023466,-0.6413980722,-0.07620206863,10.07634735,3.853169918,310.1328593,0,false,false,daofind,,0,None,false,low_snr
1634,667.0315829,757.466645,163.2085142,453.2449293,0.3600890018,14.60765457,3.140139559,0.6063050976,-0.2393825352,0.2574474007,9.722113609,3.683907509,667.0315829,0,false,false,daofind,,0,None,false,low_snr
1635,677.9268774,1766.325473,163.1726047,433.264686,0.3766118263,28.4480629,2.249909571,0.8547971672,-0.06970712543,-0.02291401181,8.551937103,3.524177551,152.6745267,0,false,false,daofind,,0,None,false,low_snr
1636,864.7173378,540.0590505,162.780729,472.0156195,0.3448630137,23.03633118,2.497253484,0.7611100816,0.9238698483,-0.3631436032,9.96366787,3.842035532,540.0590505,0,false,false,daofind,,0,None,false,low_snr
1637,2131.911846,531.6525393,161.8308277,468.1136799,0.3457083923,22.79974937,2.502841693,0.5652050289,-0.1835728735,-0.5889961194,9.533582687,3.809061766,427.0881537,0,false,false,daofind,,0,None,false,low_snr
1638,801.2571016,462.9386703,158.03302,453.4722307,0.3484954739,19.99311256,2.64120131,0.7587159892,0.2286764681,-0.07365345293,9.673553467,3.686606407,462.9386703,0,false,false,daofind,,0,None,false,low_snr
1639,678.6499262,822.5776806,157.9211351,467.992294,0.3374438791,38.65432358,1.898842219,0.8983542912,-0.3694693148,-0.3278625277,9.679009438,3.807043552,678.6499262,0,false,false,daofind,,0,None,false,low_snr
1640,915.8670929,244.9674849,157.8755251,444.1360595,0.3554665777,29.2387619,2.182959631,0.7983690946,-0.03435824066,-0.06556098744,9.42790699,3.613515854,244.9674849,0,false,false,daofind,,0,None,false,low_snr
1641,1875.486685,1264.968628,156.8240253,479.4702966,0.3270776656,16.6777935,2.880744837,0.8082501302,0.2529231012,-0.1556265676,9.655540466,3.900390625,654.0313716,0,false,false,daofind,,0,None,false,low_snr
1642,76.44599259,165.514766,156.7726613,420.5899712,0.3727446491,9.973938942,3.724513927,0.5239294238,0.232211411,-0.3987922811,8.026061058,3.419705868,76.44599259,0,false,false,daofind,,0,None,false,low_snr
1643,1659.892731,1587.032076,156.4338016,478.54904,0.3268918931,6.899947166,4.473116476,0.2891525699,0.5314255357,0.1044586351,9.433386803,3.893428326,331.9679241,0,false,false,daofind,,0,None,false,low_snr
1644,1142.938463,1511.623809,155.3055895,446.9419494,0.3474849245,15.01468372,3.021365313,0.5139119555,0.2053921372,0.1488434943,9.651982307,3.635951281,407.3761913,0,false,false,daofind,,0,None,false,low_snr
1645,659.9193244,339.585772,155.1788594,463.0328777,0.3351357255,28.33018112,2.198666665,1.054524603,-0.4207102656,-0.2292628534,10.00315189,3.777766943,339.585772,0,false,false,daofind,,0,None,false,low_snr;not_star_like
1646,2383.190075,325.8758224,153.8779186,471.6173603,0.3262770449,18.98786163,2.674347958,0.7894733587,-0.5836209059,-0.2791567437,9.678805351,3.836696148,175.8099246,0,false,false,daofind,,0,None,false,low_snr
1647,224.6758348,664.4453025,149.656283,473.2822622,0.3162093637,23.36896133,2.377363343,0.8876859251,0.7804141641,0.1070985037,9.964369774,3.849190235,224.6758348,0,false,false,daofind,,0,None,false,low_snr
1648,655.4033931,1801.390328,149.5301866,434.005251,0.3445354319,18.3203125,2.683896653,0.6292504572,-0.6277084351,0.3807538903,8.357890129,3.52937746,117.6096719,0,false,false,daofind,,0,None,false,low_snr
1649,1762.86176,1712.577477,149.3416256,481.7514526,0.3099972503,38.32258606,1.854517018,0.9838767446,0.2371487617,0.1705565384,9.344081879,3.920169353,206.4225235,0,false,false,daofind,,0,None,false,low_snr
1650,2238.292767,1197.873047,149.3018718,467.9931192,0.319025784,11.14045238,3.439133247,0.4311436288,-0.2470666915,0.04527590261,9.532108307,3.80787468,320.707233,0,false,false,daofind,,0,None,false,low_snr
1651,1309.356942,1012.115304,148.9930861,441.8822233,0.3371782757,21.04210854,2.499805502,0.6716011799,0.06578163803,-0.2231883965,7.957891941,3.569194794,906.8846956,0,false,false,daofind,,0,None,false,low_snr
1652,1239.227438,802.056407,147.3761935,553.2054561,0.2664040853,27.83148193,2.161788945,0.9482546327,0.4028175771,-0.4487579646,10.83518505,4.476208687,802.056407,0,false,false,daofind,,0,None,false,low_snr
1653,183.7421308,599.2055117,146.388412,469.9299934,0.3115111059,23.69466591,2.335048174,0.8259262831,0.325979203,0.1797341149,9.30927372,3.823548794,183.7421308,0,false,false,daofind,,0,None,false,low_snr
1654,2033.76309,312.5604349,146.3434378,491.7647743,0.2975882891,18.03037262,2.676406435,0.7945457894,0.2994556129,-0.71475535,9.969626427,4.001666069,312.5604349,0,false,false,daofind,,0,None,false,low_snr
1655,2329.255095,1496.274174,146.176707,507.0665665,0.2882791266,14.54468632,2.978205746,0.6518078275,-1.428704977,-0.5296330546,10.12197971,4.125307083,229.7449045,0,false,false,daofind,,0,None,false,low_snr;too_elongated
1656,1055.137431,868.9739746,145.3011981,453.0020008,0.3207517799,36.01776886,1.886878709,1.109762302,-0.02678585611,0.126636111,9.982232094,3.687504292,868.9739746,0,false,false,daofind,,0,None,false,low_snr;not_star_like
1657,2409.928327,282.7321897,145.2473219,460.0007311,0.3157545457,19.06643295,2.592908141,0.7988090591,0.1928984523,0.1472153618,9.266900063,3.742627382,149.0716731,0,false,false,daofind,,0,None,false,low_snr
1658,1174.686254,1567.6248,142.2383914,451.824962,0.314808617,17.66613007,2.665664536,0.5992743715,0.4998497069,-0.1832381069,9.66720295,3.674585342,351.3752004,0,false,false,daofind,,0,None,false,low_snr
1659,1524.751188,466.074127,141.5783836,471.5588301,0.3002348266,20.96374893,2.441359804,0.581814202,-0.06635449082,0.4553125074,9.369584084,3.836459637,466.074127,0,false,false,daofind,,0,None,false,low_snr
1660,650.3345238,1364.550028,140.952221,444.3876492,0.3171830298,38.21043015,1.804316781,1.137678367,0.5157001615,-0.145975761,9.456237793,3.61482954,554.4499722,0,false,false,daofind,,0,None,false,low_snr;not_star_like
1661,1637.794338,1548.989056,140.4038718,474.6909655,0.2957795325,35.32557297,1.872891957,1.025815947,-0.6869627833,-0.2926674513,9.674427032,3.862291813,370.0109442,0,false,false,daofind,,0,None,false,low_snr;not_star_like
1662,165.6998709,982.7926294,140.3512702,467.9331476,0.2999387217,40.91304016,1.739983329,0.9816619227,-0.175696373,-0.261371665,9.086957932,3.80739665,165.6998709,0,false,false,daofind,,0,None,false,low_snr
1663,1289.617378,1780.466826,140.2995403,424.2793652,0.3306772655,20.21556282,2.474873443,0.698078106,0.177052483,0.2691589602,8.78443718,3.449850321,138.5331737,0,false,false,daofind,,0,None,false,low_snr
1664,1872.021388,574.4616471,139.975588,461.0141116,0.3036253868,22.57698441,2.339165627,1.043346145,0.1467659175,0.1503627692,9.420179367,3.750791311,574.4616471,0,false,false,daofind,,0,None,false,low_snr;not_star_like
1665,1290.578392,700.8492818,139.96149,454.0522023,0.3082497769,34.60560989,1.889290821,1.06137987,-0.2352192104,-0.09096099327,9.394389153,3.692288399,700.8492818,0,false,false,daofind,,0,None,false,low_snr;not_star_like
1666,0.9636573685,1409.874544,139.7521241,309.9239174,0.4509239729,12.16666603,3.183913095,0.631618535,-0.3973365426,0.6578808121,5.5,3.254620314,0.9636573685,0,false,true,daofind,,0,None,false,low_snr;too_close_to_edge
1667,1054.079557,575.6064272,139.6524107,489.036447,0.2855664675,15.48119545,2.821563063,0.4847620993,-0.8295544386,0.01834412278,9.83378315,3.976481438,575.6064272,0,false,false,daofind,,0,None,false,low_snr
1668,836.9937304,1878.856129,139.2609081,457.0069039,0.3047238605,15.69318008,2.798510379,0.7184186954,-0.09086818248,0.3072300074,8.306819916,3.717583895,40.14387125,0,false,false,daofind,,0,None,false,low_snr
1669,718.9783145,1709.157857,138.879533,453.6062833,0.306167569,17.12149429,2.675568541,0.6007104873,-0.2981605232,0.4950286927,9.223234177,3.690552235,209.8421431,0,false,false,daofind,,0,None,false,low_snr
1670,1769.866317,222.0619762,138.7775834,458.0017823,0.3030066448,41.63450241,1.715144681,1.067730474,0.180516988,-0.1335563175,9.032165527,3.724473715,222.0619762,0,false,false,daofind,,0,None,false,low_snr;not_star_like
1671,363.7345573,768.6281385,137.7729792,453.6079236,0.3037270118,19.79294968,2.478532137,0.9188425573,0.03027444705,-0.3775483943,9.536286354,3.686867237,363.7345573,0,false,false,daofind,,0,None,false,low_snr
1672,2258.711812,564.1683896,136.2190345,473.6721603,0.2875808332,26.63711739,2.124433184,0.9863869013,-0.8147472739,-0.193961204,10.02955055,3.855589867,300.2881875,0,false,false,daofind,,0,None,false,low_snr
1673,320.1223143,974.1833429,135.7334412,455.5965142,0.2979246701,31.8205719,1.940247933,1.029948586,0.03212815151,0.1171205036,9.846096992,3.706870794,320.1223143,0,false,false,daofind,,0,None,false,low_snr;not_star_like
1674,322.434316,1362.037115,135.358962,482.1014144,0.2807686473,26.37314224,2.128287817,0.8930523266,0.2594647408,0.08617048774,9.626856804,3.921388388,322.434316,0,false,false,daofind,,0,None,false,low_snr
1675,575.3051663,1364.086128,134.5861622,447.9992348,0.3004160537,17.71876907,2.589114282,0.661535083,-0.1473707557,0.1815551025,9.281714439,3.644552231,554.9138722,0,false,false,daofind,,0,None,false,low_snr
1676,2474.763851,160.8536728,132.7715292,430.129039,0.3086783666,23.39558411,2.237965165,0.8971915485,-0.0177138187,0.1861248991,8.604416847,3.499398708,84.23614874,0,false,false,daofind,,0,None,false,low_snr
1677,642.1641433,1660.15131,132.354347,472.2193992,0.2802814693,27.0177002,2.079278705,0.9713643681,-0.1006680802,0.09988919627,9.648968697,3.841965675,258.8486901,0,false,false,daofind,,0,None,false,low_snr
1678,793.2053333,749.9696781,131.8135509,471.0663823,0.2798194816,25.69699669,2.127681588,0.7930623764,0.3200883269,-0.726331229,9.63215065,3.832679272,749.9696781,0,false,false,daofind,,0,None,false,low_snr
1679,2334.810417,422.8784308,131.2606205,493.8015479,0.2658165432,24.03068924,2.19559333,0.8871481962,0.1764911711,-0.1411451108,9.969311714,4.019178391,224.1895835,0,false,false,daofind,,0,None,false,low_snr
1680,1415.308954,962.7518518,130.3845035,459.5377044,0.2837297184,37.21385574,1.758443601,1.000323044,0.07647669315,0.082631921,9.452813148,3.735438347,956.2481482,0,false,false,daofind,,0,None,false,low_snr;not_star_like
1681,1335.05588,1753.972705,130.3693659,436.4351828,0.2987141529,27.74052048,2.036564944,0.8301152118,0.1036201417,-0.3617044373,8.926148415,3.549560547,165.0272951,0,false,false,daofind,,0,None,false,low_snr
1682,826.6898979,206.3972132,130.185951,493.6133578,0.2637407375,17.30748749,2.576515958,0.8472763846,0.5965923071,0.008378089719,9.689246178,4.014205933,206.3972132,0,false,false,daofind,,0,None,false,low_snr
1683,784.2108965,214.0824429,129.8492016,470.8568131,0.2757721625,19.99476242,2.394028452,0.7754004521,0.4152935743,0.2152567486,9.671902657,3.814017296,214.0824429,0,false,false,daofind,,0,None,false,low_snr
1684,498.8434137,626.8319307,127.6040125,483.1524073,0.2641071649,19.06706619,2.430289543,0.6318175906,0.1143071949,-0.22554871,9.93259716,3.930355072,498.8434137,0,false,false,daofind,,0,None,false,low_snr
1685,1380.87107,72.18166999,127.3944617,415.8056135,0.3063798505,20.8187027,2.323893559,0.8441417337,-0.2890847027,-0.03318694929,7.514631748,3.382805586,72.18166999,0,false,false,daofind,,0,None,false,low_snr
1686,2015.332225,1117.472065,126.840618,472.159931,0.268639098,22.00728226,2.255349011,1.058319489,-0.3042843938,0.05409158028,9.326051712,3.840354443,543.6677749,0,false,false,daofind,,0,None,false,low_snr;not_star_like
1687,431.4759839,541.253243,125.9727906,481.6448274,0.2615470643,20.07402039,2.353363343,0.8676163408,0.04563366622,0.5798033733,9.925980568,3.918577909,431.4759839,0,false,false,daofind,,0,None,false,low_snr
1688,138.4376351,851.0773921,125.0922639,467.6740205,0.2674774702,16.07430077,2.620697962,0.65730945,0.5426027179,0.3919224925,9.595116615,3.797338963,138.4376351,0,false,false,daofind,,0,None,false,low_snr
1689,2236.847877,1115.066901,123.920663,443.9274218,0.2791462229,25.72522736,2.061864129,0.8839963461,0.2345030308,-0.140119766,9.274773598,3.608242989,322.1521226,0,false,false,daofind,,0,None,false,low_snr
1690,243.2195614,1067.060157,123.8089859,437.9076753,0.2827285131,18.13375282,2.454709069,1.002568951,-0.4576309323,0.03630764717,9.515675545,3.560549498,243.2195614,0,false,false,daofind,,0,None,false,low_snr;not_star_like
1691,510.1086449,1094.289238,123.7994706,469.1392977,0.2638863792,29.57176208,1.92215578,0.8016928181,0.1080259681,0.3761943569,9.094906807,3.816795349,510.1086449,0,false,false,daofind,,0,None,false,low_snr
1692,1920.717307,1880.691853,123.356179,446.6480505,0.2761820608,12.31956291,2.972696654,0.6312692075,0.4862226248,0.892054,7.013771534,3.635076284,38.30814673,0,false,false,daofind,,0,None,false,low_snr
1693,798.6506751,66.73151956,121.9827798,431.3567867,0.2827885953,19.40649223,2.355285354,0.7164050881,0.1420171261,-0.3059877875,6.247001171,3.519881964,66.73151956,0,false,false,daofind,,0,None,false,low_snr
1694,2322.440542,1914.113095,121.7734788,399.7415355,0.3046305376,11.51976871,3.054374368,0.4663531189,-0.5139010549,-0.308217737,7.813565254,3.532971859,4.886905073,0,false,true,daofind,,0,None,false,low_snr;too_close_to_edge
1695,1442.079568,1561.988511,121.705181,480.9915127,0.2530297891,14.0819912,2.761787686,0.7051318201,-0.4516831338,-0.1747671972,10.24923992,3.914610863,357.0114888,0,false,false,daofind,,0,None,false,low_snr
1696,1523.450466,1545.113826,121.6652826,449.9874296,0.2703748473,26.56321716,2.010531066,0.4264076917,-0.3938039541,-0.3598656706,9.770114899,3.65978241,373.8861741,0,false,false,daofind,,0,None,false,low_snr
1697,409.1185498,1823.804517,121.5449697,494.1305537,0.2459774422,25.28759384,2.05959833,0.9889835373,0.1046582237,-0.09940561693,9.375396729,4.021727562,95.19548319,0,false,false,daofind,,0,None,false,low_snr
1698,108.8897209,792.5337698,121.2675949,454.3977228,0.2668754459,20.01293755,2.31251603,0.8305340109,-0.3897417784,-0.4025267969,8.653728485,3.695227861,108.8897209,0,false,false,daofind,,0,None,false,low_snr
1699,419.2735702,1494.598838,121.2613324,477.0898037,0.2541687781,14.01268673,2.763555885,0.6774714287,-0.2389543205,-0.1594680795,9.653979301,3.879829407,419.2735702,0,false,false,daofind,,0,None,false,low_snr
1700,2487.500505,1483.504877,120.9151458,484.851269,0.2493860562,12.3998003,2.933599321,0.5418140972,-0.2711099088,-0.6772620851,9.278301239,3.941509008,71.49949525,0,false,false,daofind,,0,None,false,low_snr
1701,236.9898006,540.3967905,119.2264158,474.8578588,0.2510781144,14.61886787,2.682854768,0.5234642839,-0.7248131633,-0.8053963127,10.05451298,3.862569094,236.9898006,0,false,false,daofind,,0,None,false,low_snr
1702,1060.169115,267.7315545,117.3692624,478.5590556,0.2452555459,16.4057045,2.512739895,0.5330936325,-0.0999552682,-0.03309278198,9.927629471,3.893803596,267.7315545,0,false,false,daofind,,0,None,false,low_snr
1703,1095.731271,1835.955714,117.0639442,446.8572763,0.2619716639,14.16875648,2.700309212,0.6033668317,0.3903677762,-0.5273731816,7.498726368,3.634479523,83.04428595,0,false,false,daofind,,0,None,false,low_snr
1704,1479.921201,1810.972111,117.0110899,423.7360316,0.2761414682,10.77135563,3.096322008,0.9108467036,0.6137199402,0.08408414546,7.877766132,3.445933819,108.0278893,0,false,false,daofind,,0,None,false,low_snr
1705,2060.185324,101.3793862,116.7679119,456.6191854,0.255722746,23.84449768,2.078908898,0.6215992325,0.04351135716,-0.5213942304,8.826738358,3.714149952,101.3793862,0,false,false,daofind,,0,None,false,low_snr
1706,1292.213026,1389.091913,116.3090235,454.5422996,0.2558816278,13.01261425,2.808615038,0.5175511088,1.067268014,0.7645873327,9.654051781,3.6967628,529.9080873,0,false,false,daofind,,0,None,false,low_snr;too_elongated
1707,2442.324248,1699.996932,115.750647,450.2311141,0.2570916211,7.056918144,3.804713536,0.2697044411,-0.5365570784,-0.592294152,9.276415825,3.662077188,116.6757519,0,false,false,daofind,,0,None,false,low_snr
1708,1596.756836,1516.875663,115.3050678,462.4374719,0.2493419646,15.89327526,2.530377312,0.5657911179,0.4019119143,0.02851643796,9.77339077,3.762098789,402.1243369,0,false,false,daofind,,0,None,false,low_snr
1709,2336.095152,526.3167789,115.1880195,452.333048,0.2546531145,13.01209545,2.795103057,0.5573016505,-0.09558293968,0.1504878205,9.65457058,3.676689863,222.9048477,0,false,false,daofind,,0,None,false,low_snr
1710,1614.202862,1677.511372,113.8134699,465.6114907,0.2444387052,27.38074875,1.915322727,0.9949383858,0.7284546494,0.1964332149,9.283211708,3.787514448,241.4886281,0,false,false,daofind,,0,None,false,low_snr
1711,2049.407239,1632.9222,112.840883,473.4709893,0.2383269209,30.30501175,1.812774567,0.954013659,0.08626696467,-0.3081114414,10.02832031,3.849670887,286.0777998,0,false,false,daofind,,0,None,false,low_snr
1712,2539.395244,922.396501,112.7062624,435.3958377,0.2588593014,18.31448364,2.330475139,0.8009668524,-0.09811709076,-0.2030369184,8.352858543,3.542523623,19.60475572,0,false,false,daofind,,0,None,false,low_snr
1713,2412.140922,841.2521407,112.5585554,438.4469663,0.2567210268,35.80761719,1.665594715,0.9452997305,-0.04725597799,-0.2439429602,9.19238472,3.566681862,146.8590776,0,false,false,daofind,,0,None,false,low_snr
1714,585.9020277,667.9421091,112.1989733,479.0779287,0.2341977506,16.17324829,2.47436409,0.5653721273,0.1469069123,-0.005174547603,9.493418694,3.897780418,585.9020277,0,false,false,daofind,,0,None,false,low_snr
1715,925.4624216,191.0722776,111.6551214,446.076608,0.2503048119,27.86459732,1.880532001,0.9173041491,0.1159075648,0.08166749179,9.135548592,3.628271818,191.0722776,0,false,false,daofind,,0,None,false,low_snr
1716,129.0748013,1418.043691,110.9077331,413.4226554,0.2682671876,32.96187592,1.723228005,0.8714853852,0.01927838661,0.3236457798,8.371454239,3.36136055,129.0748013,0,false,false,daofind,,0,None,false,low_snr
1717,91.05041215,1667.940501,110.8648605,423.6347479,0.2616991667,13.12343788,2.730492182,0.5350292207,-0.2824779749,-0.0028360551,7.543228626,3.445279837,91.05041215,0,false,false,daofind,,0,None,false,low_snr
1718,1957.593393,1677.822469,110.515219,471.1111686,0.2345841627,16.76443863,2.412039005,0.7708345679,-0.4302249551,0.06208475413,9.568894386,3.832447529,241.1775308,0,false,false,daofind,,0,None,false,low_snr
1719,2347.477172,1220.580555,110.0458429,467.1832609,0.2355517677,15.97490311,2.465673083,0.6505685788,-0.3748280704,-0.6354161904,9.691762924,3.80172658,211.5228283,0,false,false,daofind,,0,None,false,low_snr
1720,248.0020339,1846.947412,108.7743597,517.9484947,0.2100099929,27.44831276,1.870136174,0.8330706987,0.601242125,0.2310030618,9.551687241,4.214421749,72.05258849,0,false,false,daofind,,0,None,false,low_snr
1721,250.8237045,936.1650639,108.7361911,464.2133573,0.2342375319,35.15769958,1.652131541,0.9538266627,0.281098187,0.2972058098,10.17563438,3.776313543,250.8237045,0,false,false,daofind,,0,None,false,low_snr
1722,1490.689547,1848.251604,108.5062477,407.2907545,0.2664097982,6.503993988,3.837117487,0.4912459243,-0.4657984972,-1.15034651,7.183060169,3.312583447,70.74839591,0,false,false,daofind,,0,None,false,low_snr;too_elongated
1723,2110.981432,14.21899864,108.2896136,409.5816769,0.2643907666,12.40281677,2.775882173,0.5400461661,0.351891011,-0.294395568,7.263849258,3.330115318,14.21899864,0,false,true,daofind,,0,None,false,low_snr
1724,2025.102519,1055.745565,106.683994,470.831482,0.226586365,14.71955585,2.529123693,0.5570214016,-0.1341675222,0.3076019752,9.280444145,3.830840826,533.8974815,0,false,false,daofind,,0,None,false,low_snr
1725,1807.922253,910.122796,106.1061941,479.2903827,0.2213818553,14.05551434,2.581159174,0.5436585783,0.03340106085,0.2517003528,9.611151695,3.898915291,751.0777475,0,false,false,daofind,,0,None,false,low_snr
1726,800.1306319,568.2298806,104.6862943,452.581439,0.2313092965,19.89282417,2.155085383,0.9651754744,-0.1645311117,-0.1775007183,9.773841858,3.680204391,568.2298806,0,false,false,daofind,,0,None,false,low_snr
1727,752.6479249,565.4652611,104.2175498,449.2384346,0.2319871627,14.54759979,2.514447352,0.4179711025,0.320420742,0.06892112301,9.779148102,3.654035568,565.4652611,0,false,false,daofind,,0,None,false,low_snr
1728,1986.769314,1815.016445,101.7434296,468.3265673,0.2172488957,22.23428154,2.009599092,0.8719514612,0.07447872311,0.1382266115,8.099052429,3.810297966,103.9835548,0,false,false,daofind,,0,None,false,low_snr
1729,992.0015048,1748.182368,100.456778,456.8711435,0.2198798927,17.87373543,2.227151444,0.7739170829,0.1310463399,0.05006870219,8.792930603,3.715934753,170.8176316,0,false,false,daofind,,0,None,false,low_snr
1730,1300.037783,555.7051134,99.30545428,446.5513801,0.2223830419,29.93761826,1.710983092,0.8886788366,-0.08344639093,-0.3033611746,9.395712852,3.632064104,555.7051134,0,false,false,daofind,,0,None,false,low_snr
1731,1186.686213,327.6828334,98.1594415,470.3456982,0.2086963735,29.10285187,1.725305691,0.6609182676,0.4467206895,0.09228687813,9.897148132,3.825878382,327.6828334,0,false,false,daofind,,0,None,false,low_snr
1732,605.2339534,926.0471921,96.46039143,457.9646188,0.2106284797,14.33392429,2.437023666,0.6932018532,-0.6798272133,0.1042009909,9.663970947,3.723403215,605.2339534,0,false,false,daofind,,0,None,false,low_snr
1733,2169.748525,1329.029919,95.46266104,462.1478404,0.2065630361,26.9227562,1.768987641,0.7583417369,-0.7086592317,-0.06605639756,9.743910789,3.759539604,389.2514751,0,false,false,daofind,,0,None,false,low_snr
1734,151.6382551,1581.564164,93.48712074,447.374447,0.2089683963,21.6761055,1.950981063,0.5982247291,0.1937140971,0.4613092609,9.990561485,3.639486074,151.6382551,0,false,false,daofind,,0,None,false,low_snr
1735,981.3329743,1703.869749,92.71199813,456.9423663,0.202896481,17.72211075,2.148711149,0.8012171877,0.05895371735,-0.5522807993,9.278730392,3.717046499,215.1302512,0,false,false,daofind,,0,None,false,low_snr
1736,1684.629638,1521.727227,92.46064071,480.46467,0.1924400408,32.43638992,1.586097874,1.057448752,0.005862016696,-0.153627249,9.896941185,3.908396244,397.2727725,0,false,false,daofind,,0,None,false,low_snr;not_star_like
1737,440.4963329,958.5742032,92.27759822,468.2150915,0.197083776,23.01226807,1.881205409,0.9691684912,-0.7003185749,-0.105603048,9.659276962,3.810400248,440.4963329,0,false,false,daofind,,0,None,false,low_snr
1738,459.6460777,1697.290054,92.27223796,484.12528,0.1905957854,9.714300156,2.895326583,0.3978169376,-0.1840784401,-0.1188619883,9.294348717,3.941384077,221.7099462,0,false,false,daofind,,0,None,false,low_snr
1739,1367.886645,986.1125586,92.20323621,460.4654276,0.200239216,13.26098919,2.477153457,0.7952883238,0.03236392513,-0.543863603,9.351894379,3.744209766,932.8874414,0,false,false,daofind,,0,None,false,low_snr
1740,358.9932615,1553.743704,91.97826171,472.27504,0.1947557121,23.04992104,1.876617093,0.634573607,0.5044528246,0.1535744694,9.616746902,3.841775656,358.9932615,0,false,false,daofind,,0,None,false,low_snr
1741,1522.992616,1666.55871,91.57421927,452.4929194,0.202377132,22.49533463,1.895431847,0.8002809977,-0.150974527,0.4883477136,9.494427681,3.680510759,252.4412901,0,false,false,daofind,,0,None,false,low_snr
1742,2218.000429,5.974161374,90.37632941,383.6982981,0.2355400841,33.18965912,1.550221455,0.799719739,-0.1392883956,-0.1070806667,8.143671989,3.282012224,5.974161374,0,false,true,daofind,,0,None,false,low_snr;too_close_to_edge
1743,1228.268369,1397.249922,88.28062905,455.5382107,0.1937941252,10.23168564,2.759477805,0.5134657727,-0.6114035249,0.05653652221,9.766921043,3.706250429,521.750078,0,false,false,daofind,,0,None,false,low_snr
1744,2167.54936,262.9342018,88.26350378,486.8265194,0.1813038121,23.17959213,1.833181546,0.7566635071,0.1116692647,-0.1490032062,9.820406914,3.959113359,262.9342018,0,false,false,daofind,,0,None,false,low_snr
1745,2532.543262,1648.274942,87.95357678,452.2125019,0.1944961194,33.79413223,1.515562647,0.910229072,-0.03766674921,-0.0787174071,8.872536659,3.677755117,26.45673808,0,false,false,daofind,,0,None,false,low_snr
1746,470.3883502,1601.028056,87.58600892,477.5921848,0.1833907918,21.68367195,1.888072837,1.037384484,0.2009603828,0.1953483526,9.649662018,3.885182142,317.9719445,0,false,false,daofind,,0,None,false,low_snr;not_star_like
1747,2069.140191,22.08494711,87.28471399,437.2386953,0.1996271486,14.35287094,2.31668772,0.4895096022,-0.5815367699,-0.03609559952,6.980462551,3.558344364,22.08494711,0,false,false,daofind,,0,None,false,low_snr
1748,2263.418574,1851.951947,86.70629987,425.6297087,0.2037129883,23.21847534,1.815416455,0.7890987037,-0.2403665781,-0.4495579296,8.114857674,3.460956335,67.04805278,0,false,false,daofind,,0,None,false,low_snr
1749,101.8354297,826.9980312,84.30116203,422.6956948,0.1994370018,24.53897858,1.741230756,1.252436296,0.1444448084,0.04725935294,8.46102047,3.434657097,101.8354297,0,false,false,daofind,,0,None,false,low_snr;not_star_like
1750,873.5970744,282.2684025,82.79158446,453.5803811,0.1825290244,20.02216721,1.91031658,0.8618104201,-0.2488662899,-0.2917699626,9.64644146,3.690214634,282.2684025,0,false,false,daofind,,0,None,false,low_snr
1751,1773.789847,1444.185228,82.20843243,489.9980065,0.1677729937,14.13860798,2.265283945,0.5096784094,-0.5227709413,-0.1277153886,9.851203918,3.986340761,474.8147716,0,false,false,daofind,,0,None,false,low_snr
1752,767.9996214,933.2415939,81.72939628,469.4182554,0.1741078353,30.98257446,1.525802015,0.751003131,-0.04126381874,-0.1772078455,9.684094429,3.819512367,767.9996214,0,false,false,daofind,,0,None,false,low_snr
1753,1218.168287,1880.109535,81.56083488,431.3600398,0.1890783275,24.98966599,1.697181916,0.9724392327,0.3698162138,0.2973795883,7.677002907,3.508747101,38.89046541,0,false,false,daofind,,0,None,false,low_snr
1754,1569.432858,1889.550144,81.51726832,436.0818535,0.1869311178,13.68750191,2.292611689,0.6566130483,-0.2333710343,-0.9364201778,6.646649837,3.545851707,29.44985593,0,false,false,daofind,,0,None,false,low_snr
1755,238.2030409,965.9671151,81.21213798,466.3540169,0.1741426793,17.79496574,2.006918256,0.7590135409,-0.09664850682,0.3293029551,10.201437,3.794114113,238.2030409,0,false,false,daofind,,0,None,false,low_snr
1756,1026.279261,1726.586793,80.75302352,460.6373131,0.1753071695,16.58668709,2.072847538,0.5128717397,0.6700698733,0.9119851874,9.079978943,3.74756217,192.4132074,0,false,false,daofind,,0,None,false,low_snr
1757,80.04953772,68.82920788,80.54388735,420.7727071,0.1914189917,14.98056793,2.178311298,0.8562113382,0.04404284805,1.029325136,7.028068542,3.423465967,68.82920788,0,false,false,daofind,,0,None,false,low_snr;too_elongated
1758,645.6060213,1731.166478,78.19187346,445.3638871,0.1755685086,22.45280457,1.753126688,0.6646555674,0.2374799848,0.09168985964,9.213862419,3.623478174,187.8335218,0,false,false,daofind,,0,None,false,low_snr
1759,1670.69181,1330.450928,78.09456529,481.4785859,0.1621973803,12.14201927,2.382499054,0.5687306357,0.134778589,-0.2311117951,9.500829697,3.917131662,588.5490722,0,false,false,daofind,,0,None,false,low_snr
1760,2282.751717,208.2615151,77.93573499,473.6580739,0.164540075,17.38429642,1.989104264,0.777226923,-0.7895359397,-0.2043257207,9.282369614,3.853040218,208.2615151,0,false,false,daofind,,0,None,false,low_snr
1761,1.076054425,1681.735509,77.5588973,299.7316155,0.2587611493,11.27089691,2.464361209,0.5903359665,0.6674239635,-0.05995444141,6.395266056,3.125267267,1.076054425,0,false,true,daofind,,0,None,false,low_snr;too_close_to_edge
1762,2055.284673,1052.061118,76.93637477,470.9870194,0.1633513698,16.36575508,2.036880851,0.680509261,0.304620564,-0.2673880234,9.30091095,3.83170414,503.7153271,0,false,false,daofind,,0,None,false,low_snr
1763,277.1841736,1566.601381,75.64236538,474.1276031,0.1595401004,23.5954361,1.682040065,0.8124549464,0.2812309265,0.1628267516,9.737896919,3.856125355,277.1841736,0,false,false,daofind,,0,None,false,low_snr
1764,1724.236277,1053.125327,72.53180225,492.9904421,0.1471261835,22.07596016,1.702833649,0.8706256505,0.3262875676,-0.1786502357,9.590705872,4.012746811,834.7637229,0,false,false,daofind,,0,None,false,low_snr
1765,137.8251254,1458.79003,72.24696092,426.0448951,0.1695759338,18.49300003,1.856837491,0.9142190586,-0.2436234504,0.3560408334,8.840333939,3.465517998,137.8251254,0,false,false,daofind,,0,None,false,low_snr
1766,662.6748384,1193.243123,72.23054262,459.4860213,0.1571985638,27.86027908,1.51263971,0.7833528888,0.3769090474,-0.2436512986,9.809257507,3.737894058,662.6748384,0,false,false,daofind,,0,None,false,low_snr
1767,1630.950555,936.7991256,71.84991084,517.7238412,0.1387803789,32.81070709,1.390186644,0.9645585184,0.0320555307,-0.1185898967,9.522625923,4.213370323,928.0494455,0,false,false,daofind,,0,None,false,low_snr
1768,1746.039725,71.13918873,71.50948059,418.5159631,0.170864404,14.57981491,2.08052815,0.553614386,-0.4823697805,-0.04705184844,7.420184612,3.403377056,71.13918873,0,false,false,daofind,,0,None,false,low_snr
1769,2322.438534,812.6012741,71.03724926,449.2714395,0.1581165483,17.31331444,1.902920959,0.8116237228,0.6282756925,0.3221500645,9.690224648,3.656332731,236.5614658,0,false,false,daofind,,0,None,false,low_snr
1770,2024.501497,74.80971472,69.9354015,449.5354114,0.1555726195,22.71463013,1.648403361,0.9199474437,0.2542573214,0.08782000375,8.285368919,3.659080267,74.80971472,0,false,false,daofind,,0,None,false,low_snr
1771,2395.974353,1380.694726,69.10292172,468.6236818,0.1474593035,14.42673111,2.056042209,0.5166157873,-0.4244607389,-0.007976499503,9.57326889,3.811427355,163.0256473,0,false,false,daofind,,0,None,false,low_snr
1772,431.5832219,1187.539906,68.92471452,434.6636006,0.158570247,15.98934555,1.950472959,0.8495867211,0.1936581284,0.2710073252,9.010058403,3.535309792,431.5832219,0,false,false,daofind,,0,None,false,low_snr
1773,1261.670203,685.2831541,67.29937931,458.5963191,0.1467508057,22.73069,1.616467621,0.9594625621,-0.9799730778,0.1429426481,9.602642059,3.729400635,685.2831541,0,false,false,daofind,,0,None,false,low_snr
1774,1414.824275,425.4673745,66.50479861,463.2593388,0.1435584629,17.30863571,1.841462429,0.7955761903,0.1345686018,0.7222910979,9.358031273,3.768424511,425.4673745,0,false,false,daofind,,0,None,false,low_snr
1775,1398.984882,1184.568959,65.53713755,462.439481,0.1417204634,24.25864792,1.544109975,0.9785534171,-0.5136258006,0.06385430838,9.405752182,3.761551857,734.4310413,0,false,false,daofind,,0,None,false,low_snr
1776,1332.473565,745.2766758,65.47322185,466.5778362,0.1403264724,18.46014404,1.769221072,0.6959691435,-0.9855594635,-0.01123268583,9.541563034,3.792234182,745.2766758,0,false,false,daofind,,0,None,false,low_snr
1777,1.858864773,1742.860893,64.83442335,334.501751,0.1938238684,27.83333206,1.43379815,1.338062446,-0.2498810589,-0.1448670456,5.5,3.351006985,1.858864773,0,false,true,daofind,,0,None,false,low_snr;too_close_to_edge;not_star_like
1778,1485.937564,1565.733165,64.71344152,461.1853556,0.1403198101,13.57030773,2.051493712,0.5247213395,0.1961811781,-0.3262594623,10.09156895,3.75113678,353.2668349,0,false,false,daofind,,0,None,false,low_snr
1779,1991.052752,1541.218528,64.55328348,455.7746586,0.1416342095,14.87135696,1.957274146,0.6851098972,-0.3782904744,-0.4413769043,9.467682838,3.707185745,377.7814722,0,false,false,daofind,,0,None,false,low_snr
1780,113.1514826,851.9801301,64.51627809,427.2585063,0.1510005702,19.85788727,1.693307851,0.8031412652,0.2296574265,0.3335464254,8.808657646,3.469602823,113.1514826,0,false,false,daofind,,0,None,false,low_snr
1781,1662.789399,456.2897464,63.73282592,474.9536164,0.1341874737,17.67485428,1.783903907,0.8068129582,0.5607253909,0.02211373518,9.993311882,3.863540173,456.2897464,0,false,false,daofind,,0,None,false,low_snr
1782,1653.859887,1895.135833,61.4002181,446.9218097,0.1373846985,14.85151768,1.910149365,0.9929792418,0.1138935164,0.3228542747,6.815148354,3.635806799,23.86416672,0,false,false,daofind,,0,None,false,low_snr
1783,47.6063332,65.64276308,61.08688505,398.1222566,0.1534375033,27.61165619,1.397318958,1.00623819,0.04091372341,0.2473461494,6.721675873,3.239999056,47.6063332,0,false,false,daofind,,0,None,false,low_snr;not_star_like
1784,1574.04751,489.4384132,61.00696465,481.9187962,0.1265917933,11.9471283,2.122881415,0.514117747,0.2665252686,0.05555841829,9.718585014,3.921173811,489.4384132,0,false,false,daofind,,0,None,false,low_snr
1785,2386.192806,134.850693,59.56437961,440.7560285,0.1351413838,26.44463539,1.409912982,1.077217732,0.2348434627,-0.1440449968,9.222032547,3.58565259,134.850693,0,false,false,daofind,,0,None,false,low_snr;not_star_like
1786,316.1617034,1673.2122,59.15428547,483.194196,0.1224234189,23.23513412,1.498953996,0.9724066974,-0.3178364933,-0.1132576998,10.09819794,3.930454731,245.7878003,0,false,false,daofind,,0,None,false,low_snr
1787,868.1944925,1192.683884,59.00741725,469.7305884,0.1256197035,34.63265228,1.22624773,0.9607693767,0.03157168999,0.08938128544,9.700677872,3.821060896,726.3161158,0,false,false,daofind,,0,None,false,low_snr
1788,1587.581465,13.4685839,57.92087621,400.4503103,0.1446393591,10.94534779,2.161078629,0.535835879,0.5241131783,-0.3433780048,5.711366653,3.255139828,13.4685839,0,false,true,daofind,,0,None,false,low_snr
1789,1598.361921,1314.975308,57.8498061,465.5512263,0.1242608822,35.97857666,1.191233106,0.9037450618,-0.1751191169,0.1612887727,9.354757309,3.786935806,604.0246924,0,false,false,daofind,,0,None,false,low_snr
1790,1634.093573,672.4367241,56.6447016,519.3631558,0.1090656913,34.33270645,1.206683617,0.9011567532,0.1100803688,0.4411921272,9.667293549,4.227294922,672.4367241,0,false,false,daofind,,0,None,false,low_snr
1791,873.4508268,307.6383442,55.47996717,456.8932096,0.1214287409,29.38002396,1.290951168,0.8350367417,-0.05767418444,-0.4493197027,9.623444557,3.717703581,307.6383442,0,false,false,daofind,,0,None,false,low_snr
1792,1574.263492,1792.62508,55.24629336,454.6055541,0.1215257774,14.22084904,1.851640193,0.6558352095,0.3833910227,-0.1588024547,8.445816994,3.698487997,126.3749197,0,false,false,daofind,,0,None,false,low_snr
1793,217.5874396,1809.773312,55.11915808,521.7094756,0.105651058,32.56370163,1.222227903,0.7964645976,-0.100722529,-0.03178606941,9.769630432,4.247698784,109.2266883,0,false,false,daofind,,0,None,false,low_snr
1794,1320.01065,1845.90192,53.93954328,429.598733,0.1255579664,22.18189621,1.464947591,0.9394424913,0.2338016778,0.1772467697,7.484770775,3.495063543,73.09808009,0,false,false,daofind,,0,None,false,low_snr
1795,2353.298002,1637.903168,53.13565862,469.0815027,0.1132759623,28.18317413,1.289929194,0.8564130839,-0.6640421748,-0.1832188677,10.16033745,3.816533804,205.7019976,0,false,false,daofind,,0,None,false,low_snr
1796,2467.32571,702.9472413,53.07766677,470.0046739,0.1129300829,19.77004433,1.539287987,0.705106917,-0.19378075,-0.2140476095,8.563289642,3.824668884,91.67428988,0,false,false,daofind,,0,None,false,low_snr
1797,237.731331,1012.27636,52.37421822,454.2685919,0.1152935051,14.08299637,1.81166975,0.55346071,0.7959696054,0.5879604233,9.92680645,3.696474552,237.731331,0,false,false,daofind,,0,None,false,low_snr
1798,2260.309522,149.7212737,51.99212896,439.7186398,0.1182395383,19.71107101,1.525743327,0.9440905987,0.1841451824,0.1065274098,9.288928032,3.575750113,149.7212737,0,false,false,daofind,,0,None,false,low_snr
1799,873.554794,642.8735221,51.84027371,475.2770952,0.1090737892,20.92381477,1.478703155,0.7547648274,0.8169094324,0.3957558766,10.08080959,3.867025852,642.8735221,0,false,false,daofind,,0,None,false,low_snr
1800,362.5315897,1580.087079,51.82070258,471.6355777,0.1098744561,20.76127243,1.484200093,0.9435164605,0.5790702701,0.02805660793,9.573472977,3.837089062,338.912921,0,false,false,daofind,,0,None,false,low_snr
1801,1150.138915,1429.277021,51.37748991,434.2559823,0.1183115305,32.37628937,1.183424878,0.7033799679,0.05593001097,0.3510843231,9.623708725,3.530480385,489.7229794,0,false,false,daofind,,0,None,false,low_snr
1802,624.5469202,507.0480273,51.33583243,460.4940196,0.1114799112,15.46869755,1.711398788,0.5848868568,-0.0985031426,-0.586327737,9.864636421,3.746513844,507.0480273,0,false,false,daofind,,0,None,false,low_snr
1803,2169.71195,381.9679472,50.72432129,477.2482344,0.1062849847,16.09231949,1.667886867,0.6618843834,0.1904013902,-0.2514401632,9.911596298,3.882591963,381.9679472,0,false,false,daofind,,0,None,false,low_snr
1804,2102.076456,362.6300999,49.45609363,485.9880752,0.1017640065,20.02868462,1.476221346,0.7122939186,0.7747673392,0.01702082861,9.971315384,3.953463793,362.6300999,0,false,false,daofind,,0,None,false,low_snr
1805,1833.867577,893.9166979,48.40111328,481.3822987,0.1005461011,21.65073967,1.404620803,0.7418912166,-0.5089345574,-0.1387211768,9.682594299,3.915388346,725.1324232,0,false,false,daofind,,0,None,false,low_snr
1806,450.617668,1745.284015,47.20564911,458.7738858,0.10289524,22.06778717,1.373995731,0.6457446374,0.06380810589,0.0631348197,8.932211876,3.730298281,173.7159852,0,false,false,daofind,,0,None,false,low_snr
1807,381.6850623,1614.809966,46.69285907,466.5016968,0.1000915096,21.44989586,1.38605489,0.7223869174,0.003108783858,0.2457151941,9.550104141,3.793872595,304.1900341,0,false,false,daofind,,0,None,false,low_snr
1808,1923.907217,1287.613462,45.60019096,466.1982095,0.09781288309,19.3239975,1.443120627,0.7841374708,-0.2223844379,-0.3612796303,9.676242828,3.787477016,631.3865376,0,false,false,daofind,,0,None,false,low_snr
1809,1456.248675,1435.807997,45.05413553,463.9739585,0.09710487992,19.48303032,1.42858757,0.8714813288,0.5102964044,0.3921470097,9.516969681,3.774857998,483.1920026,0,false,false,daofind,,0,None,false,low_snr
1810,534.3725846,1589.316697,44.00195221,475.8579111,0.09246867853,19.12423706,1.424989627,0.7471047046,-0.5155743361,-0.1366280147,9.549030304,3.872685432,329.6833032,0,false,false,daofind,,0,None,false,low_snr
1811,953.4374849,719.7688525,43.94761033,455.8549792,0.09640699858,18.80044174,1.436320621,0.7017038084,-0.3115764856,-0.03475400138,9.539486885,3.707493782,719.7688525,0,false,false,daofind,,0,None,false,low_snr
1812,1617.124691,43.71343932,41.91244645,395.572247,0.105953961,19.15751457,1.389535713,0.9356583306,0.542039156,-0.1089671831,6.175819397,3.217395306,43.71343932,0,false,false,daofind,,0,None,false,low_snr
1813,1179.70453,636.3430079,40.7980491,473.4930915,0.08616397967,40.32236481,0.9449623183,0.8781711678,0.1063836813,-0.3045733625,9.344302177,3.849596024,636.3430079,0,false,false,daofind,,0,None,false,low_snr
1814,1698.619523,633.5496487,39.83663223,499.8169423,0.07970244476,17.63084793,1.412122907,0.4587903312,-0.5699288845,-0.6341428888,9.705758095,4.06695652,633.5496487,0,false,false,daofind,,0,None,false,low_snr
1815,1919.486235,74.15241882,39.33107987,418.928321,0.09388498677,23.12916565,1.225055436,0.8286884283,0.134079501,0.1469160681,7.537500858,3.406206369,74.15241882,0,false,false,daofind,,0,None,false,low_snr
1816,217.0579063,149.1815798,38.20515359,456.568141,0.08367897399,17.40488052,1.391852589,0.9065921331,-0.1114509255,-0.2327525358,8.928452492,3.711102247,149.1815798,0,false,false,daofind,,0,None,false,low_snr
1817,2282.035043,586.6351754,37.80627087,469.4993373,0.08052465227,32.34732819,1.015618266,1.031628179,0.5583028793,0.2511481024,9.986003876,3.817950726,276.9649568,0,false,false,daofind,,0,None,false,low_snr;not_star_like
1818,1775.910582,1852.671261,36.83594987,433.1153141,0.08504882804,7.647130966,2.061837634,0.4003286581,-0.1822453886,-0.05823505607,7.682671547,3.522888184,66.3287388,0,false,false,daofind,,0,None,false,low_snr
1819,1858.100657,1239.478687,36.52100287,465.2866197,0.07849141009,17.23094559,1.36768027,0.7940346271,0.8518954515,0.3727424572,9.435720444,3.783471107,679.5213131,0,false,false,daofind,,0,None,false,low_snr
1820,483.3098561,206.1900626,35.58435893,474.4210338,0.07500586272,18.49502182,1.303076579,0.8317721661,0.8347876072,0.330649145,9.161446571,3.855102777,206.1900626,0,false,false,daofind,,0,None,false,low_snr
1821,2545.095425,1170.36818,35.45905507,447.2234294,0.07928711409,18.14509583,1.313263082,0.8061126493,-0.2733331621,-0.6690531217,8.51380825,3.638032436,13.90457528,0,false,true,daofind,,0,None,false,low_snr
1822,2158.377836,688.9493162,35.19288361,421.8034397,0.08343432106,23.30034447,1.154553456,1.015857253,0.3976504207,-0.2443181951,10.02586365,3.418241262,400.622164,0,false,false,daofind,,0,None,false,low_snr;not_star_like
1823,512.3345179,1392.672574,32.72940851,472.4249222,0.06927959761,21.15431213,1.168523401,0.9456933257,0.6419229507,0.3680982855,9.512354851,3.845095158,512.3345179,0,false,false,daofind,,0,None,false,low_snr
1824,554.8354975,1405.544504,31.08417678,453.7870466,0.06849948011,11.38552856,1.552247168,0.5156692256,0.1160624102,-0.1203670162,9.281137466,3.690232515,513.4554957,0,false,false,daofind,,0,None,false,low_snr
1825,651.5335626,1611.544992,30.70632857,466.2996767,0.06585106125,35.96605682,0.8680311754,1.038277766,0.0407422334,0.009879300363,9.700713158,3.793253422,307.4550076,0,false,false,daofind,,0,None,false,low_snr;not_star_like
1826,870.0165398,1357.795743,29.77212964,454.2596763,0.06553989093,18.53381729,1.190666958,0.8220947061,-0.4461291134,-0.286569638,9.466183662,3.693356037,561.2042569,0,false,false,daofind,,0,None,false,low_snr
1827,1037.850001,1316.660757,27.99359297,483.6787221,0.05787642022,9.747323036,1.592041675,0.3496171962,-0.6728289127,0.4135159214,10.24962044,3.935653925,602.3392431,0,false,false,daofind,,0,None,false,low_snr
1828,2306.223793,1351.33632,26.61473338,469.1999184,0.05672365303,27.93877411,0.9169067641,0.9721092738,-0.3717166781,-0.0145085618,9.727894783,3.817096472,252.7762068,0,false,false,daofind,,0,None,false,low_snr
1829,316.3265072,1622.473588,26.17487209,468.1318058,0.0559134666,21.61787415,1.033721578,0.8356267637,0.3754262328,0.1875582288,9.722167015,3.806539297,296.5264118,0,false,false,daofind,,0,None,false,low_snr
1830,744.243379,1681.037853,25.70837499,461.6745877,0.05568505538,21.59787369,1.024942742,0.8059061811,-0.140204668,-0.1525405194,9.402127266,3.755814314,237.9621466,0,false,false,daofind,,0,None,false,low_snr
1831,725.7856787,1859.304564,25.70481496,436.4312556,0.05889774077,12.14446354,1.366739868,0.412153727,-0.9146975875,0.3483188671,8.18887043,3.549670458,59.69543573,0,false,false,daofind,,0,None,false,low_snr
1832,1508.740711,1267.267464,23.7471624,449.7488293,0.05280094321,20.00345039,1.023578592,0.7343446174,0.3427767754,0.07624360147,9.330094337,3.658120394,651.732536,0,false,false,daofind,,0,None,false,low_snr
1833,532.2125227,344.0537242,21.65689066,486.0421212,0.04455764165,22.71540451,0.9172877723,0.7928179964,0.4031430483,-0.01957282218,9.951264381,3.952336311,344.0537242,0,false,false,daofind,,0,None,false,low_snr
1834,370.5053124,801.3958222,21.05885157,450.3090025,0.04676533548,14.43524742,1.134678996,0.4831563534,0.3121453226,-0.757209367,9.562861443,3.660865068,370.5053124,0,false,false,daofind,,0,None,false,low_snr
1835,1448.908487,1086.43164,20.36696112,468.0501634,0.04351448351,23.3191452,0.8779597247,1.077896563,-0.1803715229,-0.13313536,9.35248661,3.808169842,832.56836,0,false,false,daofind,,0,None,false,low_snr;not_star_like
1836,1631.430606,1706.465373,20.20556559,466.8420632,0.04328137326,13.70972824,1.140483148,0.7387204322,-0.3310571313,0.3220665107,9.288111687,3.798443556,212.5346269,0,false,false,daofind,,0,None,false,low_snr
1837,1871.870863,1491.550139,20.15901272,461.9698215,0.04363707711,12.58368969,1.189045351,0.621056167,0.72696805,0.588094184,9.41631031,3.757849216,427.4498612,0,false,false,daofind,,0,None,false,low_snr
1838,270.0942777,1451.489948,18.04476644,488.9446829,0.03690553773,25.30506134,0.7933041483,0.5761592003,-0.3194284141,0.3257992804,9.694073677,3.977774382,270.0942777,0,false,false,daofind,,0,None,false,low_snr
1839,1725.74747,1378.314752,17.98478651,493.9370344,0.0364110914,30.6282959,0.7198781902,1.089883957,-0.2966215014,-0.3164885462,10.03837109,4.018011093,540.685248,0,false,false,daofind,,0,None,false,low_snr;not_star_like
1840,807.6426774,1312.216055,17.5538399,461.9933916,0.03799586795,24.98487473,0.7874360041,1.001123986,0.04390465841,0.2706935735,9.686767578,3.758637428,606.7839452,0,false,false,daofind,,0,None,false,low_snr;not_star_like
1841,1514.929202,796.4644853,16.70000574,496.4856402,0.03363643253,42.61407471,0.5880978187,1.015829651,0.01511275768,-0.07115079109,10.04464626,4.038443565,796.4644853,0,false,false,daofind,,0,None,false,low_snr;not_star_like
1842,1777.981593,1397.892407,16.14716577,490.9337858,0.03289072018,24.79684448,0.7580847019,0.6069560279,-0.9122126698,-0.1141371162,9.869824409,3.99396348,521.1075933,0,false,false,daofind,,0,None,false,low_snr
1843,517.5348292,1708.198253,16.07700533,507.8873404,0.03165466837,33.11623383,0.6545606561,1.006398873,-0.04907498509,-0.5443142624,9.217097282,4.137440681,210.8017473,0,false,false,daofind,,0,None,false,low_snr;not_star_like
1844,603.4453698,1750.703335,11.59553036,440.5947314,0.02631790518,28.59137154,0.5982677658,0.9355123244,-0.2959373593,-0.1042168627,9.410769463,3.581517696,168.2966652,0,false,false,daofind,,0,None,false,low_snr
1845,580.3323924,1837.980552,10.38606528,454.8328808,0.02283490424,10.4667654,0.9358086789,0.6997258804,-0.05944873393,-0.4464141701,8.549325943,3.702159166,81.01944765,0,false,false,daofind,,0,None,false,low_snr
1846,2041.555998,799.7427793,8.595680455,754.8123312,0.01138783788,18.51063919,0.6401727933,0.5682585258,0.3512574434,-0.497233671,10.15371227,6.173957348,517.4440025,0,false,false,daofind,,0,None,false,low_snr
1847,1744.457889,1795.183913,8.372668841,449.8786062,0.01861095132,11.04197598,0.8180434055,0.411484998,0.2976298034,-0.7306224559,8.293949127,3.66022563,123.816087,0,false,false,daofind,,0,None,false,low_snr
1848,385.3032215,1555.76592,8.110868565,473.3268174,0.01713587371,22.68564224,0.5617278189,0.7006539771,0.3169744015,0.05078390007,9.647689819,3.850394726,363.23408,0,false,false,daofind,,0,None,false,low_snr
1849,1493.86525,677.6806643,7.583735697,430.5223579,0.01761519595,21.7127037,0.5552038018,0.5311099637,0.147976324,-0.7943270114,9.620629311,3.500071287,677.6806643,0,false,false,daofind,,0,None,false,low_snr
1850,2021.936894,744.5165277,6.265848306,529.2718869,0.01183861917,32.96628189,0.4095649131,1.227111608,0.1800263971,-0.05095734325,9.700385094,4.308425903,537.0631057,0,false,false,daofind,,0,None,false,low_snr;not_star_like
1851,1487.229227,1049.28726,5.136082404,475.2309923,0.01080754935,32.45170212,0.3737360927,0.8739809366,-0.3519763649,-0.3715164797,9.543326378,3.865269899,869.7127396,0,false,false,daofind,,0,None,false,low_snr
1852,944.6131027,870.8074715,1.588592005,462.8456526,0.003432228424,21.96712112,0.2526314436,0.7677135932,0.7028654218,-0.2846709541,9.699543953,3.764451504,870.8074715,0,false,false,daofind,,0,None,false,low_snr
1853,476.8254575,1677.110748,0.6784329253,490.2345726,0.001383894493,17.2040081,0.1865548005,0.7280079121,0.1849933565,-0.258385137,9.462657928,3.989527941,241.8892518,0,false,false,daofind,,0,None,false,low_snr
1854,2282.642005,628.7799874,0.5928446096,462.6487355,0.001281414093,10.04005051,0.2282812694,0.4800883256,-0.9670978785,0.4256141954,9.959104538,3.764236689,276.3579946,0,false,false,daofind,,0,None,false,low_snr
1855,270.0048744,503.6220039,0.5096311234,486.6942539,0.001047127882,28.31302261,0.1260383309,1.268900861,-0.1071255505,0.2534300326,10.02030849,3.959495068,270.0048744,0,false,false,daofind,,0,None,false,low_snr;not_star_like
1856,294.8148306,170.3950757,0.2052431336,493.5274201,0.0004158697678,20.5454216,0.09389545687,0.7116397647,0.01843460836,-0.3032814995,9.121243477,4.01932621,170.3950757,0,false,false,daofind,,0,None,false,low_snr
1857,1526.617552,1286.318451,-2.539930077,454.3374747,-0.005590404091,27.33576584,,0.9095176868,0.09714836627,-0.05396782147,9.331758499,3.696584463,632.6815487,0,false,false,daofind,,0,None,false,low_snr
1858,22.91588969,266.9429217,-2.731811323,454.4261728,-0.006011562465,12.96510124,,0.7315113315,-0.1394050717,-0.3449941923,6.70863533,3.697251558,22.91588969,0,false,false,daofind,,0,None,false,low_snr
1859,2202.386947,1070.958794,-3.525048747,474.8117301,-0.007424097855,34.98352432,,0.8668858669,0.6056793928,0.06131927924,9.349807739,3.865456581,356.6130528,0,false,false,daofind,,0,None,false,low_snr
1860,311.9315828,934.8672039,-3.56803461,457.9339739,-0.007791591831,19.47171402,,0.9366749342,-0.7542501092,-0.05869130511,9.863362312,3.72571063,311.9315828,0,false,false,daofind,,0,None,false,low_snr
1861,271.9235071,1759.236584,-4.396027909,513.7929164,-0.008556030588,17.58174896,,0.5842378243,0.420653075,-0.8983426442,10.41372299,4.179019928,159.763416,0,false,false,daofind,,0,None,false,low_snr
1862,298.2042975,474.6684815,-7.663808535,476.7865693,-0.01607387672,26.64796257,,0.7634901748,0.5439754725,0.1897010471,10.01870537,3.875643492,298.2042975,0,false,false,daofind,,0,None,false,low_snr
1863,528.7516586,910.6376179,-7.664784868,449.2567154,-0.01706103572,27.4667778,,0.9437451209,-0.2098172158,0.1731361637,9.533694267,3.654256105,528.7516586,0,false,false,daofind,,0,None,false,low_snr
1864,1857.934175,535.9387101,-8.920910476,466.8631948,-0.01910818967,14.15319729,,0.4264897307,0.4103954136,0.5758487697,9.513468742,3.798293352,535.9387101,0,false,false,daofind,,0,None,false,low_snr
1865,1618.701369,1763.562967,-9.968969936,458.8468985,-0.0217261356,9.975869179,,0.4026255924,-0.02890877612,0.1801554243,9.017537117,3.732707024,155.4370334,0,false,false,daofind,,0,None,false,low_snr
1866,1772.021658,1616.031973,-10.92863629,481.0709192,-0.0227173081,37.62108994,,0.931754631,-0.1620168984,0.08813983527,9.712242126,3.913592577,302.9680265,0,false,false,daofind,,0,None,false,low_snr
1867,447.1763748,1794.31346,-11.16799995,469.9196855,-0.02376576317,12.37088585,,0.7406997796,0.8527373672,-0.2211072069,8.96244812,3.820133686,124.6865396,0,false,false,daofind,,0,None,false,low_snr
1868,1462.38709,1296.800605,-11.98580434,447.7110885,-0.02677129213,21.01732254,,0.6983093519,-0.6338850856,0.6840096559,9.317090034,3.641999722,622.1993955,0,false,false,daofind,,0,None,false,low_snr
1869,1700.692813,199.5912671,-13.06051332,456.1867054,-0.02862975437,19.34393883,,0.6797952854,0.4356111884,0.1824982393,8.656061172,3.710847139,199.5912671,0,false,false,daofind,,0,None,false,low_snr
1870,1949.573492,1746.012249,-13.95900735,479.0606118,-0.02913829066,22.86606598,,0.7903782462,-0.2426189035,0.1322634817,9.467267036,3.897928238,172.9877508,0,false,false,daofind,,0,None,false,low_snr
1871,618.8370389,1413.084937,-14.32032925,444.232795,-0.03223609201,33.53696442,,0.9690208468,0.4350161254,0.2649668296,9.463037491,3.613330841,505.9150634,0,false,false,daofind,,0,None,false,low_snr
1872,1901.92843,1772.306706,-14.92769085,462.7270918,-0.03226024825,25.62546349,,1.044167918,0.5933446288,0.05130779539,8.374536514,3.766881704,146.6932944,0,false,false,daofind,,0,None,false,low_snr;not_star_like
1873,126.5335238,1606.58399,-15.57209954,437.0618054,-0.03562905601,32.54621124,,1.176653391,0.1167453006,-0.3124126263,8.787122726,3.556050777,126.5335238,0,false,false,daofind,,0,None,false,low_snr;not_star_like
1874,458.1985525,1204.078415,-15.83426759,440.0130078,-0.03598590794,34.25450897,,0.9076250616,-0.2251525074,0.0613329552,9.078824997,3.57728076,458.1985525,0,false,false,daofind,,0,None,false,low_snr
1875,499.0056779,1591.846016,-19.09185231,479.9772946,-0.03977657386,11.07080555,,0.4008300304,-0.7868915796,-0.1060434066,9.595860481,3.904340029,327.1539843,0,false,false,daofind,,0,None,false,low_snr
1876,2349.113124,769.2678969,-19.63906873,448.3391143,-0.04380404944,18.55448723,,0.7159287839,0.3088660538,0.0433678771,9.785778999,3.648004055,209.886876,0,false,false,daofind,,0,None,false,low_snr
1877,1505.394774,444.7650912,-19.73725495,469.6166033,-0.04202844366,13.34781742,,0.5671051024,0.1085996032,-0.6806525122,9.318509102,3.820004225,444.7650912,0,false,false,daofind,,0,None,false,low_snr
1878,1284.71135,223.4837676,-20.81058414,467.2932725,-0.04453431145,20.41751289,,0.709063141,0.04921367764,-0.8133638665,9.583790779,3.801257849,223.4837676,0,false,false,daofind,,0,None,false,low_snr
1879,2202.079828,1657.378711,-22.15970476,477.1539754,-0.04644141284,20.33900261,,0.6601923983,0.04562235251,-0.03667731608,10.00275898,3.882244587,261.6212886,0,false,false,daofind,,0,None,false,low_snr
1880,1631.34314,246.9861943,-22.52170468,463.7429268,-0.04856506349,14.73520374,,0.6105765782,0.9999057055,0.2107871805,9.598130226,3.769390345,246.9861943,0,false,false,daofind,,0,None,false,low_snr
1881,2494.690808,509.1392867,-23.91904618,459.0183269,-0.05210913112,12.91200733,,0.6898213198,0.07694006711,-0.1727847661,9.086928368,3.734089136,64.30919216,0,false,false,daofind,,0,None,false,low_snr
1882,2016.955833,1530.582869,-24.2530337,457.9045496,-0.0529652604,12.69213772,,0.4942422064,0.4627359211,0.1893770511,9.641196251,3.723543167,388.4171309,0,false,false,daofind,,0,None,false,low_snr
1883,1377.67794,790.5970921,-24.45767234,468.7274648,-0.05217887617,31.41153717,,1.023100477,0.6021838188,0.2331747816,9.921794891,3.808903217,790.5970921,0,false,false,daofind,,0,None,false,low_snr;not_star_like
1884,670.2307801,467.3504036,-25.1857402,453.4046183,-0.05554804514,17.12410355,,0.7270663267,-0.4713784158,0.3807903854,9.8758955,3.684869051,467.3504036,0,false,false,daofind,,0,None,false,low_snr
1885,1509.11017,1882.954373,-25.21915275,405.0292019,-0.06226502344,14.43570232,,0.7803237448,-0.9744229913,-0.9028507973,6.562793732,3.293011904,36.0456273,0,false,false,daofind,,0,None,false,low_snr
1886,69.3169954,1201.052674,-25.87793349,434.0082487,-0.05962544162,20.41036606,,0.9194606104,-0.3448425531,-0.06230916989,6.589634895,3.530444622,69.3169954,0,false,false,daofind,,0,None,false,low_snr
1887,2167.916071,632.7385598,-26.19051709,465.7472617,-0.0562333249,9.839759827,,0.5470853061,-0.1385787874,-0.1763534695,9.493574142,3.789897203,391.083929,0,false,false,daofind,,0,None,false,low_snr
1888,283.1179975,328.6848259,-28.01391601,492.9227303,-0.05683226657,23.64633369,,0.7920192815,0.5762246251,0.01641087525,10.35366631,4.009805202,283.1179975,0,false,false,daofind,,0,None,false,low_snr
1889,817.6542815,873.3245913,-28.04229169,476.350511,-0.05886902825,35.54544449,,0.8173844631,-0.3186990619,-0.103421132,9.454554558,3.874720812,817.6542815,0,false,false,daofind,,0,None,false,low_snr
1890,1850.804891,235.8882219,-28.05369666,464.1607951,-0.06043960835,24.31439209,,0.8211531407,0.1834961921,-0.2439297035,9.352275848,3.77656126,235.8882219,0,false,false,daofind,,0,None,false,low_snr
1891,2374.722888,569.81427,-28.10541646,462.3011857,-0.06079460173,26.22093964,,1.022081324,0.3354710937,-0.2051493572,9.77905941,3.760426998,184.2771124,0,false,false,daofind,,0,None,false,low_snr;not_star_like
1892,1446.201399,357.4721362,-28.38553926,471.8763043,-0.06015461892,21.08532524,,0.8502347165,0.4921696186,0.2430609221,9.591788292,3.839648962,357.4721362,0,false,false,daofind,,0,None,false,low_snr
1893,2242.636935,1085.322612,-28.71628973,438.980692,-0.06541583776,25.46935654,,1.030409156,0.1415082067,-0.2068697835,9.537577629,3.566426754,316.3630646,0,false,false,daofind,,0,None,false,low_snr;not_star_like
1894,1572.855222,534.7659887,-28.76974304,481.702562,-0.05972511942,26.63406372,,0.7390850176,0.2093565017,0.3753387262,9.699267387,3.919859648,534.7659887,0,false,false,daofind,,0,None,false,low_snr
1895,1454.68623,800.0803131,-30.46004297,499.9846312,-0.06092195854,29.36160088,,0.9508017942,0.2822018862,0.04327229702,9.971731186,4.070065975,800.0803131,0,false,false,daofind,,0,None,false,low_snr
1896,1420.406604,217.9479022,-30.89575306,477.3468641,-0.06472390496,36.02322769,,0.9430283615,0.110196732,0.1780133274,9.976771355,3.885997772,217.9479022,0,false,false,daofind,,0,None,false,low_snr
1897,1381.263561,38.54950267,-30.98577501,391.2746744,-0.07919187476,9.207605362,,0.4977812024,0.09597855061,-0.2028834655,6.792394161,3.182569742,38.54950267,0,false,false,daofind,,0,None,false,low_snr
1898,208.0701843,437.9960663,-31.50455582,477.0780335,-0.06603648377,21.8139534,,0.5870131644,-0.302616328,-0.01608493888,9.852711678,3.880556583,208.0701843,0,false,false,daofind,,0,None,false,low_snr
1899,2005.739346,776.8566193,-31.90455575,527.3669798,-0.06049782595,17.55731964,,0.7119166483,-0.00948375091,0.2197774652,10.10934639,4.280879974,553.2606538,0,false,false,daofind,,0,None,false,low_snr
1900,2550.543195,51.3757824,-32.62100586,407.9260363,-0.07996794262,12.95469856,,0.6250308127,0.4062512219,0.4439004421,6.712497234,3.325347185,8.456805271,0,false,true,daofind,,0,None,false,low_snr;too_close_to_edge
1901,1651.7807,530.1979311,-32.93194856,482.0589491,-0.06831518972,10.1103344,,0.5977326158,-0.539037168,-0.2808939058,9.892668724,3.921848297,530.1979311,0,false,false,daofind,,0,None,false,low_snr
1902,426.1681457,1098.433869,-33.81852695,453.3217433,-0.07460159909,11.68925571,,0.699241811,-0.600821197,0.3272111614,8.977410316,3.68898344,426.1681457,0,false,false,daofind,,0,None,false,low_snr
1903,95.28768403,1616.87398,-34.47038848,428.1330662,-0.08051325907,15.33031845,,0.5381536955,0.4701329172,0.4992625118,7.669682026,3.482295275,95.28768403,0,false,false,daofind,,0,None,false,low_snr
1904,2032.110614,1666.865295,-34.52409407,478.0729158,-0.07221512227,13.12770367,,0.4087711781,-0.7454914451,-0.2598125381,9.872296333,3.888882399,252.1347051,0,false,false,daofind,,0,None,false,low_snr
1905,1920.972863,1563.493703,-34.83460273,455.1194291,-0.07653947623,12.02174187,,0.8544953602,-0.1416470706,-0.3200172346,9.312228203,3.701595068,355.5062967,0,false,false,daofind,,0,None,false,low_snr
1906,1274.004952,1914.852596,-34.85994254,383.8493311,-0.09081673384,15.29270935,,0.5857998499,-0.09220776707,0.163115248,7.040624619,3.481270552,4.147404349,0,false,true,daofind,,0,None,false,low_snr;too_close_to_edge
1907,1080.012962,1335.321079,-35.63817906,473.185261,-0.07531548846,26.17460251,,0.8654327322,0.04700792581,0.2121864186,10.15873051,3.851161957,583.6789206,0,false,false,daofind,,0,None,false,low_snr
1908,125.9074605,1632.763612,-36.04575711,439.3712227,-0.08203941279,22.73405457,,1.025946752,0.3607749045,0.2594349729,8.599279404,3.574172974,125.9074605,0,false,false,daofind,,0,None,false,low_snr;not_star_like
1909,2554.310018,1686.297874,-36.79713926,415.5058156,-0.08855986576,17.76836777,,0.8832243251,0.2178725302,0.3444668946,8.898298264,3.696477175,4.689981606,0,false,true,daofind,,0,None,false,low_snr;too_close_to_edge
1910,694.9795409,649.7409686,-37.63842888,456.9709944,-0.08236502829,17.21934319,,0.6521558743,0.26078403,0.1350883006,9.448929787,3.717752695,649.7409686,0,false,false,daofind,,0,None,false,low_snr
1911,934.4253709,463.8780747,-37.77746677,467.3699726,-0.08082989705,19.92874146,,0.7967428477,-0.1311296225,0.1724860028,10.07125759,3.799782276,463.8780747,0,false,false,daofind,,0,None,false,low_snr
1912,782.0741249,1713.001594,-38.06450318,452.7498174,-0.0840740332,22.50551987,,0.8122120887,-0.2617479861,-0.04502801532,8.827814102,3.683169365,205.9984055,0,false,false,daofind,,0,None,false,low_snr
1913,76.98672397,409.63504,-40.13928037,431.9072899,-0.09293494533,15.13862896,,0.7956957474,-0.5643476248,-0.1207692238,7.19481802,3.510906696,76.98672397,0,false,false,daofind,,0,None,false,low_snr
1914,1780.019692,916.5396859,-40.81848953,479.7739414,-0.08507858808,41.23924255,,1.0717967,-0.1623253673,-0.4830744725,9.427423477,3.904236317,778.980308,0,false,false,daofind,,0,None,false,low_snr;not_star_like
1915,1044.369749,623.6239324,-42.33569949,493.0034202,-0.08587303404,25.31807327,,0.7674998681,-0.6636405587,0.1321657193,9.348593712,4.011034489,623.6239324,0,false,false,daofind,,0,None,false,low_snr
1916,497.0887984,1231.927211,-42.77957211,454.1992857,-0.09418678861,23.7022438,,0.8544110407,-0.1494504958,-0.2326869779,9.295911789,3.694587469,497.0887984,0,false,false,daofind,,0,None,false,low_snr
1917,978.4721092,274.6227133,-44.2742554,452.1142531,-0.09792713919,16.82650757,,0.7298115927,-0.4029196799,0.5854824222,9.506827354,3.677987099,274.6227133,0,false,false,daofind,,0,None,false,low_snr
1918,2302.094925,1626.278326,-45.62086309,475.6251169,-0.09591769119,29.54712486,,0.710102847,0.1843918562,0.2097361364,10.45287514,3.870297909,256.9050754,0,false,false,daofind,,0,None,false,low_snr
1919,1875.893038,1853.098812,-46.2271734,422.7159524,-0.1093575323,25.82307625,,0.8756372722,0.1339609027,0.2363254915,7.51025629,3.436715126,65.90118849,0,false,false,daofind,,0,None,false,low_snr
1920,1658.466761,1410.447965,-47.39179691,489.7453385,-0.09676824502,23.59741592,,0.8146685163,-0.4449328184,0.09613340721,10.07123184,3.983682632,508.5520352,0,false,false,daofind,,0,None,false,low_snr
1921,45.14187788,1860.32208,-47.67551928,411.4604955,-0.1158690076,9.847976685,,0.9903339851,-0.9292174578,0.1283959454,5.818689823,3.345909595,45.14187788,0,false,false,daofind,,0,None,false,low_snr
1922,2171.726048,954.5852157,-47.68340236,501.7938969,-0.09502587149,27.57216454,,0.7743597551,0.4715692103,0.3879880563,9.756587029,4.082782269,387.2739518,0,false,false,daofind,,0,None,false,low_snr
1923,164.6063702,1479.830584,-48.23620215,447.3118062,-0.1078357456,21.48582458,,0.8322962339,-0.987513423,-0.1814141733,9.868533134,3.640658379,164.6063702,0,false,false,daofind,,0,None,false,low_snr
1924,646.2144105,580.6005592,-48.76439032,454.8417389,-0.1072117753,17.64380264,,0.6592842409,-0.6539584398,-0.1590922719,9.691144943,3.700416327,580.6005592,0,false,false,daofind,,0,None,false,low_snr
1925,504.0518894,723.6335135,-49.47215762,483.5403146,-0.1023123742,33.25874329,,1.02464326,-0.2486111522,-0.2173135779,9.734762192,3.931783915,504.0518894,0,false,false,daofind,,0,None,false,low_snr;not_star_like
1926,1275.141252,540.1521047,-49.99939978,458.6520388,-0.109013796,12.46641254,,0.4743710217,-0.713967979,0.4100627328,9.533587456,3.732165575,540.1521047,0,false,false,daofind,,0,None,false,low_snr
1927,1085.559558,1366.22761,-50.76875028,457.026891,-0.1110848208,35.09421158,,0.9181422997,0.2761644423,-0.1050107286,9.905787468,3.715483189,552.7723903,0,false,false,daofind,,0,None,false,low_snr
1928,927.3830912,722.7189275,-51.36560396,455.3263673,-0.1128105193,28.6754055,,0.9279710076,0.2212199569,0.1040359699,9.657926559,3.703237057,722.7189275,0,false,false,daofind,,0,None,false,low_snr
1929,1166.401266,1711.841686,-52.22804045,475.7135611,-0.1097888408,19.74408722,,0.8115001159,-0.9001494646,-0.4331023423,9.589245796,3.86917901,207.1583142,0,false,false,daofind,,0,None,false,low_snr
1930,1458.526698,974.9252821,-52.48161895,478.8051889,-0.1096095451,19.92189026,,0.7584689659,-0.5433633327,0.2485869271,9.744774818,3.895386696,944.0747179,0,false,false,daofind,,0,None,false,low_snr
1931,2283.069288,1109.510192,-52.79095611,426.8079463,-0.1236878474,7.449498177,,0.2422214897,0.8953324556,0.1705414667,9.540290833,3.468729973,275.9307116,0,false,false,daofind,,0,None,false,low_snr
1932,2260.947176,174.2933449,-53.09642874,449.5011382,-0.1181230129,10.38351727,,0.5589028788,-0.9812355638,-0.3479344077,9.28769207,3.653990984,174.2933449,0,false,false,daofind,,0,None,false,low_snr
1933,1289.027311,1053.511218,-53.78859795,444.4298274,-0.1210283258,28.16231155,,0.6783642425,0.3164803088,-0.1614125016,9.8376894,3.602937698,865.4887818,0,false,false,daofind,,0,None,false,low_snr
1934,1933.951483,1018.771026,-54.38409394,455.1623426,-0.1194828501,24.66135788,,0.6263935357,-0.8543197513,-0.2868887762,9.33864212,3.701179504,625.0485171,0,false,false,daofind,,0,None,false,low_snr
1935,1635.532153,1125.069054,-54.50124172,469.3329805,-0.1161248921,19.6948967,,0.7859635392,-0.3501006365,0.173468607,9.638438225,3.817054987,793.9309456,0,false,false,daofind,,0,None,false,low_snr
1936,2470.91251,1419.660275,-55.73379405,494.9607516,-0.1126024516,21.46362305,,0.8208208861,0.3478876054,0.2487187526,8.869711876,4.028810978,88.08748988,0,false,false,daofind,,0,None,false,low_snr
1937,1109.576488,1506.818116,-57.10964644,448.0437785,-0.1274644336,15.332757,,0.7363571022,-0.2587441504,0.1488735359,9.667243004,3.644808292,412.1818839,0,false,false,daofind,,0,None,false,low_snr
1938,1722.07083,92.59091086,-57.49375852,428.0084921,-0.1343285462,7.990957737,,0.5658342861,-0.6984371543,-0.1466942657,7.675709248,3.482244253,92.59091086,0,false,false,daofind,,0,None,false,low_snr
1939,1765.828175,351.3976645,-58.88774429,458.4246923,-0.1284567461,19.34937668,,0.7482722419,0.1444889456,0.1759920798,9.317288399,3.728947401,351.3976645,0,false,false,daofind,,0,None,false,low_snr
1940,2344.043764,1272.323656,-61.0759984,468.0682959,-0.1304852282,38.98068237,,1.102734354,-0.08132071793,-0.1595967581,9.685987473,3.808382988,214.9562362,0,false,false,daofind,,0,None,false,low_snr;not_star_like
1941,834.4274289,45.63471952,-61.30887349,440.0621739,-0.1393186625,11.55033684,,0.854305483,0.1017107368,-0.3994892643,6.11632967,3.583601952,45.63471952,0,false,false,daofind,,0,None,false,low_snr
1942,642.0592115,1891.001103,-61.35258791,437.2618864,-0.1403108522,18.43805313,,0.9334570945,-0.6635892987,0.3590117926,7.895281315,3.556984663,27.99889702,0,false,false,daofind,,0,None,false,low_snr
1943,297.8205842,1348.946912,-62.6209558,478.4631029,-0.1308793832,38.3772049,,0.9130522639,-0.1546447277,-0.0744016153,9.622796059,3.891789675,297.8205842,0,false,false,daofind,,0,None,false,low_snr
1944,1137.74696,540.1179789,-62.86555591,472.2580031,-0.1331169731,15.29192543,,0.543650517,0.4409863651,-0.2374394039,9.70807457,3.842173338,540.1179789,0,false,false,daofind,,0,None,false,low_snr
1945,1387.880871,969.0428229,-63.13095198,465.0703943,-0.1357449383,9.968947411,,0.549949438,-0.2041220218,0.2465838885,9.69771862,3.779393196,949.9571771,0,false,false,daofind,,0,None,false,low_snr
1946,76.41383838,1471.413539,-63.82795381,419.5921851,-0.1521190243,24.14809418,,1.145293958,0.2536862195,-0.006561227886,6.851905823,3.41240859,76.41383838,0,false,false,daofind,,0,None,false,low_snr;not_star_like
1947,1611.302099,1593.39488,-64.08158078,467.2668076,-0.1371413072,26.87171936,,0.9853085119,0.1226925477,0.25781045,9.460734367,3.800617456,325.6051195,0,false,false,daofind,,0,None,false,low_snr
1948,2370.949231,1250.657482,-65.33958977,461.7560165,-0.1415024113,20.44982147,,1.050715442,-0.4059681594,-0.02268163331,9.550178528,3.756085634,188.0507693,0,false,false,daofind,,0,None,false,low_snr;not_star_like
1949,2392.025339,94.16766939,-65.77042869,440.2375848,-0.1493975775,20.5806942,,0.9609569333,0.06873353571,0.1463854436,8.752639771,3.582277536,94.16766939,0,false,false,daofind,,0,None,false,low_snr
1950,1438.511308,737.2482297,-65.78181349,472.5172941,-0.1392156738,31.72366142,,0.9332874913,0.1479351223,-0.06146148295,9.94412899,3.845077753,737.2482297,0,false,false,daofind,,0,None,false,low_snr
1951,1270.073775,1312.83182,-66.51784676,474.3559,-0.1402277209,19.24597931,,0.7513391552,-0.4906298518,-0.330165157,9.420687675,3.858434677,606.1681804,0,false,false,daofind,,0,None,false,low_snr
1952,1013.912435,657.9610194,-66.67881678,490.7308738,-0.1358765473,18.30112457,,0.8669672245,1.120780468,0.4324599041,9.35539341,3.99202919,657.9610194,0,false,false,daofind,,0,None,false,low_snr;too_elongated
1953,1409.227659,1856.488716,-67.09723807,411.4914898,-0.1630586288,16.12309837,,0.723061082,0.08712882549,-0.2018630235,7.210236073,3.349093676,62.51128374,0,false,false,daofind,,0,None,false,low_snr
1954,2266.187825,244.8507775,-68.37038688,494.620136,-0.1382280702,35.799263,,1.331942451,-0.21892111,-0.434425976,9.534070969,4.027123451,244.8507775,0,false,false,daofind,,0,None,false,low_snr;not_star_like
1955,1402.368162,1436.762688,-68.48117506,465.3526629,-0.1471597361,28.78718567,,1.043269567,0.137159884,-0.04420142102,9.879481316,3.78580904,482.2373116,0,false,false,daofind,,0,None,false,low_snr;not_star_like
1956,1386.684818,1835.334921,-68.7738222,423.784934,-0.1622847267,19.60054016,,1.062245533,0.07200393826,-0.3313864338,7.732794285,3.44829464,83.66507857,0,false,false,daofind,,0,None,false,low_snr;not_star_like
1957,2370.727899,1674.660841,-69.64870867,454.8255548,-0.1531327955,29.15773392,,0.9089502431,-0.6245490909,-0.002454139236,9.842266083,3.698724747,188.2721008,0,false,false,daofind,,0,None,false,low_snr
1958,2434.446829,288.4503818,-71.55989407,451.4731028,-0.1585031171,17.82852173,,0.6763945324,-0.1660101861,-0.1121763524,9.171479225,3.672777891,124.5531714,0,false,false,daofind,,0,None,false,low_snr
1959,2102.980885,1723.547518,-71.64231435,492.2168252,-0.1455503158,17.77276039,,0.6489168111,0.227165699,0.370571116,9.557065964,4.003859043,195.4524819,0,false,false,daofind,,0,None,false,low_snr
1960,1706.480764,668.6007338,-71.88061566,502.0241281,-0.1431815955,17.18590164,,0.536963289,-1.075534701,-0.2835277507,9.81560421,4.085626125,668.6007338,0,false,false,daofind,,0,None,false,low_snr;too_elongated
1961,651.8271857,1319.82636,-72.22963188,444.8043382,-0.1623851786,19.22563934,,0.69169571,0.5315412879,0.5100312402,9.441025734,3.618031263,599.17364,0,false,false,daofind,,0,None,false,low_snr
1962,2523.107918,1721.225043,-72.57787266,456.1739114,-0.1591013227,18.49499512,,0.7008548846,-0.4112069905,0.2625161531,8.838339806,3.711251259,35.89208171,0,false,false,daofind,,0,None,false,low_snr
1963,252.9867884,1581.924501,-73.50733254,477.0192019,-0.1540972192,14.63640499,,0.6423915288,-0.5151628256,-0.5017583979,10.04128456,3.880537987,252.9867884,0,false,false,daofind,,0,None,false,low_snr
1964,1225.758737,1329.927302,-74.8453925,473.9797312,-0.1579084243,26.09985733,,0.8504695853,-0.1285407394,-0.185852845,9.566811562,3.854942322,589.0726979,0,false,false,daofind,,0,None,false,low_snr
1965,499.8506238,416.5115099,-75.01626974,507.9322648,-0.1476895148,20.90272331,,0.6282615801,0.3715185225,0.434332133,9.763514519,4.133897781,416.5115099,0,false,false,daofind,,0,None,false,low_snr
1966,721.1712376,697.3759658,-75.6859888,451.5162328,-0.1676262852,19.38901138,,0.756736441,0.3035700619,-0.4766313694,9.277655602,3.672362804,697.3759658,0,false,false,daofind,,0,None,false,low_snr
1967,1110.960254,835.0994778,-75.83772504,469.014532,-0.1616958961,18.51989365,,0.8638647166,-0.6900076866,0.3168480861,10.14677143,3.812822104,835.0994778,0,false,false,daofind,,0,None,false,low_snr
1968,1415.668334,1054.25302,-76.48940573,465.5416347,-0.1643019658,13.68178272,,0.6026976066,-0.8230772018,0.476479915,9.304078102,3.787374735,864.7469799,0,false,false,daofind,,0,None,false,low_snr
1969,1138.879422,479.3511407,-77.22574536,472.4072578,-0.1634728173,23.50619125,,0.5401449108,0.3278514147,0.6287146372,10.16471767,3.842842579,479.3511407,0,false,false,daofind,,0,None,false,low_snr
1970,887.329661,1790.962865,-80.4220131,453.3402844,-0.1773987794,18.83008957,,0.8547106198,0.1290412396,-0.3150885542,8.503243446,3.687155485,128.0371345,0,false,false,daofind,,0,None,false,low_snr
1971,2459.055347,534.721347,-80.47639986,455.2492095,-0.1767743868,14.33974457,,0.6383830691,-0.3719869256,-0.219876079,9.336795807,3.702437639,99.94465312,0,false,false,daofind,,0,None,false,low_snr
1972,547.1738326,1488.736851,-80.87422961,473.9317327,-0.1706453146,31.74604416,,0.8795167825,-0.7037724257,-0.3827642346,9.587288857,3.85704565,430.2631493,0,false,false,daofind,,0,None,false,low_snr
1973,1267.035521,1846.989922,-82.73342408,433.0412106,-0.1910520802,9.698455811,,0.4860908945,0.2711334229,0.1385942354,7.634877682,3.523193359,72.01007817,0,false,false,daofind,,0,None,false,low_snr
1974,1240.769852,362.0981899,-83.07452737,470.5381208,-0.1765521723,17.61237907,,0.6550861607,-0.2601805031,-0.2560349206,9.720954895,3.827827692,362.0981899,0,false,false,daofind,,0,None,false,low_snr
1975,2456.506079,4.121129437,-83.84744563,373.015383,-0.2247828091,8.262659073,,0.7002083156,0.6655162573,-0.8888794799,6.717655659,3.384365559,4.121129437,0,false,true,daofind,,0,None,false,low_snr;too_close_to_edge
1976,2340.839835,555.9316189,-84.21588925,461.2325898,-0.1825887657,13.01638603,,0.678550828,0.5410229564,0.1061324665,9.650279999,3.750667334,218.1601653,0,false,false,daofind,,0,None,false,low_snr
1977,2242.465487,603.7276132,-86.36556051,458.098172,-0.1885306814,33.40080261,,0.8809744164,0.02563116886,0.137354236,9.926383018,3.72553134,316.534513,0,false,false,daofind,,0,None,false,low_snr
1978,0.6557977395,1464.12316,-87.41544711,311.1992619,-0.2808986325,9.022781372,,0.5986819192,-0.3360020816,0.1058477731,6.31055212,3.326472998,0.6557977395,0,false,true,daofind,,0,None,false,low_snr;too_close_to_edge
1979,2077.666307,817.4293052,-88.50357422,1047.225776,-0.08451241004,15.43299103,,0.5497190899,0.1656289697,0.578244708,10.23648167,8.599219322,481.3336933,0,false,false,daofind,,0,None,false,low_snr
1980,2458.616824,1794.014568,-89.8293895,446.4112089,-0.2012256586,11.28982639,,0.7982632189,-1.116190076,-0.1101607889,8.376839638,3.631564856,100.3831765,0,false,false,daofind,,0,None,false,low_snr;too_elongated
1981,663.9830161,1076.070744,-90.30686723,485.5891039,-0.1859738337,27.37822723,,0.8667256713,-0.8274835348,-0.5128056319,9.955105782,3.950157166,663.9830161,0,false,false,daofind,,0,None,false,low_snr
1982,1391.327144,1032.579679,-91.39732067,469.1709649,-0.1948060036,27.91662979,,0.8394511142,-0.01202744618,-0.6098062765,9.750039101,3.817487001,886.4203212,0,false,false,daofind,,0,None,false,low_snr
1983,169.4658401,839.6897164,-92.39046553,529.7745444,-0.174395819,5.70303154,,0.3739908843,1.245631099,-0.1955222201,10.30963516,4.305070877,169.4658401,0,false,false,daofind,,0,None,false,low_snr;too_elongated
1984,1126.473102,1541.496028,-93.04236264,446.6327277,-0.2083196257,17.99843407,,0.7667766303,0.6500657797,0.2394510686,9.668231964,3.633362532,377.503972,0,false,false,daofind,,0,None,false,low_snr
1985,1420.909982,1602.242803,-93.61292493,476.1171683,-0.1966174109,28.82959175,,0.8797698362,-0.1660934538,-0.005564143298,10.17040825,3.873298407,316.7571965,0,false,false,daofind,,0,None,false,low_snr
1986,2051.381326,1355.924855,-94.07872138,490.2959973,-0.1918814795,25.93981934,,0.9977473084,0.2310500294,0.2293240494,9.72638607,3.990292788,507.6186742,0,false,false,daofind,,0,None,false,low_snr
1987,1759.885765,774.8665996,-94.58960684,473.0980519,-0.1999365807,29.63481331,,0.8082383258,-0.3316898048,0.01372415631,9.698518753,3.84581399,774.8665996,0,false,false,daofind,,0,None,false,low_snr
1988,1263.048433,1715.029064,-95.68930118,461.2730103,-0.2074461307,21.42535782,,0.7846675498,-0.1035147309,0.005198348003,9.241307259,3.753017187,203.9709364,0,false,false,daofind,,0,None,false,low_snr
1989,1792.352515,1370.574582,-95.7070859,486.4442789,-0.196748302,15.33142185,,0.7196458272,0.5592519641,-0.04217470236,9.668578148,3.958170414,548.4254178,0,false,false,daofind,,0,None,false,low_snr
1990,2273.56328,1030.1747,-95.85143546,452.7829998,-0.2116939803,14.71091938,,0.8059058219,-0.1561679095,0.5297152902,9.955746651,3.681930304,285.4367202,0,false,false,daofind,,0,None,false,low_snr
1991,757.3837425,635.7804568,-95.93826586,456.0686416,-0.2103592685,23.27135086,,0.9877724258,-0.04677898064,0.3205115587,9.728648186,3.709586382,635.7804568,0,false,false,daofind,,0,None,false,low_snr
1992,1472.013861,1096.199428,-97.20716215,470.6708473,-0.2065289633,17.91108894,,0.8253920568,0.3882131279,0.5799876979,9.419306755,3.828852415,822.8005724,0,false,false,daofind,,0,None,false,low_snr
1993,2007.592459,1264.934047,-97.81755709,494.926964,-0.1976403878,29.72558212,,0.9730357578,-0.3834512234,0.2362286929,9.941085815,4.027388573,551.4075408,0,false,false,daofind,,0,None,false,low_snr
1994,415.1045569,301.9896115,-98.45783304,496.7445465,-0.198206168,24.3560009,,0.9644518143,-0.4004977643,-0.4189325812,9.977351189,4.042749405,301.9896115,0,false,false,daofind,,0,None,false,low_snr
1995,568.5093401,367.4386827,-100.2013362,482.8202078,-0.2075334349,24.92449188,,0.9251827618,-0.07131955773,0.1020579507,10.07306767,3.921876669,367.4386827,0,false,false,daofind,,0,None,false,low_snr
1996,733.5151348,757.2850692,-100.9211901,460.4373606,-0.2191854935,16.34474373,,0.6695284026,-0.1352460384,-0.03461845923,9.32308197,3.745611906,733.5151348,0,false,false,daofind,,0,None,false,low_snr
1997,999.8227834,858.2092942,-101.2836276,451.7565342,-0.2241995852,24.9540863,,1.033373489,0.1174506992,0.02146138155,10.04591465,3.67328167,858.2092942,0,false,false,daofind,,0,None,false,low_snr;not_star_like
1998,156.7938457,809.0917681,-103.8474823,597.41374,-0.1738284129,9.323523521,,0.5898685086,0.3016317487,0.6674170358,10.0170784,4.884409904,156.7938457,0,false,false,daofind,,0,None,false,low_snr
1999,2244.393156,234.2563546,-104.2389249,478.5645462,-0.2178158114,18.61737061,,0.6805326461,0.8020269275,-0.06921171682,9.382630348,3.890471458,234.2563546,0,false,false,daofind,,0,None,false,low_snr
2000,213.0117453,520.5554068,-105.7226471,474.6221133,-0.2227512038,25.28131485,,0.7643268607,-0.276027441,0.3064916473,10.05201721,3.858112097,213.0117453,0,false,false,daofind,,0,None,false,low_snr
2001,2522.45004,1083.635012,-106.8397354,440.0591258,-0.2427849558,24.76800346,,1.00781951,0.4802309871,0.2472175844,8.231996536,3.580743074,36.54996036,0,false,false,daofind,,0,None,false,low_snr;not_star_like
2002,2335.848639,737.3759005,-108.4141965,471.0508054,-0.230153935,25.01079178,,0.7203379963,0.7171700001,0.3564702187,9.99375248,3.837508678,223.1513615,0,false,false,daofind,,0,None,false,low_snr
2003,406.7314219,234.5485769,-109.5175364,454.5522149,-0.2409349967,24.85948181,,0.9416894016,-0.2537186146,-0.1163568385,9.476035118,3.699163198,234.5485769,0,false,false,daofind,,0,None,false,low_snr
2004,403.2854973,1003.798652,-110.3205459,469.9647524,-0.2347421701,24.10254288,,0.7828627193,-0.08696804196,-0.4131173677,9.563028336,3.823103428,403.2854973,0,false,false,daofind,,0,None,false,low_snr
2005,873.7996189,1069.052527,-110.4742862,458.1265733,-0.2411435892,27.59374237,,1.217183036,0.03244245425,0.2625112433,9.406257629,3.727188587,849.9474735,0,false,false,daofind,,0,None,false,low_snr;not_star_like
2006,403.1172642,1045.842347,-111.130598,467.6267343,-0.2376480853,15.96219826,,0.6448216209,-0.2793349326,-0.2559084033,9.037801743,3.80516386,403.1172642,0,false,false,daofind,,0,None,false,low_snr
2007,2372.822408,897.598275,-113.7278592,437.5311725,-0.2599308721,24.14029503,,0.804749861,0.2937725782,0.05262939625,9.52637291,3.559010267,186.177592,0,false,false,daofind,,0,None,false,low_snr
2008,1313.302464,302.5472951,-114.1959371,466.7055266,-0.2446852042,15.68075085,,0.9442492738,0.3819447756,0.4700560791,9.652583122,3.797057152,302.5472951,0,false,false,daofind,,0,None,false,low_snr
2009,600.9598676,847.3243734,-115.4477173,460.9964032,-0.2504308417,34.66458893,,0.8582262188,0.1525452435,-0.2726594696,9.668744087,3.751191378,600.9598676,0,false,false,daofind,,0,None,false,low_snr
2010,542.5540511,1849.104655,-116.4076461,469.4644005,-0.2479584096,16.9319458,,0.769228535,0.287417084,0.5069620648,8.401387215,3.820046663,69.89534524,0,false,false,daofind,,0,None,false,low_snr
2011,1052.49139,654.2526038,-117.9312502,489.8860773,-0.2407319899,23.04430389,,0.8141198165,0.2189637125,-0.5163088886,9.289027214,3.986365318,654.2526038,0,false,false,daofind,,0,None,false,low_snr
2012,1002.49653,542.0517891,-118.4062305,524.459416,-0.225768147,22.29281998,,1.135889469,-0.02497870661,-0.2292105707,10.37384701,4.271913052,542.0517891,0,false,false,daofind,,0,None,false,low_snr;not_star_like
2013,1439.069332,1060.61818,-120.7688487,467.9089328,-0.2581033193,15.01356506,,0.5760211467,0.4106011391,0.2341028436,9.317518234,3.806631804,858.3818203,0,false,false,daofind,,0,None,false,low_snr
2014,1536.167995,741.3318599,-120.9113751,484.7455274,-0.2494326781,27.34629059,,0.9577505546,0.2768792212,0.2912803802,9.653708458,3.941667318,741.3318599,0,false,false,daofind,,0,None,false,low_snr
2015,454.5752792,602.2491773,-121.501339,483.1036105,-0.2515016166,22.42176056,,0.9285907744,0.1085077301,-0.1684243019,9.911572456,3.929362535,454.5752792,0,false,false,daofind,,0,None,false,low_snr
2016,2552.961881,693.4890663,-121.5162542,443.1072291,-0.2742366772,6.289581299,,0.3429482266,-0.2790313363,0.2957699008,8.377028465,3.785358191,6.038118751,0,false,true,daofind,,0,None,false,low_snr;too_close_to_edge
2017,559.452301,831.0304128,-121.689494,456.6698204,-0.2664715043,11.30280399,,0.4836632801,0.6440409422,-0.005584039761,9.696310043,3.714169502,559.452301,0,false,false,daofind,,0,None,false,low_snr
2018,1148.716529,333.6000031,-122.0912516,471.5234554,-0.2589293283,26.34553146,,1.073284776,0.477462709,0.09258216091,9.990653038,3.835698843,333.6000031,0,false,false,daofind,,0,None,false,low_snr;not_star_like
2019,2533.020906,1525.083965,-122.8177703,475.7912184,-0.2581337476,28.1141243,,0.8278407472,0.3235573769,-0.4054728879,9.219207764,3.870020628,25.97909368,0,false,false,daofind,,0,None,false,low_snr
2020,1598.384781,829.5294409,-123.8518032,501.4288311,-0.2469977701,13.69562435,,0.5978905738,-0.4847568572,-0.02878495785,9.971041679,4.078705311,829.5294409,0,false,false,daofind,,0,None,false,low_snr
2021,107.3015845,613.5531599,-124.8890949,405.3015079,-0.3081387374,9.653218269,,0.9140566663,0.4571461678,-0.6919988885,8.994410515,3.291205406,107.3015845,0,false,false,daofind,,0,None,false,low_snr
2022,2508.482491,537.2444377,-125.9220812,458.2447219,-0.2747922129,19.98900604,,0.8471149873,-0.5227169991,-0.08198326482,9.016681671,3.726555824,50.51750947,0,false,false,daofind,,0,None,false,low_snr
2023,1013.25943,1029.300798,-127.7872157,465.1523953,-0.2747211816,22.50182533,,1.196434868,0.01459222566,-0.2752193196,9.50521183,3.784472942,889.6992025,0,false,false,daofind,,0,None,false,low_snr;not_star_like
2024,1107.251598,858.9708781,-127.8583308,456.3346379,-0.2801854609,12.33958054,,0.5258168602,-0.1682892293,0.216076575,9.622415543,3.702098131,858.9708781,0,false,false,daofind,,0,None,false,low_snr
2025,460.3690474,160.4491557,-127.9308227,458.3336,-0.2791216326,12.4751873,,0.5996235745,0.5184499621,-0.08365914631,8.521812439,3.730488777,160.4491557,0,false,false,daofind,,0,None,false,low_snr
2026,1731.377181,1234.03877,-129.1639078,457.2205978,-0.2824980074,25.69850731,,0.7735270631,-0.1362285167,0.2892726865,9.301492691,3.719259739,684.9612298,0,false,false,daofind,,0,None,false,low_snr
2027,2204.708048,1210.058278,-129.1762597,470.1006597,-0.2747842553,29.2562542,,1.01269172,-0.2070371062,-0.03763477429,9.743745804,3.824619293,354.2919517,0,false,false,daofind,,0,None,false,low_snr;not_star_like
2028,2113.47177,93.36587993,-129.5295512,447.2916479,-0.28958634,19.05638504,,0.799591032,-0.6386501789,-0.3299220432,8.610280037,3.638147831,93.36587993,0,false,false,daofind,,0,None,false,low_snr
2029,1427.566963,1301.776436,-130.221892,451.2793146,-0.2885616243,32.64403534,,1.056995651,0.2996002734,-0.06862242421,9.355963707,3.67082119,617.2235637,0,false,false,daofind,,0,None,false,low_snr;not_star_like
2030,642.0020712,360.3968829,-130.5979976,499.2468516,-0.2615900274,30.30568123,,0.7806319749,-0.1361944377,0.01083027803,10.02765083,4.068740845,360.3968829,0,false,false,daofind,,0,None,false,low_snr
2031,2430.537905,1609.623963,-131.0024946,463.3695341,-0.282717108,13.68232536,,0.6839857951,0.401704669,-0.3985702516,9.636683464,3.768851519,128.4620953,0,false,false,daofind,,0,None,false,low_snr
2032,819.7955711,1192.529463,-131.4266722,466.9026877,-0.281486219,30.31304169,,0.9759963179,0.5446538329,0.1346251107,9.686959267,3.798831224,726.4705375,0,false,false,daofind,,0,None,false,low_snr
2033,1894.856178,909.2209761,-132.8048387,491.8425464,-0.2700149462,16.65662575,,0.8470239218,0.2250780314,-0.3832029213,9.680455208,4.001927853,664.1438216,0,false,false,daofind,,0,None,false,low_snr
2034,404.3856624,1373.392215,-133.3135619,489.2148213,-0.2725051574,15.99986267,,0.491215535,-0.3293529451,-0.3435378896,9.666959763,3.979725838,404.3856624,0,false,false,daofind,,0,None,false,low_snr
2035,2383.294658,70.01092083,-134.1986304,441.0663538,-0.3042595048,9.726118088,,0.3317263908,-1.066773653,-0.4962889989,8.607215881,3.588898659,70.01092083,0,false,false,daofind,,0,None,false,low_snr;too_elongated
2036,2232.560746,1630.412632,-134.6026507,480.6384925,-0.2800496689,37.11331177,,1.057460601,-0.09656716883,-0.08037264795,10.22276974,3.910726786,288.5873684,0,false,false,daofind,,0,None,false,low_snr;not_star_like
2037,1826.189604,1062.917759,-135.8320052,456.968396,-0.2972459504,29.9133873,,0.9921992974,-0.1650793552,0.009646585427,9.41994381,3.716427565,732.8103965,0,false,false,daofind,,0,None,false,low_snr
2038,25.71055411,3.960370887,-137.8216415,343.7437978,-0.4009429185,17.32832146,,1.016920949,0.1097137779,-0.09577857127,6.671678543,3.138868809,3.960370887,0,false,true,daofind,,0,None,false,low_snr;too_close_to_edge;not_star_like
2039,1702.281123,227.1567872,-139.1608961,462.584932,-0.3008331801,19.937603,,0.7887961702,-0.5720814466,-0.3049666053,9.062397957,3.760755062,227.1567872,0,false,false,daofind,,0,None,false,low_snr
2040,1419.845699,1783.957457,-139.7018393,436.7675752,-0.3198539617,23.64140129,,0.8416905557,-0.06337167323,-0.1445715964,8.358598709,3.552714825,135.0425435,0,false,false,daofind,,0,None,false,low_snr
2041,2272.564899,1620.692651,-139.9515033,474.4365302,-0.29498467,26.54957962,,0.9260079918,-0.4964281917,-0.4646290331,10.45042133,3.859078169,286.4351013,0,false,false,daofind,,0,None,false,low_snr
2042,515.2485419,1312.685296,-140.3417585,452.9436548,-0.3098437455,31.01335907,,0.971590508,-0.1054651663,-0.4396925256,9.319973946,3.684010267,515.2485419,0,false,false,daofind,,0,None,false,low_snr
2043,475.5182385,462.9189874,-141.9375818,475.3308043,-0.2986080021,24.33333206,,1.033149669,0.2781687677,0.3849305704,9.666667938,3.864243269,462.9189874,0,false,false,daofind,,0,None,false,low_snr;not_star_like
2044,2218.066656,827.3403456,-142.0174594,487.9395826,-0.2910554185,16.02874756,,0.5123746907,-0.124689199,0.05282197947,10.31446266,3.938243866,340.9333442,0,false,false,daofind,,0,None,false,low_snr
2045,2234.471639,121.2369529,-142.3738818,434.9136979,-0.3273612271,23.99934387,,0.9072912341,0.4375415742,0.03423067588,9.000657082,3.536884785,121.2369529,0,false,false,daofind,,0,None,false,low_snr
2046,1142.536427,1102.491075,-142.9483023,456.8019655,-0.3129327653,28.16416931,,0.9800588453,-0.3699956834,-0.2914551968,9.835829735,3.718281031,816.5089248,0,false,false,daofind,,0,None,false,low_snr
2047,2266.99294,1371.970293,-142.9586357,466.7945893,-0.3062559828,19.00632668,,0.656477677,-0.2960213721,0.0216259213,9.660339355,3.798467159,292.0070601,0,false,false,daofind,,0,None,false,low_snr
2048,400.9109716,925.5673639,-143.1340478,451.0517476,-0.3173339834,19.9578743,,0.6641678116,0.1075751409,-0.2962161489,9.708790779,3.669472933,400.9109716,0,false,false,daofind,,0,None,false,low_snr
2049,1108.939267,1446.646591,-143.550983,436.6463666,-0.3287579928,29.9858036,,1.046284713,0.2803813815,-0.008895264953,9.681217194,3.551189184,472.3534094,0,false,false,daofind,,0,None,false,low_snr;not_star_like
2050,532.0977986,1255.304753,-143.5814681,458.923182,-0.3128660172,28.6206131,,1.068981824,-0.399248153,0.1900153504,9.379386902,3.734530687,532.0977986,0,false,false,daofind,,0,None,false,low_snr;not_star_like
2051,1718.163104,845.680539,-143.6854641,470.9964004,-0.3050670111,23.24142838,,0.8647397252,0.3048011661,-0.7215319835,9.425240517,3.829375505,840.8368955,0,false,false,daofind,,0,None,false,low_snr
2052,2316.990987,1150.154366,-145.1294855,466.4797315,-0.3111163801,20.28025055,,0.9781865046,-0.2061387897,-0.06344712359,9.719749451,3.796351433,242.0090132,0,false,false,daofind,,0,None,false,low_snr
2053,1381.646627,1141.501083,-145.3932394,460.9790426,-0.3154009748,21.60205841,,0.9898088654,0.6307809949,-0.02084799286,9.399928093,3.751228094,777.4989165,0,false,false,daofind,,0,None,false,low_snr
2054,2413.3674,471.0032953,-145.817556,461.4333981,-0.3160099737,24.73628044,,0.7505675522,0.04866497591,0.2980622047,9.263719559,3.752986431,145.6325995,0,false,false,daofind,,0,None,false,low_snr
2055,1746.282122,1880.573555,-146.5125597,441.1461664,-0.3321179483,13.02338028,,0.679888062,0.3962183893,0.8174452732,7.643285275,3.589677811,38.42644543,0,false,false,daofind,,0,None,false,low_snr
2056,1456.030231,1459.83799,-147.193755,467.7811139,-0.3146637405,14.5990572,,0.5351906971,-0.09517752379,-0.5354595819,9.734276772,3.805692434,459.1620102,0,false,false,daofind,,0,None,false,low_snr
2057,899.184654,1277.980177,-149.6152057,475.4580157,-0.3146759562,24.75469971,,0.8960772445,0.1397474408,-0.3352810902,9.911967278,3.86700511,641.0198225,0,false,false,daofind,,0,None,false,low_snr
2058,495.5279517,533.626018,-149.6744579,473.669889,-0.3159889648,13.30203152,,0.5835718371,0.8064422011,0.4177952816,9.700521469,3.854182959,495.5279517,0,false,false,daofind,,0,None,false,low_snr
2059,1608.637538,125.4562308,-151.4913163,442.3414784,-0.342475946,14.16438293,,0.8389161277,0.4373790026,0.06877427474,7.84410429,3.598054171,125.4562308,0,false,false,daofind,,0,None,false,low_snr
2060,220.0459142,1304.008867,-152.4798741,465.3128911,-0.3276932083,17.59828186,,0.5702399874,0.4504719973,-0.2247705321,9.735052109,3.784754992,220.0459142,0,false,false,daofind,,0,None,false,low_snr
2061,2065.522505,655.4473695,-152.4813975,489.9171537,-0.3112391479,16.16684341,,0.5267038557,0.04375086352,-0.4501838673,9.499113083,3.991997957,493.4774945,0,false,false,daofind,,0,None,false,low_snr
2062,1345.115183,533.0620123,-152.7183644,437.472405,-0.349092566,30.60501862,,0.9187809943,-0.552543819,-0.2644859884,9.394982338,3.559255362,533.0620123,0,false,false,daofind,,0,None,false,low_snr
2063,1778.726621,1541.208625,-153.890025,479.251515,-0.3211049318,9.287279129,,0.6269600966,-0.2256051898,-0.07402782335,9.712720871,3.89845705,377.7913754,0,false,false,daofind,,0,None,false,low_snr
2064,2113.417643,386.8981154,-154.9604273,473.8939168,-0.3269939152,18.81020737,,1.061373113,-0.6166346669,0.3032890443,9.856459618,3.855425596,386.8981154,0,false,false,daofind,,0,None,false,low_snr;not_star_like
2065,1895.918509,320.1435668,-155.15656,479.5916357,-0.3235180692,13.96684074,,0.4794857187,-0.5580019951,-0.1126162524,9.367786407,3.902382612,320.1435668,0,false,false,daofind,,0,None,false,low_snr
2066,2125.025996,318.6646756,-155.568538,489.2547778,-0.3179704012,24.29675102,,0.8151423276,0.4835591614,-0.2170427939,10.03658104,3.979021311,318.6646756,0,false,false,daofind,,0,None,false,low_snr
2067,2502.081814,1373.171906,-157.4386058,486.3785014,-0.3236956514,16.46578979,,0.8152381995,-0.0672249645,-0.1856672137,8.867545128,3.955783844,56.91818568,0,false,false,daofind,,0,None,false,low_snr
2068,700.6109809,372.4034124,-157.7971013,519.0077866,-0.3040360961,16.9203701,,0.6148604595,-0.09290695935,0.2639178146,9.751051903,4.23116827,372.4034124,0,false,false,daofind,,0,None,false,low_snr
2069,293.8037469,838.6179904,-158.0386867,479.2368207,-0.3297715865,21.64137268,,0.8749299592,-0.3994061053,-0.6148172769,10.34886837,3.896128893,293.8037469,0,false,false,daofind,,0,None,false,low_snr
2070,2397.068033,1632.415812,-159.1423753,460.8157075,-0.3453492855,14.64994812,,0.5322032371,-0.1759709716,-0.1424450577,9.687146187,3.748833895,161.9319674,0,false,false,daofind,,0,None,false,low_snr
2071,1469.175826,27.22259307,-159.3169362,411.9747904,-0.3867152552,16.84518814,,0.8818091171,0.4717350602,-0.2952764945,6.154812336,3.351182938,27.22259307,0,false,false,daofind,,0,None,false,low_snr
2072,321.229393,1298.206588,-160.7450069,469.0248107,-0.3427217563,19.30207825,,1.082447358,0.07736001909,0.1490369144,9.697922707,3.815077543,321.229393,0,false,false,daofind,,0,None,false,low_snr;not_star_like
2073,1651.942447,224.625156,-161.1935545,447.9304375,-0.3598629185,11.10978603,,0.7385710323,0.04640851915,0.06535869374,8.890213966,3.639761448,224.625156,0,false,false,daofind,,0,None,false,low_snr
2074,1031.451893,1621.727575,-161.7807872,447.2360868,-0.3617346453,19.6500473,,0.7752378649,0.2930954397,0.1110160952,9.683287621,3.638326645,297.272425,0,false,false,daofind,,0,None,false,low_snr
2075,754.2788043,829.5152183,-163.1516256,474.2190418,-0.344042755,11.47029686,,0.6221940818,-0.7521998882,-0.295667622,9.53636837,3.858169079,754.2788043,0,false,false,daofind,,0,None,false,low_snr
2076,2268.468462,1895.751852,-163.2818476,432.2781961,-0.377723996,8.11582756,,0.4574670275,0.4502755404,0.032466644,7.546726227,3.516900778,23.24814841,0,false,false,daofind,,0,None,false,low_snr
2077,52.4799118,1903.288018,-163.705655,413.5357575,-0.3958681977,12.721138,,0.7671832367,-0.8070289493,-0.1970745293,5.94552803,3.362875938,15.71198156,0,false,true,daofind,,0,None,false,low_snr
2078,1752.01105,894.6098737,-165.0461329,473.2949214,-0.3487173122,30.06314087,,0.6869141871,-0.01461041346,-0.3747129446,9.270190239,3.851012468,806.98895,0,false,false,daofind,,0,None,false,low_snr
2079,1008.188522,732.8459064,-168.1344339,452.326811,-0.3717100773,29.71397781,,1.080450501,-0.1631374657,-0.06763432905,9.287717819,3.678569555,732.8459064,0,false,false,daofind,,0,None,false,low_snr;not_star_like
2080,839.9054245,288.6987759,-168.3559438,449.9700186,-0.3741492473,24.68377113,,1.044417402,-0.2099420875,0.3895726009,9.648862839,3.656200171,288.6987759,0,false,false,daofind,,0,None,false,low_snr;not_star_like
2081,781.0911339,299.9407891,-168.5983316,476.7646464,-0.3536301043,25.18300819,,0.8414632322,0.05079505965,-0.1631985517,9.816991806,3.8820436,299.9407891,0,false,false,daofind,,0,None,false,low_snr
2082,1568.708099,1250.018753,-168.9556665,465.40598,-0.3630285682,24.6640892,,0.9446266916,-0.2974895537,-0.2658527788,9.335911751,3.786725283,668.9812472,0,false,false,daofind,,0,None,false,low_snr
2083,455.92445,419.916707,-169.3199379,501.6063791,-0.337555392,22.7122879,,1.020606574,1.250851512,0.04630567266,9.621045113,4.082547188,419.916707,0,false,false,daofind,,0,None,false,low_snr;not_star_like;too_elongated
2084,1376.105766,216.2189622,-170.2086977,465.1150193,-0.3659496912,27.40762138,,0.6825744654,-0.4169166088,0.03199731017,9.925710678,3.783487082,216.2189622,0,false,false,daofind,,0,None,false,low_snr
2085,2437.808676,199.4825828,-170.387909,443.5187281,-0.3841729746,17.67547226,,0.6436279323,-0.3116330504,0.1985653547,8.991193771,3.607507467,121.1913236,0,false,false,daofind,,0,None,false,low_snr
2086,1297.928068,442.0938985,-170.4333331,469.8587442,-0.3627331304,28.95564651,,1.049206885,0.6151939631,0.02378442934,9.711022377,3.822786093,442.0938985,0,false,false,daofind,,0,None,false,low_snr;not_star_like
2087,921.99522,765.0846219,-170.9813944,452.0018822,-0.378275846,16.91457558,,0.8564595552,-0.4769494832,0.2557973454,9.418758392,3.676321745,765.0846219,0,false,false,daofind,,0,None,false,low_snr
2088,1823.701291,447.4244319,-171.404253,458.5151599,-0.3738246148,22.36598587,,0.8622192781,1.160758376,0.1956049238,9.301252365,3.729578018,447.4244319,0,false,false,daofind,,0,None,false,low_snr;too_elongated
2089,1587.098061,1762.895649,-172.3165358,455.5570287,-0.3782545872,11.63545036,,0.4837741361,0.7123149633,-0.03339694486,9.031215668,3.70547843,156.1043513,0,false,false,daofind,,0,None,false,low_snr
2090,1531.995647,19.1176161,-173.4691126,413.1112925,-0.41990891,16.55007172,,0.7480423856,0.01703083143,-0.0006569363953,5.777509689,3.361107111,19.1176161,0,false,false,daofind,,0,None,false,low_snr
2091,1493.867916,841.1796119,-174.5041749,495.9931375,-0.351827801,24.17888641,,0.8217454577,-0.03191720694,0.204493342,10.15444469,4.034789085,841.1796119,0,false,false,daofind,,0,None,false,low_snr
2092,495.1396596,1462.100759,-176.1296152,480.0557172,-0.3668941102,23.05200577,,1.048107494,0.2466041148,-0.1960237912,9.614661217,3.905623913,456.899241,0,false,false,daofind,,0,None,false,low_snr;not_star_like
2093,2289.423714,63.28330468,-176.4773466,433.4580108,-0.4071382747,13.10050297,,0.4506839148,0.6928885579,1.055049844,8.580973625,3.525592089,63.28330468,0,false,false,daofind,,0,None,false,low_snr;too_elongated
2094,165.331879,1337.313947,-176.53559,438.4452982,-0.4026399432,19.86971283,,0.7637594139,-0.06793598086,0.1056237306,9.111549377,3.564283848,165.331879,0,false,false,daofind,,0,None,false,low_snr
2095,1328.435195,328.0068098,-177.541002,467.2438485,-0.3799750442,10.6328907,,0.5220001592,0.466273874,-0.6016087743,9.698779106,3.801326752,328.0068098,0,false,false,daofind,,0,None,false,low_snr
2096,1274.19285,308.9580532,-179.8524407,469.4540227,-0.3831098083,35.34999847,,1.021487319,0.2215695381,-0.2409447814,9.650000572,3.818988323,308.9580532,0,false,false,daofind,,0,None,false,low_snr;not_star_like
2097,1085.351114,488.7021967,-179.9704235,471.7549326,-0.3814913445,7.961128235,,0.4296527419,-0.1641218811,0.325352081,10.3723278,3.836502314,488.7021967,0,false,false,daofind,,0,None,false,low_snr
2098,1770.02045,1215.586766,-180.3959968,447.5607906,-0.4030647916,19.12794495,,0.6578123284,-0.05214386061,0.3377864982,9.205388069,3.640412807,703.4132343,0,false,false,daofind,,0,None,false,low_snr
2099,1334.523422,353.0321751,-180.6592562,469.1898809,-0.385045082,13.9723444,,0.6521691432,-0.3938822448,-0.469879865,9.694321632,3.816806316,353.0321751,0,false,false,daofind,,0,None,false,low_snr
2100,399.8035934,958.3403358,-182.5240582,458.5012789,-0.3980884385,24.89398193,,1.035154638,0.3013547659,0.1838267345,9.771799088,3.729516268,399.8035934,0,false,false,daofind,,0,None,false,low_snr;not_star_like
2101,376.6938527,502.7581415,-184.3105946,477.664117,-0.3858581544,37.06525421,,1.311119643,-0.4828740656,-0.2769717487,9.934744835,3.885396719,376.6938527,0,false,false,daofind,,0,None,false,low_snr;not_star_like
2102,789.8288222,1033.476396,-184.4026246,454.9240896,-0.4053481204,26.89321899,,1.119000901,0.3081402779,-0.1369486683,9.440112114,3.699714184,789.8288222,0,false,false,daofind,,0,None,false,low_snr;not_star_like
2103,1381.48885,1218.559407,-186.1473193,463.2770546,-0.4018056094,21.27391434,,0.9136333705,0.4848379493,0.4179696682,9.392796516,3.769052029,700.4405933,0,false,false,daofind,,0,None,false,low_snr
2104,443.4980503,1114.562475,-186.4824963,451.6553193,-0.4128867485,17.66603661,,0.7367161863,0.2244218439,0.2608282482,9.000629425,3.671631575,443.4980503,0,false,false,daofind,,0,None,false,low_snr
2105,902.2757183,885.2880407,-189.3024907,477.2180973,-0.396679195,21.15839767,,0.8373359111,0.5753206015,0.4584006571,9.508268356,3.882569313,885.2880407,0,false,false,daofind,,0,None,false,low_snr
2106,1657.603302,1613.839903,-190.0910977,476.9202953,-0.3985804328,7.274450302,,0.5830002944,1.506737351,0.4823545962,9.38888073,3.880351305,305.1600972,0,false,false,daofind,,0,None,false,low_snr;too_elongated
2107,293.2692871,696.7382101,-190.2153669,497.6695902,-0.3822121558,19.18456268,,0.6745473686,-0.6431101561,0.007041037377,10.48210335,4.051089764,293.2692871,0,false,false,daofind,,0,None,false,low_snr
2108,1876.922966,1168.954394,-190.5844458,449.3980184,-0.4240883092,18.84131813,,0.7909692394,-0.05429420993,0.5483062643,9.15868187,3.654607773,682.0770344,0,false,false,daofind,,0,None,false,low_snr
2109,87.8017976,1166.539109,-190.8461855,446.0335257,-0.4278740823,14.12353992,,0.7834706928,-0.1840817928,0.08933378861,6.876811981,3.629290819,87.8017976,0,false,false,daofind,,0,None,false,low_snr
2110,2313.652297,1453.036839,-191.1336076,475.2217163,-0.4021988076,20.49063492,,1.05055565,-0.2018189877,-0.5100057259,9.844176292,3.864584684,245.3477028,0,false,false,daofind,,0,None,false,low_snr;not_star_like
2111,167.2528488,89.8279627,-192.1075229,443.2938008,-0.4333638831,7.639199257,,0.4339688794,-0.3335666955,-0.416288201,8.35116291,3.605179071,89.8279627,0,false,false,daofind,,0,None,false,low_snr
2112,1334.45164,1228.6649,-192.6096571,481.0969842,-0.4003551538,34.90504074,,0.9860204274,-0.1067116633,-0.4442065952,9.428292274,3.91620636,690.3351001,0,false,false,daofind,,0,None,false,low_snr
2113,1330.997346,1054.342686,-193.1103452,445.1536624,-0.433806035,20.88736343,,0.9207824134,0.3714978099,-0.04341847221,9.445970535,3.622276545,864.6573137,0,false,false,daofind,,0,None,false,low_snr
2114,771.9414221,1101.940492,-194.45588,462.930293,-0.420054343,27.21715546,,0.8094576788,-0.04763755202,-0.107205868,9.449511528,3.765428066,771.9414221,0,false,false,daofind,,0,None,false,low_snr
2115,2004.767146,335.2991389,-195.3903168,487.0167737,-0.4011983311,23.67424393,,0.8195179713,0.6542579532,0.5020403554,9.992423058,3.961774111,335.2991389,0,false,false,daofind,,0,None,false,low_snr
2116,733.9487023,450.8874639,-196.2443454,482.8385645,-0.4064388386,16.9716835,,0.8044311951,-0.8462753296,0.1390262225,9.694982529,3.931511641,450.8874639,0,false,false,daofind,,0,None,false,low_snr
2117,978.2592619,885.4300389,-196.3800361,461.2802643,-0.4257282421,21.47324371,,0.8116685119,-0.1685068309,-0.5007461932,9.860089302,3.75026083,885.4300389,0,false,false,daofind,,0,None,false,low_snr
2118,470.5519325,1829.005723,-198.3951124,483.2615108,-0.4105336511,17.26632309,,0.872789954,-0.09958615899,-0.1109129749,8.73367691,3.932422876,89.99427668,0,false,false,daofind,,0,None,false,low_snr
2119,2472.659996,222.3499612,-198.8064603,443.8465578,-0.447917094,14.38942242,,0.5881105344,-0.709548533,-0.4497949457,8.610577583,3.61073637,86.34000362,0,false,false,daofind,,0,None,false,low_snr
2120,2554.654402,782.7182948,-199.0987316,399.2569384,-0.4986731914,16.2219696,,0.7839303714,-0.2811420262,0.09743871581,8.444617271,3.594505787,4.34559836,0,false,true,daofind,,0,None,false,low_snr;too_close_to_edge
2121,2291.91948,1378.064219,-200.4545162,469.3156578,-0.4271208789,18.29663467,,0.9305086065,-0.5961125493,-0.3092610879,9.703365326,3.819042206,267.0805202,0,false,false,daofind,,0,None,false,low_snr
2122,2353.843228,1060.598433,-200.6727052,446.7654676,-0.4491678961,20.25543213,,0.8207882951,0.2695131004,0.09067339722,10.07790089,3.634166241,205.1567716,0,false,false,daofind,,0,None,false,low_snr
2123,879.3452868,374.9630025,-202.0879851,471.051052,-0.4290150383,16.98177338,,0.8850450368,-0.3769213855,-0.0617366228,9.685613632,3.833502531,374.9630025,0,false,false,daofind,,0,None,false,low_snr
2124,432.606236,1692.435213,-203.69524,478.0224707,-0.4261206377,19.03845978,,0.9235690051,-0.2705215514,-0.1051299672,9.300271988,3.891212702,226.5647867,0,false,false,daofind,,0,None,false,low_snr
2125,1327.903498,1909.183825,-204.1725538,417.4180882,-0.4891320227,11.29978561,,0.6811889418,-1.070270777,-0.1731409856,6.366880417,3.395143747,9.816174966,0,false,true,daofind,,0,None,false,low_snr;too_elongated
2126,843.0626971,476.5524937,-207.2271265,457.7782069,-0.4526801918,23.69355392,,0.8935954879,-0.570248723,-0.3422741661,9.639779091,3.721339226,476.5524937,0,false,false,daofind,,0,None,false,low_snr
2127,105.7609062,1210.154593,-207.234523,440.4471554,-0.4705093914,27.29670906,,1.056186085,-0.02496134676,-0.4046507195,7.369958401,3.583643675,105.7609062,0,false,false,daofind,,0,None,false,low_snr;not_star_like
2128,1302.474007,0.6350484796,-207.4389351,290.8136814,-0.7133052825,21.33959198,,1.607722531,0.7051686645,0.4734330019,6.327073574,3.112743855,0.6350484796,0,false,true,daofind,,0,None,false,low_snr;too_close_to_edge;not_star_like
2129,2188.238325,732.1526038,-210.8191528,540.6409007,-0.3899430335,20.88210869,,0.7468139643,-0.3390766978,0.02924926479,10.78455734,4.387477398,370.7616754,0,false,false,daofind,,0,None,false,low_snr
2130,2188.787597,52.04431292,-211.11726,403.895139,-0.5227031464,12.72008705,,0.5228617369,-0.3586409092,0.02937799307,8.279912949,3.284394026,52.04431292,0,false,false,daofind,,0,None,false,low_snr
2131,2552.141699,659.2537653,-213.3726641,462.6464541,-0.4612002582,12.58855438,,0.5697573602,-0.8333616853,0.330011908,8.411445618,3.873244524,6.858300614,0,false,true,daofind,,0,None,false,low_snr;too_close_to_edge
2132,438.6292685,1041.652712,-214.0917667,475.8341838,-0.4499293537,14.85377026,,0.4886176924,0.4820095301,-0.1855390737,9.135947227,3.870684147,438.6292685,0,false,false,daofind,,0,None,false,low_snr
2133,1906.719755,1178.747417,-214.8387922,458.4191039,-0.4686514815,17.62977982,,0.7472333367,-0.1104720756,0.4793612044,9.373044968,3.728467464,652.2802454,0,false,false,daofind,,0,None,false,low_snr
2134,206.600764,80.45022606,-214.9699034,449.5928984,-0.4781434585,13.53362656,,0.5431645622,0.132141158,0.1568772762,8.466373444,3.657957792,80.45022606,0,false,false,daofind,,0,None,false,low_snr
2135,1259.954357,1283.24077,-215.0856761,481.8942552,-0.4463337627,11.95160961,,0.4380203747,-0.3292201161,0.05671118957,9.379376411,3.920503616,635.7592298,0,false,false,daofind,,0,None,false,low_snr
2136,2150.798639,1460.403358,-215.3427007,468.3873271,-0.4597534739,6.495285034,,0.3448749435,0.0305192098,-0.3101234889,9.839230537,3.809497595,408.2013612,0,false,false,daofind,,0,None,false,low_snr
2137,1220.468587,1268.97771,-216.0922919,487.4388968,-0.4433218058,21.47489929,,0.6877937804,0.4180357754,-0.2257708128,9.530590057,3.966574907,650.0222902,0,false,false,daofind,,0,None,false,low_snr
2138,1721.083753,1529.584488,-216.134178,481.9616777,-0.4484468122,9.756004333,,0.5972549541,0.3261376619,0.4270625321,9.902218819,3.920597315,389.4155118,0,false,false,daofind,,0,None,false,low_snr
2139,684.0617278,1517.698483,-216.353193,453.5310301,-0.4770416545,21.3058815,,0.9047377323,0.4049137831,0.4114302244,9.694154739,3.689633369,401.3015166,0,false,false,daofind,,0,None,false,low_snr
2140,2030.946755,411.2962363,-218.3618539,480.1949854,-0.4547358064,24.38499832,,0.9775009454,-0.02848072909,-0.09228711723,9.94833374,3.90682292,411.2962363,0,false,false,daofind,,0,None,false,low_snr
2141,2471.296789,1148.679611,-218.4560929,451.1419326,-0.4842291907,21.65293884,,0.9209582562,-0.6791630387,-0.06760076385,9.021225929,3.670923233,87.70321144,0,false,false,daofind,,0,None,false,low_snr
2142,2274.39134,872.9280023,-219.5539568,462.2381347,-0.4749801895,20.3587265,,0.9738690263,0.580203712,0.03421993272,9.641273499,3.759394169,284.6086598,0,false,false,daofind,,0,None,false,low_snr
2143,55.51734413,489.0892953,-219.7644865,425.0912048,-0.5169819652,12.12604332,,0.5006849424,-0.467197299,-0.5101521687,6.873957157,3.459028721,55.51734413,0,false,false,daofind,,0,None,false,low_snr
2144,586.1847533,704.2418537,-220.2316316,478.377049,-0.4603724866,29.44667816,,0.8255965285,0.02852161974,0.3838636947,9.553320885,3.893047094,586.1847533,0,false,false,daofind,,0,None,false,low_snr
2145,2224.304917,1542.061169,-221.3357541,498.0159375,-0.4444350821,14.71502018,,0.5756316465,0.1960031688,0.04480178998,10.27798557,4.053311348,334.6950827,0,false,false,daofind,,0,None,false,low_snr
2146,2536.02053,1456.746625,-222.7017659,487.1290009,-0.457172054,22.59261322,,0.7627014956,-0.4498977959,-0.3827922225,8.740721703,3.962478161,22.97946997,0,false,false,daofind,,0,None,false,low_snr
2147,1281.595021,1736.169194,-223.6364809,438.4060493,-0.5101126712,13.80105495,,0.589691853,-0.6485181451,-0.4872243997,9.198945045,3.565063953,182.8308065,0,false,false,daofind,,0,None,false,low_snr
2148,1837.860433,639.8530328,-224.0127683,465.929432,-0.4807869024,16.73953438,,0.9992302428,0.6953684688,-0.4618035039,9.260465622,3.790043116,639.8530328,0,false,false,daofind,,0,None,false,low_snr
2149,23.40398639,1377.91315,-224.8609109,399.7967138,-0.5624381171,12.16666603,,0.793888165,0.5795243382,-0.281451078,5.5,3.251220465,23.40398639,0,false,false,daofind,,0,None,false,low_snr
2150,2105.439529,208.4304883,-226.2717905,475.1920322,-0.4761691593,13.56868458,,0.665503444,-0.1393758953,-1.014270833,9.764649391,3.863646746,208.4304883,0,false,false,daofind,,0,None,false,low_snr;too_elongated
2151,1086.776123,41.7877685,-226.8277568,466.036376,-0.4867168497,5.601724148,,0.3541303338,1.036470771,1.069365379,7.396865845,3.792258263,41.7877685,0,false,false,daofind,,0,None,false,low_snr;too_elongated
2152,1182.723537,1509.04975,-228.0393828,454.3122653,-0.5019441477,10.66691399,,0.6390689048,-0.1625237465,-0.7503426867,9.666248322,3.696427822,409.9502496,0,false,false,daofind,,0,None,false,low_snr
2153,2289.158544,1057.31832,-228.1536753,431.7340164,-0.5284588812,17.30873108,,0.6772948398,0.3102486432,-0.1238474502,10.02460194,3.509564877,269.8414563,0,false,false,daofind,,0,None,false,low_snr
2154,1896.98435,683.3375188,-230.4275663,454.468483,-0.5070265044,19.92934036,,0.8783513987,-0.08298250288,0.3642551756,9.403992653,3.695840359,662.0156502,0,false,false,daofind,,0,None,false,low_snr
2155,737.2639006,1626.0876,-230.8122656,467.4788037,-0.4937384622,8.333590508,,0.6500758676,-0.6898269057,-0.1207715133,9.667441368,3.803249598,292.9124001,0,false,false,daofind,,0,None,false,low_snr
2156,2539.139303,1218.667666,-230.8374442,447.6769413,-0.5156339827,22.0978241,,0.7849552045,-0.127836287,0.2254501741,8.902175903,3.641263485,19.86069701,0,false,false,daofind,,0,None,false,low_snr
2157,1016.885016,1425.910142,-230.8911187,428.7549069,-0.5385153965,14.6938858,,0.4750367749,0.5421910882,0.5931724359,9.96940136,3.486059189,493.0898579,0,false,false,daofind,,0,None,false,low_snr
2158,2205.703467,414.8160629,-233.2209434,478.3059836,-0.487597796,20.00365067,,0.8152766529,-0.04520876333,0.7252579392,9.996350288,3.890273333,353.2965327,0,false,false,daofind,,0,None,false,low_snr
2159,1142.573744,259.3762936,-235.4195785,474.0993689,-0.4965616788,13.87086105,,0.7948471216,-1.251242995,-0.03517700273,9.792355537,3.856466055,259.3762936,0,false,false,daofind,,0,None,false,low_snr;too_elongated
2160,2467.676396,1332.594499,-236.5396784,486.4962215,-0.4862107206,23.99362946,,0.8552388965,-0.1841014177,-0.482083153,9.004737854,3.959158897,91.32360408,0,false,false,daofind,,0,None,false,low_snr
2161,306.809013,905.49978,-237.0714437,454.7284374,-0.5213473013,6.840949059,,0.5580317279,-0.2886100113,-0.6379997954,9.825716972,3.697911501,306.809013,0,false,false,daofind,,0,None,false,low_snr
2162,127.1956749,639.6472453,-238.481366,437.221348,-0.5454476712,14.44388676,,0.8657889303,-0.1335289478,-0.59815232,9.222779274,3.554911375,127.1956749,0,false,false,daofind,,0,None,false,low_snr
2163,1070.476614,1845.506776,-239.1728616,446.1122452,-0.536127094,21.52809143,,0.9714523701,-0.8506316543,-0.318455916,7.473381996,3.62816,73.49322448,0,false,false,daofind,,0,None,false,low_snr
2164,739.1316158,852.5212304,-239.84613,473.7904701,-0.50622827,27.9613533,,0.7549839988,-0.2270584106,-0.05879721046,9.70531559,3.854580402,739.1316158,0,false,false,daofind,,0,None,false,low_snr
2165,1574.252206,399.9307712,-239.9637616,478.8293539,-0.5011467232,13.83719921,,0.6139415435,0.5510605574,-0.1700702743,9.82946682,3.894769907,399.9307712,0,false,false,daofind,,0,None,false,low_snr
2166,785.7786269,1388.250188,-240.0660499,455.2621573,-0.5273138698,34.68487549,,0.7623469805,0.06930433214,0.0267386782,9.315126419,3.703896999,530.7498122,0,false,false,daofind,,0,None,false,low_snr
2167,1564.506691,1124.291263,-241.7158611,472.9271048,-0.5111059582,16.36722565,,0.6725946932,0.2363405377,0.2443621679,9.634735107,3.846462488,794.708737,0,false,false,daofind,,0,None,false,low_snr
2168,2554.942173,1340.521354,-242.0176353,437.3938435,-0.5533174253,5.529169083,,0.2497797642,0.4640213251,-0.8883536873,8.803833961,3.979960442,4.057827025,0,false,true,daofind,,0,None,false,low_snr;too_close_to_edge
2169,928.2522461,1147.19214,-246.7075067,467.2582068,-0.5279896706,18.2651844,,0.6262679269,0.2750162482,0.140320083,9.734815598,3.799712896,771.80786,0,false,false,daofind,,0,None,false,low_snr
2170,844.1788179,1402.580862,-246.9830543,446.5106715,-0.5531403167,19.44039536,,0.964230925,0.384042114,-0.2412062685,9.226270676,3.630388498,516.4191375,0,false,false,daofind,,0,None,false,low_snr
2171,1140.350436,815.9841075,-247.5497889,507.3837827,-0.4878945629,13.24193001,,0.8005603455,0.1496581286,-0.01192594852,10.76634407,4.1217556,815.9841075,0,false,false,daofind,,0,None,false,low_snr
2172,1051.125131,1216.634871,-250.2366503,485.9019732,-0.514994102,25.14208984,,0.8076012042,0.06606619805,0.3917225023,10.19124317,3.953457594,702.365129,0,false,false,daofind,,0,None,false,low_snr
2173,2177.272732,1792.775183,-250.7052066,458.1548595,-0.5472062588,14.07427788,,0.6684768259,-0.1306801587,0.1361459825,8.925722122,3.726313591,126.2248173,0,false,false,daofind,,0,None,false,low_snr
2174,2174.105235,1635.08569,-251.3093608,476.997471,-0.5268567991,12.84112263,,0.4665347138,-0.3305576444,0.01089450971,10.16356754,3.879065037,283.9143095,0,false,false,daofind,,0,None,false,low_snr
2175,2434.026633,629.6707154,-252.252395,462.3813033,-0.5455505946,39.44826126,,0.890310673,-0.03497784957,0.121343479,9.551737785,3.761448383,124.9733673,0,false,false,daofind,,0,None,false,low_snr
2176,1755.30463,118.8663066,-252.4478247,437.0404127,-0.5776303914,13.61348248,,0.6963860113,-0.003186036134,0.1205068498,8.055150986,3.556464911,118.8663066,0,false,false,daofind,,0,None,false,low_snr
2177,114.1329379,82.0492245,-252.5316432,434.3584409,-0.5813899753,13.09221363,,0.5861227877,-0.5868157744,-0.8946115005,7.5744524,3.533970356,82.0492245,0,false,false,daofind,,0,None,false,low_snr
2178,269.410109,822.5981871,-252.9694072,495.4320803,-0.510603607,16.48931122,,0.7109550311,-0.1363346428,-0.0979361398,10.84773922,4.028600693,269.410109,0,false,false,daofind,,0,None,false,low_snr
2179,2484.690571,1832.636563,-253.5635977,439.4841234,-0.5769573556,27.14021301,,0.9593020742,-0.4549886584,-0.1250561252,7.85978651,3.574356556,74.30942915,0,false,false,daofind,,0,None,false,low_snr
2180,676.8004335,72.26429581,-254.3405472,926.8045125,-0.2744273941,19.77776337,,0.6861730762,-0.3556875288,-0.07294831202,8.533776283,7.512016773,72.26429581,0,false,false,daofind,,0,None,false,low_snr
2181,695.7143431,586.7647135,-254.931473,450.8158012,-0.5654892138,26.90224457,,1.068613273,-0.004773797002,0.1698526397,9.76442337,3.667042017,586.7647135,0,false,false,daofind,,0,None,false,low_snr;not_star_like
2182,1055.729573,1437.158154,-255.578033,453.6208889,-0.5634176893,14.55220222,,0.710527517,-0.4286413491,-0.5983209709,9.777349472,3.693382502,481.8418463,0,false,false,daofind,,0,None,false,low_snr
2183,80.79979628,1795.373058,-257.2050294,438.7695967,-0.586196107,16.78023338,,0.5926481602,0.01991384663,-0.3299959501,7.219766617,3.570844889,80.79979628,0,false,false,daofind,,0,None,false,low_snr
2184,2307.30233,920.8478411,-258.2621883,444.5429391,-0.5809611752,26.66140366,,0.801508777,-0.2979906797,-0.3304972188,9.671927452,3.615882874,251.6976704,0,false,false,daofind,,0,None,false,low_snr
2185,962.9671871,444.9053021,-258.9045308,477.8026525,-0.5418649926,15.06178093,,0.6591405921,0.4355411828,-0.09636021019,10.27155304,3.887123108,444.9053021,0,false,false,daofind,,0,None,false,low_snr
2186,1249.122862,1348.619699,-260.2405093,462.2689273,-0.5629634482,35.76834106,,0.8816144394,0.3287873268,-0.1683673552,9.56498909,3.758155346,570.3803014,0,false,false,daofind,,0,None,false,low_snr
2187,227.2399028,1428.392255,-261.1815297,486.7803907,-0.5365489955,19.05544662,,0.5527187062,0.1861258596,-0.1002556156,9.93907547,3.961554527,227.2399028,0,false,false,daofind,,0,None,false,low_snr
2188,816.8669877,409.2107841,-261.7346554,465.6835903,-0.5620439734,13.67875957,,0.6748716419,0.2478231639,0.3481646182,9.653916359,3.787581682,409.2107841,0,false,false,daofind,,0,None,false,low_snr
2189,393.0916529,1780.952859,-262.1600587,481.8435657,-0.5440771184,17.07982635,,0.7506537061,-0.7035201788,-0.229831997,9.586839676,3.919629812,138.047141,0,false,false,daofind,,0,None,false,low_snr
2190,1659.293885,1801.984135,-262.8409186,449.5110022,-0.5847263299,31.33249664,,1.057437787,-0.2430684417,-0.09490873479,8.667504311,3.656619787,117.0158653,0,false,false,daofind,,0,None,false,low_snr;not_star_like
2191,604.5170661,60.08174186,-264.2969439,854.7740033,-0.3092009618,22.5747776,,0.8043334081,-0.5841265917,-0.129094374,8.425222397,6.973342896,60.08174186,0,false,false,daofind,,0,None,false,low_snr
2192,2475.258762,1177.862846,-267.5804077,453.0481397,-0.5906224622,14.05675697,,0.5361444351,0.2401451468,0.4645866572,8.944858551,3.686347961,83.74123756,0,false,false,daofind,,0,None,false,low_snr
2193,19.90608671,357.6357286,-270.1668419,440.7459777,-0.6129763074,13.74054432,,0.6629171477,0.4728538394,-0.3412547661,6.59278965,3.583546638,19.90608671,0,false,false,daofind,,0,None,false,low_snr
2194,1811.183266,1413.685782,-271.1327569,486.4401119,-0.5573815774,25.86709976,,0.8368403009,-0.3258354366,-0.2944653946,9.464314461,3.957443476,505.3142183,0,false,false,daofind,,0,None,false,low_snr
2195,1791.726663,321.1981175,-271.1911025,460.8908286,-0.5884063767,20.67800522,,0.841731902,0.3097894192,0.407812047,9.321993828,3.748416662,321.1981175,0,false,false,daofind,,0,None,false,low_snr
2196,1962.632027,458.0316317,-271.543046,480.2270055,-0.5654472633,21.1704483,,0.7512208773,-0.2560506165,-0.1523087111,9.829551697,3.907198429,458.0316317,0,false,false,daofind,,0,None,false,low_snr
2197,2392.072522,591.9865613,-271.7169371,460.5655363,-0.5899636766,25.03566742,,0.794109554,-0.1350259334,-0.2574164016,9.964331627,3.745457172,166.9274777,0,false,false,daofind,,0,None,false,low_snr
2198,1926.543277,709.3746194,-272.9335925,454.8204804,-0.6000908143,17.76909065,,0.8905503537,0.6117550731,0.2760002959,9.565283775,3.695649624,632.4567227,0,false,false,daofind,,0,None,false,low_snr
2199,2221.954428,1849.99089,-275.3196578,426.7417858,-0.6451668596,13.79593086,,0.84465656,-0.05948009342,-0.164826744,8.204069138,3.4700284,69.00910961,0,false,false,daofind,,0,None,false,low_snr
2200,630.6886446,311.0528729,-275.3906661,458.4172173,-0.6007424148,28.04123306,,0.9377685228,0.01202789601,-0.1811561851,9.958766937,3.711036921,311.0528729,0,false,false,daofind,,0,None,false,low_snr
2201,891.9943046,1366.463783,-275.6121015,469.2212173,-0.5873820096,17.66485977,,0.7441969753,0.03627934307,0.2500357433,9.668475151,3.817422628,552.5362168,0,false,false,daofind,,0,None,false,low_snr
2202,1546.167044,280.3591545,-276.8333143,542.6263657,-0.5101729878,17.88588333,,0.8064498381,0.3187238574,0.2985772772,10.44555569,4.41906929,280.3591545,0,false,false,daofind,,0,None,false,low_snr
2203,2077.14428,79.29564897,-279.9613551,447.7086378,-0.6253204237,25.32417297,,0.902975549,-0.1148189008,0.06296013915,8.342494011,3.641623259,79.29564897,0,false,false,daofind,,0,None,false,low_snr
2204,1697.27404,593.8732403,-281.9162625,492.0120954,-0.5729864473,18.95402145,,0.8379700466,-0.9951630235,-0.4292649849,9.711318016,4.003832817,593.8732403,0,false,false,daofind,,0,None,false,low_snr
2205,59.13477406,251.9239425,-282.3520907,458.5164054,-0.6157949582,10.71927643,,0.7280902471,-0.01619610004,-0.2408274964,7.280724049,3.730233192,59.13477406,0,false,false,daofind,,0,None,false,low_snr
2206,363.8016208,1158.87592,-282.579557,433.3125507,-0.6521379465,27.06983185,,1.219805971,0.231241703,-0.1519398394,8.930167198,3.524232626,363.8016208,0,false,false,daofind,,0,None,false,low_snr;not_star_like
2207,612.1468345,1323.351726,-284.3491824,444.8899354,-0.6391450104,9.997170448,,0.5731779385,0.8127408028,0.8477872556,9.336163521,3.619103432,595.6482737,0,false,false,daofind,,0,None,false,low_snr
2208,2145.547879,1788.896429,-285.4555976,464.1680775,-0.6149832602,23.4106636,,0.9052604769,-0.3015767932,-0.2032432476,8.922821999,3.774670601,130.1035711,0,false,false,daofind,,0,None,false,low_snr
2209,713.1053569,720.6922813,-285.9421978,447.6247457,-0.638798906,18.29908752,,0.9184958308,-0.2618429959,-0.7406353438,9.367577553,3.63955164,713.1053569,0,false,false,daofind,,0,None,false,low_snr
2210,1731.130786,1415.092023,-287.590437,495.8044837,-0.5800480764,30.90939331,,0.9241486932,0.1798491627,0.08811550725,10.09060669,4.033862114,503.9079767,0,false,false,daofind,,0,None,false,low_snr
2211,503.9902353,336.7921802,-293.5485169,482.7563246,-0.6080676771,36.82195663,,0.9984366631,0.009964627214,-0.01438628279,9.84471035,3.92595911,336.7921802,0,false,false,daofind,,0,None,false,low_snr
2212,1067.435228,233.7806832,-293.555586,485.7899431,-0.6042850211,18.26732635,,0.9860045674,0.3603488803,-0.3484216244,9.732673645,3.952969074,233.7806832,0,false,false,daofind,,0,None,false,low_snr
2213,1995.342154,665.2944036,-295.6986142,468.9442056,-0.630562465,20.81490707,,0.8579301739,0.0911539793,0.250246687,9.854326248,3.812056303,563.6578457,0,false,false,daofind,,0,None,false,low_snr
2214,1852.802499,440.0783027,-295.7767774,461.879587,-0.6403763789,22.61686707,,0.7050022071,-0.6525211334,-0.6520002097,9.383132935,3.757189751,440.0783027,0,false,false,daofind,,0,None,false,low_snr
2215,1370.449055,1062.74958,-295.8089461,458.0821357,-0.6457552546,21.62537766,,0.7647052023,0.01744244434,0.1674560033,9.387703896,3.72688055,856.2504204,0,false,false,daofind,,0,None,false,low_snr
2216,991.5083712,471.0792139,-297.1703497,487.4265313,-0.6096720851,11.32365513,,0.4681898868,0.2215124071,-0.1767865968,10.34587193,3.965511084,471.0792139,0,false,false,daofind,,0,None,false,low_snr
2217,1736.796162,1747.305147,-302.9584491,470.4998911,-0.643907586,21.17417336,,0.7218658507,-0.6656311154,0.3579355115,8.839962959,3.829530001,171.6948528,0,false,false,daofind,,0,None,false,low_snr
2218,1441.724415,1400.195637,-308.9248505,459.5798665,-0.6721896954,23.93774414,,0.8481946599,-0.5120979548,-0.3510270687,9.395588875,3.738957882,518.8043635,0,false,false,daofind,,0,None,false,low_snr
2219,1894.952173,526.4970258,-309.1162978,466.5809431,-0.662513766,24.37799072,,0.8377040946,-0.4042167664,-0.0731803342,9.622588158,3.795717239,526.4970258,0,false,false,daofind,,0,None,false,low_snr
2220,1556.604148,468.2575372,-310.1988946,477.8673974,-0.6491317388,15.76356888,,0.8397551678,0.3720969856,-0.03803204087,9.569765091,3.888344049,468.2575372,0,false,false,daofind,,0,None,false,low_snr
2221,745.3403769,1809.936798,-312.873761,434.6189247,-0.7198806663,10.92170811,,0.7289553416,0.5229642391,0.395384009,8.411625862,3.533827543,109.0632021,0,false,false,daofind,,0,None,false,low_snr
2222,1705.655484,922.455047,-313.3149551,483.0763104,-0.6485827359,35.34719849,,0.8632877913,-0.1421707869,-0.3752306631,9.319468498,3.927946329,853.3445163,0,false,false,daofind,,0,None,false,low_snr
2223,1106.13429,688.1221248,-314.5588244,478.4028212,-0.6575187488,12.12228203,,0.4353570362,0.002559318673,-0.06756403406,9.544384003,3.892933607,688.1221248,0,false,false,daofind,,0,None,false,low_snr
2224,182.0937207,1068.569622,-316.0017717,449.9845816,-0.7022502205,29.56370544,,1.043578374,0.4673402905,-0.08853925509,9.102962494,3.660577297,182.0937207,0,false,false,daofind,,0,None,false,low_snr;not_star_like
2225,333.7496425,165.426079,-316.6592645,460.1137978,-0.6882194492,14.18652534,,0.6408149672,0.6505814791,-0.02239502315,8.80213356,3.741126776,165.426079,0,false,false,daofind,,0,None,false,low_snr
2226,1489.683619,4.438766008,-316.8363194,371.543137,-0.8527578305,6.833643436,,0.5093779456,-0.4481422007,-0.8187332231,5.824322224,3.333711386,4.438766008,0,false,true,daofind,,0,None,false,low_snr;too_close_to_edge
2227,2533.302675,1586.247207,-319.6018029,470.5008812,-0.6792799241,16.94241524,,0.7516255853,0.567930758,-0.1432104603,9.057584763,3.828555107,25.69732515,0,false,false,daofind,,0,None,false,low_snr
2228,321.0057674,208.8973969,-320.376113,465.3321012,-0.688489172,28.51004791,,0.9818050268,-0.4978553951,-0.2493704171,9.489952087,3.784104347,208.8973969,0,false,false,daofind,,0,None,false,low_snr
2229,2522.861501,325.369814,-322.1009471,456.0742641,-0.7062467068,11.22434044,,0.5595614078,0.912763238,1.153871971,8.772873878,3.709338427,36.13849896,0,false,false,daofind,,0,None,false,low_snr;too_elongated
2230,2286.601921,1815.210999,-322.6201546,433.2306025,-0.7446845925,21.16927338,,1.005388911,0.4216935933,-0.03488835241,8.830287933,3.524092436,103.7890007,0,false,false,daofind,,0,None,false,low_snr;not_star_like
2231,2503.783831,992.8919327,-323.822881,429.1852366,-0.7545061044,15.88167477,,0.7392307738,-0.4524870515,-0.1207221603,8.118325233,3.491047859,55.21616942,0,false,false,daofind,,0,None,false,low_snr
2232,61.65820055,1639.418374,-323.8455933,412.7725845,-0.7845617793,10.18736076,,0.5787314806,-0.1067476124,-0.2251818714,7.149206638,3.359811306,61.65820055,0,false,false,daofind,,0,None,false,low_snr
2233,11.38445519,1522.147469,-324.0078216,416.9501079,-0.7770901494,5.686570168,,0.5434146604,-0.5395448208,0.4819764585,6.980975151,3.391813755,11.38445519,0,false,true,daofind,,0,None,false,low_snr
2234,2420.230213,1036.769315,-324.447357,435.2669563,-0.7453985474,15.82712269,,0.5563719579,-0.3903495669,-0.6675288525,9.506211281,3.541004181,138.7697875,0,false,false,daofind,,0,None,false,low_snr
2235,588.8082375,1109.176276,-326.2759802,479.8876695,-0.6799007371,8.796190262,,0.5659171293,-0.1772013754,-1.242213679,9.537143707,3.904923439,588.8082375,0,false,false,daofind,,0,None,false,low_snr;too_elongated
2236,144.7576708,1317.823378,-326.8616612,436.3395082,-0.749099394,21.00208282,,0.8818326115,0.07419317961,-0.4600757477,8.66458416,3.548907042,144.7576708,0,false,false,daofind,,0,None,false,low_snr
2237,9.426490075,1867.039178,-327.3581513,404.1718393,-0.8099479465,23.5,,1.135524339,0.1225742772,0.3703373658,5.5,3.286718607,9.426490075,0,false,true,daofind,,0,None,false,low_snr;not_star_like
2238,1894.401404,714.7462205,-331.701823,462.2424526,-0.7175927289,15.11638546,,0.6881190503,-0.7698252797,-0.02618860173,9.550280571,3.760985613,664.5985958,0,false,false,daofind,,0,None,false,low_snr
2239,182.871128,42.82650029,-333.7528317,441.8290561,-0.7553890516,12.8752594,,0.6590868438,-0.4019239843,0.328135301,7.791407108,3.59406662,42.82650029,0,false,false,daofind,,0,None,false,low_snr
2240,31.09742739,1171.074506,-336.1380666,433.940628,-0.7746176433,15.71779633,,0.8902983084,-0.1974679083,-0.2725182709,6.278053761,3.530143261,31.09742739,0,false,false,daofind,,0,None,false,low_snr
2241,639.1518348,1050.983448,-336.2639163,490.9785443,-0.6848851548,21.92055511,,0.82104279,-0.2435685098,-0.4505457636,10.07944393,3.994214296,639.1518348,0,false,false,daofind,,0,None,false,low_snr
2242,850.3713291,1699.535668,-336.4395628,456.054285,-0.7377182363,20.78339767,,0.7429297165,-0.06924843788,0.4171252734,8.88326931,3.7092309,219.4643322,0,false,false,daofind,,0,None,false,low_snr
2243,2509.613329,222.0626805,-338.5724084,447.796016,-0.7560862453,5.423841476,,0.4694649444,0.2314693481,0.6413385923,8.576158524,3.644557238,49.38667076,0,false,false,daofind,,0,None,false,low_snr
2244,339.6721872,636.8710458,-339.469201,486.0228297,-0.6984634882,47.58145142,,0.9693761195,-0.2973617017,-0.2144807643,10.08521461,3.95244956,339.6721872,0,false,false,daofind,,0,None,false,low_snr
2245,327.2582955,404.7909686,-339.5615022,498.8345208,-0.6807097104,37.48797989,,0.9080324469,0.01073262375,-0.206193748,10.178689,4.059437752,327.2582955,0,false,false,daofind,,0,None,false,low_snr
2246,926.5643327,1910.427237,-340.6696745,460.9067674,-0.7391292526,12.16765308,,0.557832564,0.4990288615,-0.4357322333,8.166042328,3.753659964,8.572763302,0,false,true,daofind,,0,None,false,low_snr;too_close_to_edge
2247,2041.065563,6.066798731,-341.060555,416.8298878,-0.8182248081,14.48427868,,1.022373518,-0.3601231575,-0.141413042,6.855068207,3.556779623,6.066798731,0,false,true,daofind,,0,None,false,low_snr;too_close_to_edge;not_star_like
2248,486.0096764,1649.608065,-347.4987306,481.6477328,-0.7214790125,22.1360302,,1.093103677,-0.3322712481,-0.4074532322,9.530635834,3.919783115,269.3919346,0,false,false,daofind,,0,None,false,low_snr;not_star_like
2249,2485.138621,1057.182765,-348.8491762,437.3523388,-0.7976387579,17.22555923,,0.9832035302,0.160689041,0.2869764861,8.107773781,3.55763793,73.86137851,0,false,false,daofind,,0,None,false,low_snr
2250,297.9390678,530.4042754,-348.964722,491.8903221,-0.7094360396,23.68182945,,0.9010857517,-0.08934042603,0.43224846,9.984838486,4.001598835,297.9390678,0,false,false,daofind,,0,None,false,low_snr
2251,1583.208563,341.6033068,-351.585913,500.0796576,-0.7030598179,14.9657774,,0.690078692,-0.502584517,-0.07951592834,10.37154102,4.068332195,341.6033068,0,false,false,daofind,,0,None,false,low_snr
2252,241.0907031,1719.304392,-352.8548648,518.7355257,-0.6802211286,15.54414177,,0.7406920679,-0.2148723602,0.8347076044,10.45222855,4.220898628,199.6956081,0,false,false,daofind,,0,None,false,low_snr
2253,52.78809044,1378.416568,-353.7937882,403.7334573,-0.8763053491,9.301085472,,0.8186622264,0.2326640338,0.2908700773,6.058153629,3.283982754,52.78809044,0,false,false,daofind,,0,None,false,low_snr
2254,796.8848798,101.3835072,-354.2657569,449.8754196,-0.7874752465,10.74734974,,0.7074468834,0.2363177836,-0.7293411137,7.236269474,3.654670715,101.3835072,0,false,false,daofind,,0,None,false,low_snr
2255,109.6042389,1443.468648,-356.9934858,417.8340474,-0.8543906082,18.20407486,,0.8687115691,0.8912904859,0.5003391826,7.79592514,3.397864819,109.6042389,0,false,false,daofind,,0,None,false,low_snr
2256,2001.527843,1645.758263,-358.200667,458.7469436,-0.7808240947,19.44481277,,0.6716851379,0.1469902545,0.05916730914,9.892101288,3.731495142,273.2417373,0,false,false,daofind,,0,None,false,low_snr
2257,625.0104411,704.7918149,-358.2214969,462.2300096,-0.7749853741,19.52829552,,0.7154619447,0.1322548538,0.5173741272,9.471704483,3.759830236,625.0104411,0,false,false,daofind,,0,None,false,low_snr
2258,2514.809468,1487.89547,-358.6607748,480.2383676,-0.7468390679,18.21526527,,0.7416480826,0.3882678151,-0.01629386427,9.118068695,3.90546608,44.19053192,0,false,false,daofind,,0,None,false,low_snr
2259,2097.09496,1060.475563,-359.1432788,472.3315277,-0.7603627065,19.98102188,,0.9222382437,-0.04003201425,-0.1115932543,9.352313042,3.841753244,461.9050401,0,false,false,daofind,,0,None,false,low_snr
2260,1334.509671,63.43859985,-362.928206,394.3186862,-0.9203931204,19.97235298,,0.6605688149,-0.1021127403,0.1467367442,7.034778118,3.205753326,63.43859985,0,false,false,daofind,,0,None,false,low_snr
2261,1842.922878,1106.44359,-363.0531472,452.4606187,-0.8023972301,18.27919388,,0.8396600239,-0.1379665583,0.352332791,9.387473106,3.681167841,716.0771218,0,false,false,daofind,,0,None,false,low_snr
2262,1417.988588,1023.148866,-365.1523605,472.6335457,-0.7725908661,19.80952263,,1.040858946,0.3907149434,0.251542468,9.857143402,3.846308708,895.8511339,0,false,false,daofind,,0,None,false,low_snr;not_star_like
2263,1962.065044,245.392513,-366.3673104,468.9930672,-0.7811785205,17.14961624,,0.9399998159,0.0321466513,0.4972209526,9.856767654,3.81397748,245.392513,0,false,false,daofind,,0,None,false,low_snr
2264,778.8448557,498.8212942,-367.4826958,453.0112577,-0.8111999196,17.37970734,,1.082415393,0.08729624748,-0.1807914872,9.620292664,3.68377018,498.8212942,0,false,false,daofind,,0,None,false,low_snr;not_star_like
2265,1878.668516,154.0266982,-368.7132364,460.641886,-0.8004335854,16.11517715,,0.7126649063,-0.3466826081,0.07878621807,9.218155861,3.750891209,154.0266982,0,false,false,daofind,,0,None,false,low_snr
2266,884.2093823,1572.494414,-368.9132095,473.2259603,-0.7795709459,22.00287247,,0.8012376529,0.4631707668,0.1690392063,9.663794518,3.849861145,346.5055856,0,false,false,daofind,,0,None,false,low_snr
2267,311.5102576,1107.539496,-369.8743824,437.9104474,-0.8446347527,15.204216,,0.7021864997,0.1215046719,-0.09092592416,9.776453972,3.562298059,311.5102576,0,false,false,daofind,,0,None,false,low_snr
2268,457.0745061,3.982798359,-370.1698125,396.3283945,-0.933997709,8.236871719,,0.6581609512,0.3283618987,0.2165152994,7.429795742,3.617458105,3.982798359,0,false,true,daofind,,0,None,false,low_snr;too_close_to_edge
2269,1042.99698,50.70582689,-374.4410971,453.3628248,-0.8259192784,7.450232029,,0.6228311528,-0.9408340454,-0.3523255955,7.209504604,3.689044476,50.70582689,0,false,false,daofind,,0,None,false,low_snr
2270,1780.644935,415.2830748,-375.3460733,450.8074421,-0.8326084227,23.82441902,,1.058704834,-0.2206758708,-0.6032041808,9.50891304,3.666214228,415.2830748,0,false,false,daofind,,0,None,false,low_snr;not_star_like
2271,2136.09066,73.68832382,-375.3547324,427.7074008,-0.8775970013,23.95624161,,1.036683596,0.1925558448,-0.06578782907,8.377090454,3.481474638,73.68832382,0,false,false,daofind,,0,None,false,low_snr;not_star_like
2272,1738.239968,1032.190649,-375.6996068,492.6102842,-0.7626710585,14.12729263,,0.5776017287,-0.1717498749,0.08913627033,9.538440704,4.008937836,820.7600322,0,false,false,daofind,,0,None,false,low_snr
2273,1752.562717,1822.418348,-376.0832948,439.5439689,-0.8556215565,15.96411896,,0.8136028854,0.327824831,-0.003690844005,8.032365799,3.575358391,96.58165163,0,false,false,daofind,,0,None,false,low_snr
2274,1152.539383,1293.18987,-376.6653076,485.6945329,-0.7755189365,14.5334959,,0.6448326949,-0.5976368785,-0.02859359635,9.799163818,3.953000307,625.8101301,0,false,false,daofind,,0,None,false,low_snr
2275,1778.160367,63.75399199,-378.3099318,416.4450793,-0.9084269466,11.42697716,,0.7015673303,0.4568684101,0.382312823,7.239688873,3.387261152,63.75399199,0,false,false,daofind,,0,None,false,low_snr
2276,1400.515043,757.1649396,-380.087743,464.5972221,-0.8181016263,33.59267426,,0.8774185166,-0.2944659889,-0.3090089195,9.747844696,3.78005743,757.1649396,0,false,false,daofind,,0,None,false,low_snr
2277,433.4391984,1073.235169,-380.5348216,465.1790367,-0.8180394892,15.70665932,,0.7470553924,-0.07586187869,0.09904225473,8.960006714,3.785397291,433.4391984,0,false,false,daofind,,0,None,false,low_snr
2278,1594.538661,1825.875011,-383.2155831,454.3549034,-0.8434278583,8.458805084,,0.5682179463,-0.5471358895,0.005887437879,7.874529362,3.69716692,93.12498941,0,false,false,daofind,,0,None,false,low_snr
2279,2501.185609,144.5517236,-385.8760918,414.6245862,-0.9306637971,36.08865356,,1.011196707,-0.296571672,-0.2791938614,8.244678497,3.373549223,57.81439056,0,false,false,daofind,,0,None,false,low_snr;not_star_like
2280,391.7355565,754.925253,-385.9302725,460.7917204,-0.8375373414,29.77827835,,0.9499026373,0.02936234511,0.8491380665,9.555053711,3.748228788,391.7355565,0,false,false,daofind,,0,None,false,low_snr
2281,2057.87616,737.2113926,-387.7457243,529.4091864,-0.7324121572,18.94188499,,0.9824871262,-0.5937088728,-0.3557023058,9.391448975,4.270647049,501.1238395,0,false,false,daofind,,0,None,false,low_snr
2282,604.4466703,1523.016593,-388.7904919,463.946779,-0.8380066626,22.76685143,,0.9087862337,0.1260094196,-0.3423335236,9.566480637,3.774737835,395.9834073,0,false,false,daofind,,0,None,false,low_snr
2283,1789.218005,1160.611237,-389.544273,441.0698698,-0.8831804203,20.18163872,,0.7167538463,0.2736086845,0.0662825462,9.151695251,3.587390423,758.3887626,0,false,false,daofind,,0,None,false,low_snr
2284,800.7492413,994.0421168,-389.561319,452.7146042,-0.8605008881,25.00720596,,1.002988228,-0.5365675092,0.1759743496,9.326127052,3.681980133,800.7492413,0,false,false,daofind,,0,None,false,low_snr;not_star_like
2285,2033.413267,1238.806703,-389.7438929,511.1433995,-0.7624942302,22.37689972,,0.9473554228,-0.5498948097,-0.04485250335,9.960342407,4.157175064,525.5867326,0,false,false,daofind,,0,None,false,low_snr
2286,2216.514978,1336.878796,-390.881739,458.2774099,-0.8529369559,20.62746048,,1.08074459,1.066993833,0.1487403047,9.705873489,3.727318525,342.4850223,0,false,false,daofind,,0,None,false,low_snr;not_star_like;too_elongated
2287,1737.592109,1302.97179,-391.972775,483.2104454,-0.8111843994,20.37456894,,0.7747690743,-0.03597997501,0.06001110549,9.292098045,3.931636333,616.0282102,0,false,false,daofind,,0,None,false,low_snr
2288,1686.569819,747.0521678,-399.8991873,508.008503,-0.7871899485,9.014006615,,0.6551406426,-0.7360312939,-0.8697775706,9.652659416,4.13361454,747.0521678,0,false,false,daofind,,0,None,false,low_snr
2289,2029.810296,1403.857712,-401.6415221,494.2892996,-0.8125636595,18.61762047,,0.7903128803,0.1429618001,0.5464897159,9.715713501,4.021648407,515.1422876,0,false,false,daofind,,0,None,false,low_snr
2290,1972.171377,14.65054838,-403.4632821,424.2525074,-0.9509979907,5.508113384,,0.5467859393,0.004479354247,-0.9735663122,6.83224678,3.450678587,14.65054838,0,false,true,daofind,,0,None,false,low_snr
2291,1569.577112,778.9798978,-404.3549732,501.3529747,-0.8065275236,19.21198654,,0.8592334909,-0.9172897339,-0.4339646471,10.12134743,4.079641819,778.9798978,0,false,false,daofind,,0,None,false,low_snr
2292,19.78826908,163.4365707,-410.5972339,410.5005716,-1.000235474,15.35049343,,0.9621723859,0.1284846514,-0.2696712108,6.982840538,3.337789536,19.78826908,0,false,false,daofind,,0,None,false,low_snr
2293,1869.662698,256.4446949,-411.5076621,467.2402821,-0.8807195737,11.03556919,,0.4805199071,-0.291975826,-0.3883982307,9.297764778,3.801192284,256.4446949,0,false,false,daofind,,0,None,false,low_snr
2294,27.59079925,235.1989924,-412.20736,442.8345012,-0.9308384032,5.729365349,,0.379372432,-0.5203883648,-0.03683566001,6.943412781,3.60182476,27.59079925,0,false,false,daofind,,0,None,false,low_snr
2295,1018.127542,1484.282728,-412.5677348,445.8519497,-0.9253469342,24.87011719,,1.03657263,-0.1914012283,-0.1010706393,9.800103188,3.625417471,434.7172724,0,false,false,daofind,,0,None,false,low_snr;not_star_like
2296,2463.490461,1372.005845,-415.9815583,485.5907299,-0.8566505344,13.33080101,,0.5757573802,-0.12284109,-0.1834489481,9.008153915,3.949608088,95.50953942,0,false,false,daofind,,0,None,false,low_snr
2297,1048.354558,1389.215118,-417.6986759,461.1936085,-0.905690513,14.37430573,,1.342584522,-0.4768621027,0.3282726436,9.959028244,3.754344463,529.7848818,0,false,false,daofind,,0,None,false,low_snr;not_star_like
2298,1247.545962,1460.901254,-418.5629236,462.6805096,-0.9046478399,20.61488533,,0.6915285063,0.1290494204,-0.3660058811,10.0517807,3.764600992,458.0987462,0,false,false,daofind,,0,None,false,low_snr
2299,40.40630779,1724.571019,-421.4528166,406.8610464,-1.03586426,19.21037674,,1.084352219,-0.3321481347,-0.1189918793,6.122957706,3.309772491,40.40630779,0,false,false,daofind,,0,None,false,low_snr;not_star_like
2300,1526.288371,592.9103755,-423.7894984,452.3910163,-0.9367769985,9.163942337,,0.3953887327,-0.3148191571,-0.8295334988,9.502723694,3.677042007,592.9103755,0,false,false,daofind,,0,None,false,low_snr
2301,46.48008726,604.8744856,-424.0623529,374.8058659,-1.131418666,15.89379406,,0.7442163905,0.6018503308,0.03023944772,6.772871971,3.045474291,46.48008726,0,false,false,daofind,,0,None,false,low_snr
2302,1903.729645,1907.521831,-425.1403078,447.4178094,-0.9502087285,7.488161087,,0.4011682854,-0.7741974592,-0.9697058229,6.845171928,3.641415358,11.47816946,0,false,true,daofind,,0,None,false,low_snr
2303,1781.880779,1756.253533,-427.0602367,466.7857522,-0.9148956127,15.36759853,,0.8771545972,-0.5051317215,-0.4320395037,8.632401466,3.799028397,162.7464668,0,false,false,daofind,,0,None,false,low_snr
2304,1453.963377,80.29799057,-428.2793346,423.7466849,-1.010696602,7.530452728,,0.5141811414,0.8101027012,0.7681164125,7.445284367,3.44749999,80.29799057,0,false,false,daofind,,0,None,false,low_snr
2305,2442.663438,1083.338147,-428.4974275,438.4965744,-0.9771967502,31.36936188,,0.9498738096,0.1656851172,0.09605878286,8.963969231,3.567376614,116.3365624,0,false,false,daofind,,0,None,false,low_snr
2306,1025.046903,875.2966968,-428.7817232,461.6224713,-0.9288579952,21.3858223,,0.8027280709,-0.453715235,-0.2462668744,10.28084469,3.754586697,875.2966968,0,false,false,daofind,,0,None,false,low_snr
2307,835.1437317,538.1495749,-429.0446142,464.0051981,-0.9246547582,17.50581741,,0.7941239081,0.2413336337,0.2036533196,9.827517509,3.774955988,538.1495749,0,false,false,daofind,,0,None,false,low_snr
2308,1694.365726,809.2397853,-429.1893153,498.2653562,-0.8613669603,23.0348587,,0.9832401673,0.3456006944,-0.4366440951,9.629484177,4.057656288,809.2397853,0,false,false,daofind,,0,None,false,low_snr
2309,2522.127453,387.5646561,-429.3300018,465.3963471,-0.9225040215,29.46179771,,0.9612518968,0.0005078152171,0.246472171,8.538202286,3.786202192,36.87254697,0,false,false,daofind,,0,None,false,low_snr
2310,2190.205171,147.7431891,-430.5681115,455.3227742,-0.9456327158,8.024816513,,0.439236857,0.333476156,0.1342139198,8.975183487,3.706218481,147.7431891,0,false,false,daofind,,0,None,false,low_snr
2311,2554.266586,1481.5254,-431.6204387,439.5794609,-0.9818940081,20.7473774,,0.7772722353,0.655074656,-0.1629059295,8.919288635,3.903612375,4.733414281,0,false,true,daofind,,0,None,false,low_snr;too_close_to_edge
2312,1338.563231,102.077044,-433.5280184,414.4214979,-1.046104077,21.9666481,,0.9710888466,-0.5078814626,0.03706351916,7.700018406,3.371458292,102.077044,0,false,false,daofind,,0,None,false,low_snr
2313,1081.633999,1296.970102,-433.7659208,483.125553,-0.8978327023,27.70614052,,1.281660447,0.686994791,0.03622990886,10.29385948,3.930203915,622.0298978,0,false,false,daofind,,0,None,false,low_snr;not_star_like
2314,692.349319,449.0799015,-437.8526392,450.9103634,-0.9710414192,10.92903233,,0.5194053518,-0.4727163613,0.4870724511,9.737633705,3.661867142,449.0799015,0,false,false,daofind,,0,None,false,low_snr
2315,1592.48483,972.0689143,-438.2392512,504.604965,-0.8684798637,14.22839069,,0.7957769043,0.5978212357,-0.1614428433,9.771609306,4.10452795,946.9310857,0,false,false,daofind,,0,None,false,low_snr
2316,183.235871,217.2780145,-438.5968715,473.4084683,-0.9264660453,9.568234444,,0.5148424947,-0.5475126505,0.3046131491,9.431765556,3.851491451,183.235871,0,false,false,daofind,,0,None,false,low_snr
2317,2166.581688,603.2514352,-439.1375358,459.4217969,-0.9558482832,22.57690048,,1.145694723,-0.5440395474,0.2360437983,9.423098564,3.73622036,392.4183116,0,false,false,daofind,,0,None,false,low_snr;not_star_like
2318,2501.193441,347.1656378,-439.8185794,461.8200651,-0.9523591818,11.47865486,,0.6810144488,-0.2979411483,0.5957741056,8.856140137,3.75713253,57.8065593,0,false,false,daofind,,0,None,false,low_snr
2319,2239.576477,290.8397631,-442.5286514,499.734957,-0.8855267081,11.7467556,,0.5915175406,0.09213416278,-1.588694233,9.92896843,4.067532539,290.8397631,0,false,false,daofind,,0,None,false,low_snr;too_elongated
2320,991.0867106,512.9839537,-443.1670835,507.0581369,-0.8739965918,32.0368042,,0.8464039418,0.07040204108,0.3067149539,10.29652882,4.127517223,512.9839537,0,false,false,daofind,,0,None,false,low_snr
2321,1394.310575,466.8914788,-447.5456018,455.04745,-0.9835141407,20.01102829,,0.670028135,-0.1314601749,-0.06453451051,9.654194832,3.700802088,466.8914788,0,false,false,daofind,,0,None,false,low_snr
2322,2261.439232,111.8003744,-448.2636882,436.3626173,-1.027273351,19.88982391,,0.8264427544,0.3629892766,-0.3357798356,9.11017704,3.549511671,111.8003744,0,false,false,daofind,,0,None,false,low_snr
2323,2303.056804,293.908967,-449.9642508,500.3707704,-0.8992616625,11.73402023,,0.8354727953,-0.0299179703,-0.8229761133,9.926784515,4.071806431,255.9431958,0,false,false,daofind,,0,None,false,low_snr
2324,1211.997371,1109.861725,-450.5836017,442.6488769,-1.017925551,8.417682648,,0.6243175539,1.060599804,-0.401747483,9.582317352,3.602185965,809.1382754,0,false,false,daofind,,0,None,false,low_snr;too_elongated
2325,1675.05907,1909.521638,-450.6207678,447.837691,-1.006214477,7.586787701,,0.5492915583,0.6294550896,0.3381319375,7.05719471,3.643528223,9.478362439,0,false,true,daofind,,0,None,false,low_snr
2326,2311.187135,1204.211153,-450.6452958,470.0886832,-0.958638895,15.07355976,,0.7595261182,-0.2766419053,-0.045888274,9.588546753,3.824469805,247.8128646,0,false,false,daofind,,0,None,false,low_snr
2327,772.758237,1260.383849,-453.5341011,468.4207099,-0.968219576,16.90623283,,0.6768949834,-0.3202429116,0.02799301286,9.760433197,3.811650991,658.6161509,0,false,false,daofind,,0,None,false,low_snr
2328,2493.897524,1908.507679,-455.4430199,438.529956,-1.038567636,26.05355072,,1.12189534,-0.6107973456,0.009642501854,7.612706661,3.567490101,10.49232059,0,false,true,daofind,,0,None,false,low_snr;not_star_like
2329,2413.269531,1680.655013,-455.8504681,452.0385256,-1.008432782,20.76165771,,0.7779133217,0.6473199725,0.625736373,9.571675301,3.676612377,145.7304687,0,false,false,daofind,,0,None,false,low_snr
2330,2423.085078,1650.220253,-455.8543237,456.3656342,-0.9988796034,26.2034874,,0.8526636228,0.1709063947,-0.07096827754,9.463179588,3.712595701,135.914922,0,false,false,daofind,,0,None,false,low_snr
2331,2092.90695,1913.621233,-456.3446293,429.3904354,-1.062773159,6.629266262,,0.531264128,0.4239798486,0.16596246,7.037400723,3.736324549,5.378767223,0,false,true,daofind,,0,None,false,low_snr;too_close_to_edge
2332,818.5576549,1913.936718,-457.4336095,418.1567601,-1.093928529,22.00208855,,0.9173757054,-0.1965227127,-0.4949972121,8.331245422,3.674859762,5.0632817,0,false,true,daofind,,0,None,false,low_snr;too_close_to_edge
2333,1873.375679,382.1146209,-459.6773767,470.632095,-0.9767233931,15.91744614,,0.8574308625,0.8800874352,-0.02188592517,9.413707733,3.827740669,382.1146209,0,false,false,daofind,,0,None,false,low_snr
2334,1929.950656,572.8467954,-460.9672084,459.2650683,-1.003706226,21.28485107,,1.104268076,0.1321772337,0.1959670617,9.715148926,3.735342026,572.8467954,0,false,false,daofind,,0,None,false,low_snr;not_star_like
2335,1726.218201,1085.424308,-463.0191812,478.6130905,-0.9674185481,14.41964245,,0.6922068534,0.3228611946,0.3988777655,9.580357552,3.896373272,832.7817987,0,false,false,daofind,,0,None,false,low_snr
2336,1180.449419,1543.318246,-463.5532113,451.5597234,-1.026560137,24.66315079,,1.054927841,0.3909176588,0.01396058236,9.669847488,3.670548439,375.6817539,0,false,false,daofind,,0,None,false,low_snr;not_star_like
2337,2332.231216,1826.73593,-463.7376195,441.0614478,-1.051412727,27.02578735,,0.8469067851,-0.3748098016,0.183800957,8.640881538,3.58771348,92.26406975,0,false,false,daofind,,0,None,false,low_snr
2338,2043.180666,1089.062637,-476.7665925,474.5785227,-1.004610554,17.00037003,,0.6550846417,0.2241761088,0.1857716534,9.332963943,3.860786915,515.8193336,0,false,false,daofind,,0,None,false,low_snr
2339,49.22578547,961.1222682,-476.904122,421.7843559,-1.130682339,13.72400475,,0.7838352313,0.3176520765,-0.4647896781,6.942661285,3.429809809,49.22578547,0,false,false,daofind,,0,None,false,low_snr
2340,1454.97084,1589.699571,-480.3560656,468.5391381,-1.025220791,14.48237419,,0.6412999188,0.02447816543,-0.306835769,10.18429184,3.810626507,329.3004285,0,false,false,daofind,,0,None,false,low_snr
2341,2200.76261,1367.969481,-480.7730933,455.3268478,-1.055885669,14.98405457,,0.8600547864,0.2813638151,0.9137309367,9.682611465,3.702394962,358.2373904,0,false,false,daofind,,0,None,false,low_snr
2342,2081.022234,440.3929203,-485.8841122,469.1230045,-1.035728599,18.8609581,,0.9559038923,-0.3633544147,0.07195165454,9.80962944,3.816196442,440.3929203,0,false,false,daofind,,0,None,false,low_snr
2343,2539.046558,622.7684093,-488.1128845,476.764594,-1.023802712,9.804066658,,0.5992263191,0.1825814694,0.2965650555,8.529267311,3.879337788,19.95344191,0,false,false,daofind,,0,None,false,low_snr
2344,243.4898727,83.4970523,-488.3471675,452.3525349,-1.079572081,14.21825981,,0.6345274632,-0.2424253672,-0.2099745809,8.448406219,3.679428339,83.4970523,0,false,false,daofind,,0,None,false,low_snr
2345,2200.066623,1913.340322,-491.4169718,408.495256,-1.202993094,24.50891876,,1.037953396,0.1431965083,-0.1859934789,7.493020058,3.525117874,5.659678225,0,false,true,daofind,,0,None,false,low_snr;too_close_to_edge;not_star_like
2346,1094.847577,810.1940016,-493.5735385,459.5127575,-1.07412369,24.07970047,,0.9762342365,-0.1610800475,0.07376978892,10.25363255,3.738949299,810.1940016,0,false,false,daofind,,0,None,false,low_snr
2347,1283.129407,816.0741478,-494.6629161,577.4321165,-0.8566598601,27.07020569,,1.090373589,0.449328661,0.08123103738,11.26312542,4.692354679,816.0741478,0,false,false,daofind,,0,None,false,low_snr;not_star_like
2348,1153.855143,1476.81408,-495.5848218,443.0149568,-1.11866386,20.3650322,,1.146735564,0.3931438029,-0.2863428933,9.63496685,3.603914976,442.1859202,0,false,false,daofind,,0,None,false,low_snr;not_star_like
2349,992.9365914,304.6678449,-496.6054116,461.2957734,-1.076544465,16.89665794,,0.7895656421,0.5585214496,-0.3222675776,9.770008087,3.753399134,304.6678449,0,false,false,daofind,,0,None,false,low_snr
2350,1389.918702,265.5744552,-497.1950537,463.8040515,-1.07199377,20.17258263,,0.803571727,0.1377190799,0.1351221875,10.16443729,3.771177053,265.5744552,0,false,false,daofind,,0,None,false,low_snr
2351,425.4023638,108.8608436,-497.338643,451.8913428,-1.100571301,15.88797188,,0.8552998488,0.9453494549,0.3264848835,8.113505363,3.674286842,108.8608436,0,false,false,daofind,,0,None,false,low_snr
2352,1151.95247,80.65812493,-499.4878322,468.4139107,-1.066338597,22.81077003,,1.005163555,-0.08556646854,0.02119943994,7.855895519,3.810548306,80.65812493,0,false,false,daofind,,0,None,false,low_snr;not_star_like
2353,1207.874195,1636.8788,-499.8269146,485.5413903,-1.029421846,12.61300278,,0.6387959535,-0.03255393356,-0.07594400039,9.720331192,3.951270103,282.1212,0,false,false,daofind,,0,None,false,low_snr
2354,2550.669141,1610.967023,-505.4451162,458.3424888,-1.102767316,3.442527771,,0.2208761356,-0.2414702624,-0.9824205853,8.889055252,3.740036964,8.330858545,0,false,true,daofind,,0,None,false,low_snr;too_close_to_edge
2355,588.3595993,1722.211376,-508.8362953,469.2882004,-1.084272511,11.45475864,,0.8667817124,-1.22486949,-0.2834926814,9.545241356,3.82072258,196.7886244,0,false,false,daofind,,0,None,false,low_snr;too_elongated
2356,1886.491253,1232.572815,-520.8505635,476.4375165,-1.093219038,17.76012802,,1.104728934,-0.09872477502,0.4922252018,9.575945854,3.876323938,672.5087467,0,false,false,daofind,,0,None,false,low_snr;not_star_like
2357,1697.766743,1409.038718,-525.8877602,495.3622424,-1.061622617,18.62169266,,0.9196181108,0.5066687465,0.05995242191,10.04497242,4.030408382,509.9612825,0,false,false,daofind,,0,None,false,low_snr
2358,10.60304449,650.7209603,-526.447385,388.5674059,-1.354841855,9.541910172,,0.8675494832,-0.2176161706,-0.1088204371,6.8222332,3.162243128,10.60304449,0,false,true,daofind,,0,None,false,low_snr
2359,2546.550911,1914.159619,-529.6168851,399.2599844,-1.326496283,16.50018883,,0.7254713633,0.118752867,0.205071158,7.163295746,3.534090042,4.840380762,0,false,true,daofind,,0,None,false,low_snr;too_close_to_edge
2360,2158.612835,1914.227176,-530.6798188,403.3582093,-1.315653944,4.400466442,,0.4701964602,-0.1515235454,-0.2848559755,7.599533558,3.577282667,4.772823961,0,false,true,daofind,,0,None,false,low_snr;too_close_to_edge
2361,1191.248496,1792.274948,-531.2423269,459.1247737,-1.157076153,9.916270256,,0.6909365448,-0.6645987034,0.2326741658,8.417063713,3.738076448,126.7250523,0,false,false,daofind,,0,None,false,low_snr
2362,48.29070411,387.0797116,-531.7738303,435.2585325,-1.22174246,12.94413185,,0.8809203403,0.2120785415,-0.1734446015,6.722533703,3.539773226,48.29070411,0,false,false,daofind,,0,None,false,low_snr
2363,1550.481621,984.3258838,-532.0795164,498.6354237,-1.067071233,24.2573967,,0.9671641499,0.307597518,0.04229869345,9.752753258,4.056549549,934.6741162,0,false,false,daofind,,0,None,false,low_snr
2364,2379.825355,4.069932341,-533.9566243,395.0074221,-1.351763522,6.747977257,,0.4836615301,-0.06984549016,-0.6740625227,8.251210213,3.593462944,4.069932341,0,false,true,daofind,,0,None,false,low_snr;too_close_to_edge
2365,1014.734145,1671.35258,-537.2047864,453.8713606,-1.183605825,10.51766491,,0.8327209678,-0.2024347782,-0.3332573628,9.482335091,3.69153738,247.6474203,0,false,false,daofind,,0,None,false,low_snr
2366,1985.579763,1233.654401,-546.1496768,493.9060082,-1.10577654,13.46123505,,0.5897662274,0.7531703115,0.2310971113,9.872098923,4.018802643,573.4202367,0,false,false,daofind,,0,None,false,low_snr
2367,253.1046629,693.4215444,-547.0033185,483.6036505,-1.131098407,27.31574249,,0.7614909489,0.1278635263,-0.1345231028,10.35359764,3.933555841,253.1046629,0,false,false,daofind,,0,None,false,low_snr
2368,2237.417364,1914.212372,-547.8066292,396.7138526,-1.380860854,4.595250607,,0.3404633574,0.1231236234,-0.1643725691,7.404749393,3.51817584,4.787628278,0,false,true,daofind,,0,None,false,low_snr;too_close_to_edge
2369,1900.728184,99.7005722,-547.883139,429.2718902,-1.27630798,13.62614059,,0.6176081302,-0.3532731235,-0.1587242828,8.373859406,3.491860628,99.7005722,0,false,false,daofind,,0,None,false,low_snr
2370,295.8758339,796.5737456,-549.0998261,506.8639034,-1.083327936,26.47192574,,0.9458442483,-0.5274580121,0.3948506217,10.85914707,4.126957893,295.8758339,0,false,false,daofind,,0,None,false,low_snr
2371,1013.076323,378.5525395,-551.1389314,473.3489283,-1.164339663,28.1553688,,0.9570890357,0.2312921137,-0.1003127422,10.18362236,3.852896929,378.5525395,0,false,false,daofind,,0,None,false,low_snr
2372,2214.631277,852.0031506,-553.7630384,554.7639014,-0.9981958758,26.91921234,,0.8395014505,-0.2266557813,-0.06610347747,10.08078671,4.511683464,344.3687231,0,false,false,daofind,,0,None,false,low_snr
2373,2450.70347,1917.827081,-555.2654968,344.7995334,-1.610400952,19.09899902,,1.013424519,-0.1050952449,0.1258078342,7.901045799,3.580039978,1.172918853,0,false,true,daofind,,0,None,false,low_snr;too_close_to_edge;not_star_like
2374,1711.051162,68.486608,-557.5507319,421.3581343,-1.323222899,14.07265663,,0.9709636545,0.7921581864,0.5319401443,7.260676861,3.426502228,68.486608,0,false,false,daofind,,0,None,false,low_snr
2375,894.2434306,1607.677126,-557.6030449,468.1682666,-1.19103127,24.35694504,,1.040259371,-0.1186590791,-0.06487428284,9.643054008,3.807632446,311.3228743,0,false,false,daofind,,0,None,false,low_snr;not_star_like
2376,491.1281953,43.15490602,-558.1132941,428.2827248,-1.303142204,9.787175179,,0.7770769872,0.3330059946,0.1796889422,7.546158791,3.485981703,43.15490602,0,false,false,daofind,,0,None,false,low_snr
2377,770.5364324,1048.861486,-559.0259512,461.1872557,-1.212145271,13.4093647,,0.929781825,1.043455482,0.4230418021,9.58224678,3.751259327,770.5364324,0,false,false,daofind,,0,None,false,low_snr;too_elongated
2378,24.8299953,1429.888665,-563.7802199,404.0779767,-1.395226299,9.87561512,,0.5726935067,-0.5364044905,-0.4559346067,5.800949574,3.286813259,24.8299953,0,false,false,daofind,,0,None,false,low_snr
2379,2000.864793,77.60170835,-566.085369,443.2659075,-1.27707852,11.6373024,,0.6421033967,0.3740555644,0.3537090585,8.052091599,3.607827425,77.60170835,0,false,false,daofind,,0,None,false,low_snr
2380,1933.415884,10.8324872,-567.8614967,421.9701467,-1.345738558,4.249184132,,0.4128575792,-0.2916992903,0.328604449,6.751135349,3.432723761,10.8324872,0,false,true,daofind,,0,None,false,low_snr
2381,787.3582337,1909.005194,-571.6683869,446.226715,-1.281116454,6.69630146,,0.7128537863,-1.039009929,-0.2293021139,8.301241875,3.629055023,9.994805714,0,false,true,daofind,,0,None,false,low_snr;too_elongated
2382,13.14288692,424.2372753,-577.3944878,423.3996973,-1.363710205,8.824611664,,0.9016513172,-0.5122346282,-0.411340887,6.175387859,3.443593502,13.14288692,0,false,true,daofind,,0,None,false,low_snr
2383,1717.093961,36.09135824,-582.9311468,416.5486593,-1.399431096,8.152864456,,0.8169029846,-0.04781351238,0.4426175707,6.834980011,3.388983011,36.09135824,0,false,false,daofind,,0,None,false,low_snr
2384,2530.937484,1560.051581,-584.12774,476.7153263,-1.225317727,16.81886292,,0.8610299313,-0.01084044669,0.1237536623,9.181137085,3.878617287,28.06251615,0,false,false,daofind,,0,None,false,low_snr
2385,851.0359488,634.5665174,-584.8317635,470.7866048,-1.242243848,17.02455521,,0.866846859,0.5125331879,0.284106129,9.975445747,3.829825163,634.5665174,0,false,false,daofind,,0,None,false,low_snr
2386,2553.283538,581.4551736,-586.7250482,443.3758685,-1.323312994,6.327019691,,0.5957424428,0.3530146778,0.2628963508,8.674116135,3.819441795,5.716461559,0,false,true,daofind,,0,None,false,low_snr;too_close_to_edge
2387,1274.019839,1359.291685,-587.3453256,457.5251619,-1.283744315,8.123613358,,0.4206776078,-0.02907495759,-0.5251474594,9.539060593,3.721586227,559.708315,0,false,false,daofind,,0,None,false,low_snr
2388,1595.80883,684.9156508,-590.9102331,514.5359175,-1.1484334,10.61909103,,0.7369101314,0.4401898086,-0.1870301798,9.714242935,4.188431263,684.9156508,0,false,false,daofind,,0,None,false,low_snr
2389,313.0421181,453.4043594,-591.1848075,483.0084848,-1.223963608,14.21176243,,0.6789207855,-0.6699609756,-0.2506075198,10.12157154,3.929762125,313.0421181,0,false,false,daofind,,0,None,false,low_snr
2390,32.49508245,1051.032177,-592.9088558,450.1844009,-1.317035541,4.132285118,,0.3929567711,-0.8009531498,-0.2347969291,6.201047897,3.663803816,32.49508245,0,false,false,daofind,,0,None,false,low_snr
2391,2063.161105,342.2614545,-593.7707861,498.7979435,-1.190403437,15.6661644,,1.09891313,0.1324312538,-0.008340766652,9.99916935,4.059683323,342.2614545,0,false,false,daofind,,0,None,false,low_snr;not_star_like
2392,718.3641875,106.102327,-596.2364991,797.8635413,-0.7472913202,26.01708984,,0.896177578,-0.1551387906,-0.1306029593,9.316241264,6.456281662,106.102327,0,false,false,daofind,,0,None,false,low_snr
2393,233.2499163,357.0288645,-597.9208912,486.349464,-1.229405881,30.30107498,,1.029277987,0.2019269168,-0.2408144007,10.365592,3.957233667,233.2499163,0,false,false,daofind,,0,None,false,low_snr;not_star_like
2394,2545.979472,482.5819094,-600.5145344,464.9019235,-1.291701548,11.1753006,,0.9443617587,0.02704258263,-0.3201592337,8.826174736,3.781905651,13.02052777,0,false,true,daofind,,0,None,false,low_snr
2395,2380.437795,1228.207083,-603.5243387,458.5543383,-1.316145739,10.79614639,,0.519632711,-0.4411279857,-0.3131080674,9.537187576,3.730825663,178.5622052,0,false,false,daofind,,0,None,false,low_snr
2396,372.4592808,530.5721383,-606.4328191,477.5607486,-1.269854821,27.65657043,,1.11720404,-0.2070970237,0.1157615184,10.01009655,3.884514093,372.4592808,0,false,false,daofind,,0,None,false,low_snr;not_star_like
2397,35.1283562,832.1378812,-607.0091967,402.8436525,-1.506810876,20.58058357,,0.7343241436,-0.3633687496,-0.2099315291,7.752750397,3.278215647,35.1283562,0,false,false,daofind,,0,None,false,low_snr
2398,1743.977078,1274.314435,-607.4577015,467.9245391,-1.298195864,16.42696571,,0.8869425758,-0.4053859115,-0.1134274155,9.239700317,3.805015802,644.6855653,0,false,false,daofind,,0,None,false,low_snr
2399,1476.95276,1122.776537,-608.2888716,470.6291174,-1.292501567,19.30600739,,1.115939575,-0.01135801245,-0.2538508146,9.360658646,3.828473568,796.2234629,0,false,false,daofind,,0,None,false,low_snr;not_star_like
2400,238.4348151,1390.210118,-608.4621123,491.1123131,-1.23894697,22.29981613,,0.9081114836,-0.3034672737,-0.08016194208,9.700182915,3.996875048,238.4348151,0,false,false,daofind,,0,None,false,low_snr
2401,346.4173883,54.33030526,-612.4979809,448.3994937,-1.365964925,13.22603416,,0.7443417181,-0.6755681038,0.08065974433,7.773965359,3.648758888,54.33030526,0,false,false,daofind,,0,None,false,low_snr
2402,611.9812033,25.29992362,-616.8936558,770.7584183,-0.8003722583,15.17952919,,0.6831042354,-0.102107197,-0.2387482284,8.153804779,6.265504837,25.29992362,0,false,false,daofind,,0,None,false,low_snr
2403,29.20573154,1643.137161,-622.5276919,400.4895858,-1.554416679,10.68909264,,0.4700915507,-0.2867924571,-0.3977944471,6.977573395,3.257310152,29.20573154,0,false,false,daofind,,0,None,false,low_snr
2404,491.9545303,126.2476237,-636.1733216,428.4463809,-1.48483766,20.88436508,,0.9515544279,0.1105729938,0.182271788,8.448969841,3.480957031,126.2476237,0,false,false,daofind,,0,None,false,low_snr
2405,706.1737912,83.12457383,-639.7409747,707.4339804,-0.9043119111,13.59414959,,0.6185072238,-0.5085830688,-0.1327929226,8.73918438,5.719426632,83.12457383,0,false,false,daofind,,0,None,false,low_snr
2406,1502.123095,917.4192539,-639.7996296,506.354134,-1.263541831,14.60493469,,0.8061535767,-0.4694715142,0.6202711636,10.39913464,4.1185956,917.4192539,0,false,false,daofind,,0,None,false,low_snr
2407,2293.034848,108.6537701,-640.4438489,440.0304417,-1.455453505,14.17014599,,0.5522423479,-0.2224789113,0.9402698499,9.171803474,3.580093861,108.6537701,0,false,false,daofind,,0,None,false,low_snr
2408,490.6778397,832.8193946,-646.5364584,447.2576593,-1.445557041,30.32992935,,0.9352940327,-0.04648914561,-0.2580518872,9.336738586,3.638142109,490.6778397,0,false,false,daofind,,0,None,false,low_snr
2409,48.81541367,1700.992662,-655.0181118,399.1394558,-1.641075825,12.81602287,,0.6594717961,-0.05044609681,0.09697167738,6.517311096,3.245215654,48.81541367,0,false,false,daofind,,0,None,false,low_snr
2410,1959.342041,1558.216134,-659.4858403,456.2708033,-1.445382513,11.65945244,,0.8267938741,-0.3508034348,-0.4824339984,9.337517738,3.712170124,360.7838663,0,false,false,daofind,,0,None,false,low_snr
2411,975.0435711,1914.410338,-663.8162959,422.0123132,-1.572978501,2.898695469,,0.3639067233,0.5628216863,0.1576932116,7.447747707,3.768100977,4.589662486,0,false,true,daofind,,0,None,false,low_snr;too_close_to_edge
2412,2053.451764,1893.322452,-664.5099021,464.8826176,-1.429414387,7.113701344,,0.4836864791,-0.144126609,0.4257408064,7.219631672,3.78203392,25.67754798,0,false,false,daofind,,0,None,false,low_snr
2413,6.590420322,963.8311758,-670.1307384,401.9892651,-1.667036403,18.62936974,,1.052833558,0.7367072701,0.07994503751,6.037296772,3.38410759,6.590420322,0,false,true,daofind,,0,None,false,low_snr;too_close_to_edge;not_star_like
2414,274.6562432,1610.140021,-672.1391274,468.3168389,-1.435223062,35.36026001,,1.06710758,-0.1263341755,-0.2469302928,9.973073959,3.807262421,274.6562432,0,false,false,daofind,,0,None,false,low_snr;not_star_like
2415,2555.108175,1507.491234,-682.055352,422.409097,-1.614679601,8.558307648,,0.5660221793,0.5904667377,0.05846613356,9.103253365,3.867222071,3.89182534,0,false,true,daofind,,0,None,false,low_snr;too_close_to_edge
2416,22.89048016,1196.947896,-685.265721,429.9996376,-1.593642555,20.75860023,,0.9601379551,0.07228210568,-0.002461958384,6.241399765,3.498399734,22.89048016,0,false,false,daofind,,0,None,false,low_snr
2417,1705.556069,1910.37168,-686.9903033,447.005037,-1.536873741,6.157919407,,0.7243235708,-0.3166193068,-1.099703286,7.502591133,3.639108419,8.628319944,0,false,true,daofind,,0,None,false,low_snr;too_close_to_edge;too_elongated
2418,898.3321854,1914.70026,-691.4565954,414.7717654,-1.667077302,4.01478672,,0.412524537,0.01512516011,0.214035842,8.320001602,3.740759611,4.299739833,0,false,true,daofind,,0,None,false,low_snr;too_close_to_edge
2419,755.9148832,19.2778609,-692.4825844,411.228937,-1.683934476,2.703626633,,0.4005254427,0.5248205662,-0.05618596314,6.621887684,3.34242177,19.2778609,0,false,false,daofind,,0,None,false,low_snr
2420,2185.146829,1691.629588,-699.0864546,476.5489805,-1.466977128,17.29747772,,0.9710486992,-0.2504003048,0.2081916643,9.69423008,3.876867771,227.3704121,0,false,false,daofind,,0,None,false,low_snr
2421,1313.509145,477.9288291,-703.6536406,460.5222601,-1.527947076,17.66639328,,0.8014756748,-0.3132126033,-0.6201151474,9.666939735,3.744857073,477.9288291,0,false,false,daofind,,0,None,false,low_snr
2422,33.73127262,1828.210489,-708.3949617,409.2847433,-1.730812041,13.44200706,,0.8860400395,-0.1685307026,0.2629815419,5.557992935,3.328733921,33.73127262,0,false,false,daofind,,0,None,false,low_snr
2423,1630.171712,341.3909223,-710.6159459,477.2427419,-1.48900315,23.67047501,,0.9309047527,-0.5208798647,-0.02460783507,10.00634193,3.881500959,341.3909223,0,false,false,daofind,,0,None,false,low_snr
2424,169.1771013,329.6907303,-712.6813806,475.8194902,-1.497797789,13.80318832,,0.8557281357,-0.5239365697,0.09371306448,9.529452324,3.871053696,169.1771013,0,false,false,daofind,,0,None,false,low_snr
2425,2054.014417,842.1554165,-716.0471344,656.7103654,-1.090354549,26.3621521,,1.127052581,0.4315573275,-0.2440251954,9.971179962,5.336845398,504.9855827,0,false,false,daofind,,0,None,false,low_snr;not_star_like
2426,2529.427129,448.7053446,-717.1641812,466.1093613,-1.538617845,8.113314629,,0.5432157266,-0.5229593515,-0.09609595649,8.560130119,3.791815281,29.57287063,0,false,false,daofind,,0,None,false,low_snr
2427,1202.860547,826.0685143,-730.3357628,676.8857247,-1.078964641,24.00262451,,0.9451800512,-0.1664349884,-0.1273858409,15.99737453,5.497245789,826.0685143,0,false,false,daofind,,0,None,false,low_snr
2428,1983.818759,1368.561202,-739.9942565,493.5642651,-1.499286534,19.64136124,,0.937100295,-0.7581999302,-0.1403002697,9.691972733,4.018712997,550.4387979,0,false,false,daofind,,0,None,false,low_snr
2429,676.012297,1908.13927,-741.4412399,435.8735692,-1.70104657,13.30330944,,0.8815909077,-0.2754148245,-0.1442786361,8.030024529,3.545485973,10.8607304,0,false,true,daofind,,0,None,false,low_snr
2430,1010.488107,24.8288887,-741.7659115,430.8013257,-1.721828293,18.55600929,,1.017874091,-0.2150536776,0.02921515264,6.777324677,3.502268553,24.8288887,0,false,false,daofind,,0,None,false,low_snr;not_star_like
2431,48.5657079,713.0089017,-757.0307154,403.6179848,-1.87561195,22.30959129,,1.02445651,0.05473317206,0.006522609196,8.023742676,3.283441305,48.5657079,0,false,false,daofind,,0,None,false,low_snr;not_star_like
2432,2552.155423,396.904209,-764.8805576,451.725442,-1.693242148,9.350609779,,0.6366346187,-0.1099855453,-0.1602113501,8.317738533,3.781772375,6.844577478,0,false,true,daofind,,0,None,false,low_snr;too_close_to_edge
2433,2365.753924,33.29484345,-765.2102673,441.7852721,-1.732086413,26.32487679,,0.9645319321,-0.3746612668,0.1723111607,8.341791153,3.594643354,33.29484345,0,false,false,daofind,,0,None,false,low_snr
2434,1313.115302,252.7206491,-769.6791842,467.3794487,-1.646797236,24.55255127,,1.072782762,-0.02248050459,-0.1724776404,9.780781746,3.802564144,252.7206491,0,false,false,daofind,,0,None,false,low_snr;not_star_like
2435,1285.105404,1199.207299,-770.7858087,482.6938425,-1.596842016,15.88820744,,0.8245602633,-1.072081804,-0.4904923846,9.445126534,3.927287102,719.7927005,0,false,false,daofind,,0,None,false,low_snr;too_elongated
2436,1439.27541,54.01754074,-771.6140497,417.7422669,-1.847105526,11.69297314,,0.8416553688,0.2163496912,0.1497327695,6.973692894,3.398910284,54.01754074,0,false,false,daofind,,0,None,false,low_snr
2437,59.45472959,1444.875025,-772.1654454,412.3227112,-1.87272111,6.878509998,,0.4821490292,-0.4816283882,0.07803310885,6.454823017,3.353711128,59.45472959,0,false,false,daofind,,0,None,false,low_snr
2438,1004.900643,1177.923704,-773.2025116,481.7797786,-1.604887847,10.08772755,,0.6068244241,-0.2751606107,-0.07961152758,9.912272453,3.91992569,741.0762962,0,false,false,daofind,,0,None,false,low_snr
2439,2053.722629,445.6153998,-773.6180707,471.0989649,-1.642156167,8.146449089,,0.5735133558,0.5695207715,-0.4794894244,9.851863861,3.831195354,445.6153998,0,false,false,daofind,,0,None,false,low_snr
2440,2144.88376,1889.513526,-774.3336953,444.5600878,-1.741797603,14.70623589,,0.7606047648,-0.2166527659,0.03804290867,7.627098083,3.615319252,29.48647377,0,false,false,daofind,,0,None,false,low_snr
2441,1394.941104,4.796955997,-789.1143067,352.8634178,-2.236316566,1.907823563,,0.4373553528,-0.8633155227,-0.8444232662,6.423895836,3.125513554,4.796955997,0,false,true,daofind,,0,None,false,low_snr;too_close_to_edge
2442,13.04604511,511.8258474,-801.2775269,416.2473124,-1.925003485,8.468038559,,0.8255507699,-0.6287330389,-0.1670206357,6.198628902,3.385938168,13.04604511,0,false,true,daofind,,0,None,false,low_snr
2443,68.13936446,856.9305362,-811.4081915,395.9466006,-2.049286925,9.763225555,,0.8279262015,0.5790031552,-0.3723421642,7.893597603,3.219333887,68.13936446,0,false,false,daofind,,0,None,false,low_snr
2444,4.995535265,1266.014873,-817.3580867,378.8385658,-2.157536641,15.84224892,,1.157331249,-0.3865325451,-0.537941299,6.157751083,3.335874796,4.995535265,0,false,true,daofind,,0,None,false,low_snr;too_close_to_edge;not_star_like
2445,2517.055095,817.6978148,-819.3189341,441.502527,-1.855751404,24.20758438,,0.9028227462,-0.3671697974,-0.392244342,8.459084511,3.591376066,41.944905,0,false,false,daofind,,0,None,false,low_snr
2446,1490.342292,1901.33349,-825.7479993,396.5596759,-2.082279288,7.960775375,,0.8284617925,0.09308329225,-0.1373456521,6.37928009,3.224205494,17.66650956,0,false,true,daofind,,0,None,false,low_snr
2447,210.5155151,1846.091371,-848.0459019,512.3939684,-1.655066129,21.56245804,,1.072019989,-0.1117226407,-0.109909505,9.441879272,4.172295094,72.90862872,0,false,false,daofind,,0,None,false,low_snr;not_star_like
2448,2245.93202,646.5917284,-848.4841107,445.4399283,-1.904822753,18.03129196,,0.9028023786,0.1998417675,0.1760047513,9.968707085,3.62061286,313.0679803,0,false,false,daofind,,0,None,false,low_snr
2449,1558.687556,1914.468316,-862.3186877,390.0145542,-2.210991048,5.458452702,,0.5991962544,0.6411458254,-0.1347604887,6.541547298,3.490099192,4.531683549,0,false,true,daofind,,0,None,false,low_snr;too_close_to_edge
2450,1978.189258,880.6326378,-886.0150989,517.3703556,-1.712535497,16.78864861,,1.063248989,0.2459150106,0.3760650502,9.878017426,4.208697319,580.8107425,0,false,false,daofind,,0,None,false,low_snr;not_star_like
2451,2520.967686,490.4629354,-890.829602,463.3524372,-1.922574547,10.06268597,,0.7728688224,0.02377611585,-0.4379812932,8.933366776,3.769919634,38.03231365,0,false,false,daofind,,0,None,false,low_snr
2452,992.9195467,1879.805698,-903.4782333,460.4220753,-1.962282614,7.237053394,,0.5803572151,0.5466888547,0.1055747246,7.42961359,3.746050358,39.19430245,0,false,false,daofind,,0,None,false,low_snr
2453,463.3015701,1443.548596,-911.7945306,485.9581974,-1.876281819,18.32925797,,0.9426133278,-0.1426994652,-0.6337781574,9.670742989,3.953454733,463.3015701,0,false,false,daofind,,0,None,false,low_snr
2454,1387.598829,1638.498062,-913.7850049,483.0466131,-1.891711856,13.37513638,,0.8227285762,-0.6295333505,-0.04618367793,9.968127251,3.931181431,280.5019377,0,false,false,daofind,,0,None,false,low_snr
2455,726.1763842,36.04066316,-987.7977227,466.9568668,-2.115393932,9.396694183,,0.6721382289,-0.2700955272,0.8648464393,7.60330534,3.789326906,36.04066316,0,false,false,daofind,,0,None,false,low_snr
2456,909.3713099,21.21233043,-1059.050751,428.0942474,-2.473872885,4.429020882,,0.3858813108,-0.1578101963,-0.2241600893,6.570979118,3.482799292,21.21233043,0,false,false,daofind,,0,None,false,low_snr
2457,1241.044088,1914.505432,-1101.599336,390.290089,-2.822514244,1.825348854,,0.6098378767,0.8395621181,0.05043238432,7.516476154,3.495740652,4.494568293,0,false,true,daofind,,0,None,false,low_snr;too_close_to_edge
2458,1178.434428,971.5255623,-1236.000375,672.0075327,-1.839265656,14.90839863,,0.7074311813,0.4066641927,0.4735172845,15.10117245,5.376848698,947.4744377,0,false,false,daofind,,0,None,false,low_snr
2459,1193.090427,15.02719308,-1266.355241,439.8028604,-2.87937018,10.5477972,,0.7959314066,-0.1585892141,-0.1620887198,6.785536766,3.579576969,15.02719308,0,false,true,daofind,,0,None,false,low_snr
2460,1169.707865,841.1733927,-1300.651727,630.0585267,-2.064334775,13.82891083,,0.7392575881,-0.5110084414,-0.07632367473,15.17108917,5.117860317,841.1733927,0,false,false,daofind,,0,None,false,low_snr
2461,1284.68401,1003.787962,-1928.36723,657.4397308,-2.933146781,10.85080528,,0.8536313711,0.2313663065,-0.4912931967,15.80502701,5.291900635,915.2120377,0,false,false,daofind,,0,None,false,low_snr
2462,1257.719182,1004.21933,-2559.155508,845.9573934,-3.025158865,17.65190315,,0.7089573658,0.1833050251,-0.07928284841,23.51657867,6.910844326,914.7806703,0,false,false,daofind,,0,None,false,low_snr
2463,1316.716275,911.4688228,-2585.974186,896.3177559,-2.885108734,22.84608269,,0.7666537993,0.3490691185,0.07382819779,24.59082222,7.276010513,911.4688228,0,false,false,daofind,,0,None,false,low_snr
2464,1166.472259,923.3667574,-4020.503054,892.5219641,-4.504654468,14.43653679,,1.104921644,-0.180903852,-0.4589935947,24.55814934,7.249534607,923.3667574,0,false,false,daofind,,0,None,false,low_snr;not_star_like
